,fname_green,label,area,eccentricity,perimeter,mean_intensity_green,fname_red,mean_intensity_red,intensity_ratio
0,Z0_C1_T00.tif,0_1,65,0.8701437435348356,42.24873734152916,13834.046153846153,Z0_C0_T00.tif,16115.476923076923,0.858432314468843
1,Z0_C1_T00.tif,0_2,15,0.7332355751067665,13.106601717798213,12030.066666666668,Z0_C0_T00.tif,19316.8,0.6227774096468705
2,Z0_C1_T00.tif,0_3,20,0.8490635172318528,12.278174593052023,13162.75,Z0_C0_T00.tif,16791.0,0.7839169793341672
3,Z0_C1_T00.tif,0_4,5,0.0,5.656854249492381,10592.2,Z0_C0_T00.tif,19944.6,0.531081094632131
4,Z0_C1_T00.tif,0_5,10,0.6164414002968978,9.071067811865476,11821.4,Z0_C0_T00.tif,19178.5,0.6163881429725995
5,Z0_C1_T00.tif,0_6,5,0.0,5.656854249492381,11736.8,Z0_C0_T00.tif,19726.0,0.5949913819324749
6,Z0_C1_T00.tif,0_7,10,0.6164414002968978,9.071067811865476,12621.1,Z0_C0_T00.tif,17182.3,0.7345407774279347
7,Z0_C1_T00.tif,0_8,8,0.816496580927726,5.656854249492381,13540.0,Z0_C0_T00.tif,16787.625,0.8065464888571194
8,Z0_C1_T00.tif,0_9,154,0.5275998707443355,76.70458146424488,14687.51948051948,Z0_C0_T00.tif,16311.214285714286,0.9004553078174644
9,Z0_C1_T00.tif,0_10,24,0.9048812389780565,17.899494936611664,10430.75,Z0_C0_T00.tif,15908.875,0.6556560410462713
10,Z0_C1_T01.tif,1_1,12,0.7675786521898157,10.485281374238571,12368.666666666666,Z0_C0_T01.tif,14109.416666666666,0.8766249490588437
11,Z0_C1_T01.tif,1_2,8,0.5773502691896258,7.65685424949238,12969.125,Z0_C0_T01.tif,16233.75,0.7988988988988989
12,Z0_C1_T01.tif,1_3,9,0.8451542547285166,8.485281374238571,13173.555555555555,Z0_C0_T01.tif,17650.222222222223,0.7463676881625664
13,Z0_C1_T01.tif,1_4,5,0.0,5.656854249492381,13064.4,Z0_C0_T01.tif,16004.8,0.8162801159652104
14,Z0_C1_T01.tif,1_5,59,0.917733601288765,42.07716446627535,15843.305084745763,Z0_C0_T01.tif,16120.42372881356,0.9828094689860741
15,Z0_C1_T01.tif,1_6,26,0.6436982692176546,15.31370849898476,16312.26923076923,Z0_C0_T01.tif,17332.615384615383,0.9411314373968154
16,Z0_C1_T02.tif,2_1,19,0.848964545302381,15.106601717798213,15100.0,Z0_C0_T02.tif,17465.736842105263,0.864549840439477
17,Z0_C1_T02.tif,2_2,22,0.5949125998891781,15.899494936611665,16615.0,Z0_C0_T02.tif,15908.136363636364,1.0444340946171056
18,Z0_C1_T02.tif,2_3,9,0.8451542547285166,8.485281374238571,13032.111111111111,Z0_C0_T02.tif,19284.333333333332,0.675787484371309
19,Z0_C1_T02.tif,2_4,87,0.7464300550992801,55.35533905932738,15996.551724137931,Z0_C0_T02.tif,16813.03448275862,0.9514375135875697
20,Z0_C1_T02.tif,2_5,5,0.0,5.656854249492381,10986.4,Z0_C0_T02.tif,15932.2,0.6895720616110769
21,Z0_C1_T03.tif,3_1,30,0.6196527628686435,19.10660171779821,15522.9,Z0_C0_T03.tif,16910.7,0.9179336159946069
22,Z0_C1_T03.tif,3_2,21,0.8211382979545698,15.106601717798215,13571.714285714286,Z0_C0_T03.tif,17247.904761904763,0.7868616201829898
23,Z0_C1_T03.tif,3_3,59,0.8238774158226982,40.21320343559643,15057.915254237289,Z0_C0_T03.tif,16343.271186440677,0.9213525910730898
24,Z0_C1_T03.tif,3_4,8,0.816496580927726,5.656854249492381,14465.25,Z0_C0_T03.tif,18054.875,0.8011825061098456
25,Z0_C1_T03.tif,3_5,8,0.5773502691896258,7.65685424949238,14974.875,Z0_C0_T03.tif,16063.125,0.9322516633594023
26,Z0_C1_T04.tif,4_1,46,0.8823651196432797,26.556349186104047,14585.58695652174,Z0_C0_T04.tif,15638.239130434782,0.9326872952169919
27,Z0_C1_T04.tif,4_2,5,0.0,5.656854249492381,14514.4,Z0_C0_T04.tif,17136.4,0.8469923671249503
28,Z0_C1_T04.tif,4_3,35,0.9328910611963874,22.763455967290593,15264.371428571429,Z0_C0_T04.tif,17545.77142857143,0.8699743690787524
29,Z0_C1_T04.tif,4_4,5,0.0,5.656854249492381,15994.0,Z0_C0_T04.tif,16186.0,0.9881378969479797
30,Z0_C1_T04.tif,4_5,32,0.852852027964621,22.727922061357855,14149.34375,Z0_C0_T04.tif,16826.28125,0.8409073603236009
31,Z0_C1_T05.tif,5_1,45,0.35063379873676,25.556349186104043,13580.555555555555,Z0_C0_T05.tif,15696.08888888889,0.8652190779302416
32,Z0_C1_T05.tif,5_2,28,0.6201736729460422,16.48528137423857,13627.785714285714,Z0_C0_T05.tif,15412.392857142857,0.8842095994179081
33,Z0_C1_T05.tif,5_3,13,0.6775527056841087,9.071067811865476,13119.461538461539,Z0_C0_T05.tif,17909.153846153848,0.732556191719748
34,Z0_C1_T05.tif,5_4,10,0.9214426752509268,10.899494936611667,12891.0,Z0_C0_T05.tif,18392.2,0.7008949445960787
35,Z0_C1_T05.tif,5_5,78,0.742171603703887,39.21320343559643,15684.51282051282,Z0_C0_T05.tif,18091.30769230769,0.8669640187028478
36,Z0_C1_T05.tif,5_6,11,0.8193342786072867,9.071067811865476,12596.454545454546,Z0_C0_T05.tif,17718.81818181818,0.7109082793332205
37,Z0_C1_T05.tif,5_7,5,0.0,5.656854249492381,11229.0,Z0_C0_T05.tif,16141.4,0.6956645644120089
38,Z0_C1_T05.tif,5_8,11,0.8193342786072867,9.071067811865476,10654.727272727272,Z0_C0_T05.tif,15071.272727272728,0.7069560391835158
39,Z0_C1_T06.tif,6_1,80,0.9035700456263951,41.21320343559643,12895.8125,Z0_C0_T06.tif,15801.1375,0.8161319082249616
40,Z0_C1_T06.tif,6_2,27,0.6822844141504472,20.14213562373095,13640.62962962963,Z0_C0_T06.tif,18240.37037037037,0.7478263518040976
41,Z0_C1_T06.tif,6_3,5,0.0,5.656854249492381,13208.8,Z0_C0_T06.tif,16993.6,0.7772808586762076
42,Z0_C1_T06.tif,6_4,20,0.545544725589981,9.071067811865476,13072.75,Z0_C0_T06.tif,16554.6,0.7896747731748276
43,Z0_C1_T06.tif,6_5,9,0.8451542547285166,8.485281374238571,13964.0,Z0_C0_T06.tif,15422.666666666666,0.9054205930664823
44,Z0_C1_T06.tif,6_6,118,0.45295002828920905,63.148232278140824,14695.864406779661,Z0_C0_T06.tif,17378.872881355932,0.8456166580598788
45,Z0_C1_T06.tif,6_7,28,0.610622005494639,20.14213562373095,11109.142857142857,Z0_C0_T06.tif,16476.678571428572,0.674234361554318
46,Z0_C1_T06.tif,6_8,5,0.0,5.656854249492381,11437.0,Z0_C0_T06.tif,13496.6,0.8473986040928826
47,Z0_C1_T07.tif,7_1,68,0.8236212881318676,36.97056274847714,13260.20588235294,Z0_C0_T07.tif,15363.779411764706,0.8630822876953721
48,Z0_C1_T07.tif,7_2,15,0.733908441967418,7.0710678118654755,16129.2,Z0_C0_T07.tif,15086.0,1.0691502054885325
49,Z0_C1_T07.tif,7_3,5,0.0,5.656854249492381,12055.0,Z0_C0_T07.tif,15994.4,0.7537012954534087
50,Z0_C1_T07.tif,7_4,87,0.6923758353613252,50.526911934581186,16193.71264367816,Z0_C0_T07.tif,16490.287356321838,0.982015188320537
51,Z0_C1_T08.tif,8_1,58,0.8785026940058842,32.97056274847714,14680.793103448275,Z0_C0_T08.tif,14757.379310344828,0.9948103111476666
52,Z0_C1_T08.tif,8_2,18,0.8390292127784797,18.349242404917497,16482.722222222223,Z0_C0_T08.tif,17238.944444444445,0.9561329161040409
53,Z0_C1_T08.tif,8_3,73,0.7584677847909075,36.87005768508881,18345.219178082192,Z0_C0_T08.tif,16122.630136986301,1.137855239635941
54,Z0_C1_T09.tif,9_1,62,0.8691856752009329,38.66295090390226,12907.677419354839,Z0_C0_T09.tif,15439.435483870968,0.8360200366677287
55,Z0_C1_T09.tif,9_2,5,0.0,5.656854249492381,13914.0,Z0_C0_T09.tif,15698.4,0.8863323650817918
56,Z0_C1_T09.tif,9_3,10,0.6164414002968978,9.071067811865476,13958.9,Z0_C0_T09.tif,18260.8,0.7644188644528169
57,Z0_C1_T09.tif,9_4,29,0.6108520255131674,17.31370849898476,13860.344827586207,Z0_C0_T09.tif,15950.310344827587,0.8689702286627219
58,Z0_C1_T09.tif,9_5,13,0.7060180864974626,8.485281374238571,14138.076923076924,Z0_C0_T09.tif,17000.0,0.8316515837104073
59,Z0_C1_T09.tif,9_6,5,0.0,5.656854249492381,13587.2,Z0_C0_T09.tif,16753.6,0.8110018145353836
60,Z0_C1_T09.tif,9_7,72,0.6438448539726401,39.45584412271571,16906.26388888889,Z0_C0_T09.tif,16705.069444444445,1.012043915478086
61,Z0_C1_T09.tif,9_8,5,0.0,5.656854249492381,10844.6,Z0_C0_T09.tif,14648.2,0.7403366966589752
62,Z0_C1_T10.tif,10_1,5,0.0,5.656854249492381,11316.8,Z0_C0_T10.tif,16306.2,0.6940182261961707
63,Z0_C1_T10.tif,10_2,5,0.0,5.656854249492381,12074.6,Z0_C0_T10.tif,14397.0,0.838688615683823
64,Z0_C1_T10.tif,10_3,5,0.0,5.656854249492381,14376.6,Z0_C0_T10.tif,14572.2,0.9865771812080537
65,Z0_C1_T10.tif,10_4,8,0.816496580927726,5.656854249492381,14578.125,Z0_C0_T10.tif,16305.25,0.8940755278207939
66,Z0_C1_T10.tif,10_5,29,0.5127503664452799,18.520815280171306,13021.0,Z0_C0_T10.tif,16133.931034482759,0.8070568773456669
67,Z0_C1_T10.tif,10_6,5,0.0,5.656854249492381,12997.6,Z0_C0_T10.tif,18431.2,0.7051955380007813
68,Z0_C1_T10.tif,10_7,21,0.7429881364958282,14.485281374238571,14121.142857142857,Z0_C0_T10.tif,17859.761904761905,0.7906680353548147
69,Z0_C1_T10.tif,10_8,101,0.7157921542265095,57.14823227814083,16242.613861386139,Z0_C0_T10.tif,16997.188118811882,0.9556059359847522
70,Z1_C1_T00.tif,11_1,57,0.924276836139388,37.248737341529164,11708.666666666666,Z1_C0_T00.tif,15371.456140350878,0.7617148668128325
71,Z1_C1_T00.tif,11_2,54,0.9139805756974154,37.66295090390226,14027.851851851852,Z1_C0_T00.tif,16637.166666666668,0.8431635105247398
72,Z1_C1_T00.tif,11_3,31,0.8954960559251561,24.14213562373095,10661.322580645161,Z1_C0_T00.tif,18121.90322580645,0.5883114178351273
73,Z1_C1_T00.tif,11_4,12,0.7691618834248797,11.69238815542512,12607.25,Z1_C0_T00.tif,16732.833333333332,0.7534438280028288
74,Z1_C1_T00.tif,11_5,32,0.731108318670325,21.556349186104043,12842.53125,Z1_C0_T00.tif,17062.40625,0.7526799597799988
75,Z1_C1_T00.tif,11_6,5,0.0,5.656854249492381,9641.0,Z1_C0_T00.tif,18131.8,0.5317177555455057
76,Z1_C1_T00.tif,11_7,5,0.0,5.656854249492381,9105.6,Z1_C0_T00.tif,16698.8,0.5452846911155294
77,Z1_C1_T01.tif,12_1,69,0.8517805584397354,46.2842712474619,11199.826086956522,Z1_C0_T01.tif,15159.072463768116,0.7388200111666042
78,Z1_C1_T01.tif,12_2,68,0.7983415540278532,53.73401871576773,11406.338235294117,Z1_C0_T01.tif,17182.323529411766,0.6638414307453453
79,Z1_C1_T01.tif,12_3,32,0.5733444214709122,19.556349186104043,11992.15625,Z1_C0_T01.tif,17336.9375,0.6917113388682401
80,Z1_C1_T01.tif,12_4,5,0.0,5.656854249492381,11382.8,Z1_C0_T01.tif,19808.4,0.574645100058561
81,Z1_C1_T01.tif,12_5,5,0.0,5.656854249492381,8898.2,Z1_C0_T01.tif,17005.4,0.5232573182636103
82,Z1_C1_T01.tif,12_6,37,0.530251215823274,25.72792206135786,11383.486486486487,Z1_C0_T01.tif,17848.243243243243,0.6377931055369217
83,Z1_C1_T01.tif,12_7,16,0.8351815869622181,12.31370849898476,10058.4375,Z1_C0_T01.tif,17048.125,0.5900025662646186
84,Z1_C1_T01.tif,12_8,20,0.9522474402520388,12.485281374238571,11886.3,Z1_C0_T01.tif,17258.0,0.6887414532390775
85,Z1_C1_T01.tif,12_9,35,0.8651060510521522,24.763455967290593,12669.8,Z1_C0_T01.tif,17140.22857142857,0.7391850083679496
86,Z1_C1_T01.tif,12_10,13,0.7296608671767802,11.071067811865474,10926.692307692309,Z1_C0_T01.tif,17827.69230769231,0.6129055919917156
87,Z1_C1_T01.tif,12_11,17,0.7941179133824275,9.071067811865476,10769.823529411764,Z1_C0_T01.tif,16268.29411764706,0.662013082104852
88,Z1_C1_T01.tif,12_12,12,0.7675786521898157,10.485281374238571,11055.0,Z1_C0_T01.tif,16228.833333333334,0.6811949924517063
89,Z1_C1_T01.tif,12_13,5,0.0,5.656854249492381,9012.8,Z1_C0_T01.tif,15281.8,0.5897734560064913
90,Z1_C1_T01.tif,12_14,5,0.0,5.656854249492381,8843.8,Z1_C0_T01.tif,13096.2,0.6752951237763625
91,Z1_C1_T02.tif,13_1,178,0.5363256845294779,97.74011537017762,11733.292134831461,Z1_C0_T02.tif,16100.668539325843,0.728745648429003
92,Z1_C1_T02.tif,13_2,5,0.0,5.656854249492381,9894.4,Z1_C0_T02.tif,18191.0,0.543917321752515
93,Z1_C1_T02.tif,13_3,5,0.0,5.656854249492381,9308.4,Z1_C0_T02.tif,17411.4,0.5346152520762258
94,Z1_C1_T02.tif,13_4,19,0.5171690899803696,11.69238815542512,11980.263157894737,Z1_C0_T02.tif,17334.526315789473,0.6911214612759445
95,Z1_C1_T02.tif,13_5,24,0.8299663161969318,19.31370849898476,10048.458333333334,Z1_C0_T02.tif,18587.0,0.5406175463137318
96,Z1_C1_T02.tif,13_6,5,0.0,5.656854249492381,10254.4,Z1_C0_T02.tif,16469.2,0.6226410511743132
97,Z1_C1_T02.tif,13_7,5,0.0,5.656854249492381,10494.0,Z1_C0_T02.tif,17318.2,0.6059521197353074
98,Z1_C1_T02.tif,13_8,27,0.5230489909306585,18.727922061357855,10380.851851851852,Z1_C0_T02.tif,18134.40740740741,0.5724395409585625
99,Z1_C1_T02.tif,13_9,52,0.9108420827168621,39.07716446627535,12383.48076923077,Z1_C0_T02.tif,16992.71153846154,0.7287524855113221
100,Z1_C1_T02.tif,13_10,8,0.5773502691896258,7.65685424949238,12795.0,Z1_C0_T02.tif,17570.25,0.7282195757032484
101,Z1_C1_T02.tif,13_11,34,0.7585705256308286,26.97056274847714,11222.764705882353,Z1_C0_T02.tif,16499.58823529412,0.680184532234316
102,Z1_C1_T02.tif,13_12,14,0.7935008092798781,13.727922061357855,9424.785714285714,Z1_C0_T02.tif,13203.357142857143,0.7138173732870968
103,Z1_C1_T02.tif,13_13,27,0.8050389471299463,20.14213562373095,8315.592592592593,Z1_C0_T02.tif,15175.37037037037,0.5479663685064737
104,Z1_C1_T03.tif,14_1,69,0.6736761800862014,45.49137802864844,12415.985507246376,Z1_C0_T03.tif,15499.014492753624,0.8010822567493772
105,Z1_C1_T03.tif,14_2,8,0.5773502691896258,7.65685424949238,11438.875,Z1_C0_T03.tif,18732.75,0.6106351176415635
106,Z1_C1_T03.tif,14_3,5,0.0,5.656854249492381,10769.0,Z1_C0_T03.tif,19259.2,0.5591613358810334
107,Z1_C1_T03.tif,14_4,8,0.5773502691896258,7.65685424949238,10728.125,Z1_C0_T03.tif,17503.25,0.6129218859354691
108,Z1_C1_T03.tif,14_5,8,0.5773502691896258,7.65685424949238,10394.125,Z1_C0_T03.tif,18232.5,0.5700877553818731
109,Z1_C1_T03.tif,14_6,5,0.0,5.656854249492381,9472.2,Z1_C0_T03.tif,17495.0,0.5414232637896542
110,Z1_C1_T03.tif,14_7,60,0.8449806025485711,41.66295090390226,13958.766666666666,Z1_C0_T03.tif,17307.3,0.8065247997473128
111,Z1_C1_T04.tif,15_1,78,0.8618352003564268,49.52691193458119,10969.948717948719,Z1_C0_T04.tif,15680.25641025641,0.6996026360113159
112,Z1_C1_T04.tif,15_2,28,0.8378193864598772,19.727922061357855,11101.32142857143,Z1_C0_T04.tif,16116.107142857143,0.6888339305619268
113,Z1_C1_T04.tif,15_3,26,0.8517664992598484,18.72792206135785,10469.423076923076,Z1_C0_T04.tif,19146.115384615383,0.5468170888250077
114,Z1_C1_T04.tif,15_4,35,0.6853917057860865,22.97056274847714,9949.8,Z1_C0_T04.tif,17763.85714285714,0.5601148399237618
115,Z1_C1_T04.tif,15_5,11,0.8193342786072867,9.071067811865476,13391.272727272728,Z1_C0_T04.tif,17401.18181818182,0.769561106089973
116,Z1_C1_T04.tif,15_6,17,0.7447819205724293,11.071067811865474,12193.29411764706,Z1_C0_T04.tif,18296.235294117647,0.6664373255828908
117,Z1_C1_T04.tif,15_7,5,0.0,5.656854249492381,8994.2,Z1_C0_T04.tif,17773.4,0.5060483644097359
118,Z1_C1_T04.tif,15_8,26,0.7589121079974053,22.556349186104047,10909.923076923076,Z1_C0_T04.tif,19335.846153846152,0.5642330307201451
119,Z1_C1_T04.tif,15_9,34,0.7081278006063139,24.14213562373095,11254.382352941177,Z1_C0_T04.tif,18408.235294117647,0.6113775803668435
120,Z1_C1_T04.tif,15_10,15,0.9071790343979208,10.485281374238571,9554.933333333332,Z1_C0_T04.tif,18344.0,0.5208751271987206
121,Z1_C1_T04.tif,15_11,102,0.8716337041450896,59.80508652763321,12306.088235294117,Z1_C0_T04.tif,18032.882352941175,0.6824249165739711
122,Z1_C1_T04.tif,15_12,42,0.92948391682457,29.79898987322333,10728.833333333334,Z1_C0_T04.tif,16235.880952380952,0.6608100518105842
123,Z1_C1_T04.tif,15_13,5,0.0,5.656854249492381,8347.6,Z1_C0_T04.tif,14908.2,0.5599334594384299
124,Z1_C1_T04.tif,15_14,21,0.4179654436725207,14.48528137423857,9022.142857142857,Z1_C0_T04.tif,14730.238095238095,0.6124913120080172
125,Z1_C1_T05.tif,16_1,133,0.838548281179145,79.08326112068522,11719.503759398496,Z1_C0_T05.tif,16549.796992481202,0.7081358015885528
126,Z1_C1_T05.tif,16_2,42,0.523365233061293,28.384776310850235,13012.666666666666,Z1_C0_T05.tif,17565.785714285714,0.740796163537613
127,Z1_C1_T05.tif,16_3,13,0.8245255220978613,11.69238815542512,11843.615384615385,Z1_C0_T05.tif,17875.615384615383,0.6625570717307204
128,Z1_C1_T05.tif,16_4,5,0.0,5.656854249492381,9189.8,Z1_C0_T05.tif,18129.0,0.5069115781344806
129,Z1_C1_T05.tif,16_5,5,0.0,5.656854249492381,10133.4,Z1_C0_T05.tif,18958.6,0.5345014927262561
130,Z1_C1_T05.tif,16_6,5,0.0,5.656854249492381,10600.0,Z1_C0_T05.tif,19304.4,0.5490976150514908
131,Z1_C1_T05.tif,16_7,5,0.0,5.656854249492381,10522.8,Z1_C0_T05.tif,17986.0,0.5850550428110752
132,Z1_C1_T05.tif,16_8,32,0.8568168795881944,26.763455967290593,11574.65625,Z1_C0_T05.tif,17357.84375,0.6668256965960994
133,Z1_C1_T05.tif,16_9,5,0.0,5.656854249492381,10640.0,Z1_C0_T05.tif,19121.0,0.5564562522880603
134,Z1_C1_T05.tif,16_10,8,0.816496580927726,5.656854249492381,11322.0,Z1_C0_T05.tif,16113.0,0.702662446471793
135,Z1_C1_T05.tif,16_11,85,0.8400857495660945,46.526911934581186,12718.4,Z1_C0_T05.tif,17242.741176470587,0.7376089375716841
136,Z1_C1_T05.tif,16_12,8,0.5773502691896258,7.65685424949238,10004.875,Z1_C0_T05.tif,17504.625,0.5715560887479737
137,Z1_C1_T05.tif,16_13,48,0.4952458038080774,25.79898987322333,10961.166666666666,Z1_C0_T05.tif,15826.958333333334,0.6925630582839932
138,Z1_C1_T05.tif,16_14,5,0.0,5.656854249492381,8834.6,Z1_C0_T05.tif,16085.4,0.5492309796461388
139,Z1_C1_T05.tif,16_15,18,0.6501387639351572,16.14213562373095,10335.833333333334,Z1_C0_T05.tif,14596.277777777777,0.7081143213833055
140,Z1_C1_T06.tif,17_1,86,0.8804888059949624,46.07716446627535,12682.67441860465,Z1_C0_T06.tif,15556.348837209302,0.8152732078281058
141,Z1_C1_T06.tif,17_2,79,0.8298141531400863,49.698484809834994,12735.32911392405,Z1_C0_T06.tif,17172.569620253165,0.7416088212508467
142,Z1_C1_T06.tif,17_3,8,0.5773502691896258,7.65685424949238,12380.75,Z1_C0_T06.tif,17505.0,0.7072693516138246
143,Z1_C1_T06.tif,17_4,37,0.8661587765513699,24.97056274847714,12417.081081081082,Z1_C0_T06.tif,17320.891891891893,0.7168846245668018
144,Z1_C1_T06.tif,17_5,40,0.872520412667385,29.556349186104043,11844.425,Z1_C0_T06.tif,18538.45,0.638911289778811
145,Z1_C1_T06.tif,17_6,5,0.0,5.656854249492381,12446.0,Z1_C0_T06.tif,16124.2,0.7718832562235646
146,Z1_C1_T06.tif,17_7,5,0.0,5.656854249492381,12088.0,Z1_C0_T06.tif,18598.8,0.6499344043701745
147,Z1_C1_T07.tif,18_1,90,0.853260052467805,51.66295090390226,12191.077777777778,Z1_C0_T07.tif,15545.8,0.7842039507634074
148,Z1_C1_T07.tif,18_2,22,0.6240766606197393,16.727922061357855,9607.136363636364,Z1_C0_T07.tif,17742.409090909092,0.541478686147469
149,Z1_C1_T07.tif,18_3,5,0.0,5.656854249492381,13587.0,Z1_C0_T07.tif,16246.4,0.8363083513886154
150,Z1_C1_T07.tif,18_4,5,0.0,5.656854249492381,12823.4,Z1_C0_T07.tif,17383.2,0.7376892631966496
151,Z1_C1_T07.tif,18_5,14,0.8506877704240235,11.071067811865476,9945.92857142857,Z1_C0_T07.tif,17353.714285714286,0.5731296717046989
152,Z1_C1_T07.tif,18_6,8,0.5773502691896258,7.65685424949238,10488.875,Z1_C0_T07.tif,17842.875,0.5878466895049145
153,Z1_C1_T07.tif,18_7,5,0.0,5.656854249492381,9350.4,Z1_C0_T07.tif,18411.4,0.5078592611099644
154,Z1_C1_T07.tif,18_8,60,0.778777061894266,36.14213562373095,12299.716666666667,Z1_C0_T07.tif,17119.833333333332,0.7184483883215375
155,Z1_C1_T07.tif,18_9,11,0.8193342786072867,9.071067811865476,8966.727272727272,Z1_C0_T07.tif,17324.363636363636,0.5175790269090298
156,Z1_C1_T07.tif,18_10,79,0.8593005859513311,55.941125496954285,12090.594936708861,Z1_C0_T07.tif,17312.962025316454,0.6983550774863936
157,Z1_C1_T07.tif,18_11,5,0.0,5.656854249492381,9224.6,Z1_C0_T07.tif,13676.6,0.6744804995393592
158,Z1_C1_T07.tif,18_12,17,0.6381214601630447,9.071067811865476,9738.823529411764,Z1_C0_T07.tif,13999.176470588236,0.6956711739346011
159,Z1_C1_T08.tif,19_1,189,0.7316050637576611,101.81118318204308,12341.20634920635,Z1_C0_T08.tif,16269.190476190477,0.7585630254478472
160,Z1_C1_T08.tif,19_2,14,0.9486832980505138,5.656854249492381,9175.857142857143,Z1_C0_T08.tif,17466.571428571428,0.5253381970457854
161,Z1_C1_T08.tif,19_3,5,0.0,5.656854249492381,10748.2,Z1_C0_T08.tif,16902.8,0.6358828123151195
162,Z1_C1_T08.tif,19_4,5,0.0,5.656854249492381,10665.6,Z1_C0_T08.tif,18681.4,0.5709208089329493
163,Z1_C1_T08.tif,19_5,18,0.8880916278889311,15.48528137423857,10387.0,Z1_C0_T08.tif,17337.11111111111,0.5991194226899266
164,Z1_C1_T08.tif,19_6,76,0.8190719677929416,51.52691193458119,11465.763157894737,Z1_C0_T08.tif,17383.0,0.659596338830739
165,Z1_C1_T08.tif,19_7,5,0.0,5.656854249492381,11471.0,Z1_C0_T08.tif,17005.0,0.674566304028227
166,Z1_C1_T09.tif,20_1,87,0.894070278738113,53.526911934581186,12618.862068965518,Z1_C0_T09.tif,15420.954022988506,0.8182932164997172
167,Z1_C1_T09.tif,20_2,72,0.8502963571665731,41.83452377915606,13323.375,Z1_C0_T09.tif,16781.416666666668,0.7939362489261435
168,Z1_C1_T09.tif,20_3,22,0.6465720187834543,13.899494936611667,12142.454545454546,Z1_C0_T09.tif,16839.045454545456,0.7210892433440678
169,Z1_C1_T09.tif,20_4,8,0.816496580927726,5.656854249492381,12801.0,Z1_C0_T09.tif,16609.625,0.7706977129224771
170,Z1_C1_T09.tif,20_5,8,0.5773502691896258,7.65685424949238,11886.875,Z1_C0_T09.tif,17862.5,0.6654653603918824
171,Z1_C1_T10.tif,21_1,203,0.7437604147496228,106.05382386916239,12173.615763546799,Z1_C0_T10.tif,16089.970443349754,0.7565965274086848
172,Z1_C1_T10.tif,21_2,26,0.7777632202582685,19.9350288425444,11862.26923076923,Z1_C0_T10.tif,17269.346153846152,0.6868974149393211
173,Z1_C1_T10.tif,21_3,5,0.0,5.656854249492381,10781.4,Z1_C0_T10.tif,16059.0,0.6713618531664487
174,Z1_C1_T10.tif,21_4,5,0.0,5.656854249492381,9580.4,Z1_C0_T10.tif,19248.4,0.49772448619105997
175,Z1_C1_T10.tif,21_5,14,0.829925002758732,11.899494936611665,9990.857142857143,Z1_C0_T10.tif,18056.928571428572,0.5532977052734012
176,Z1_C1_T10.tif,21_6,5,0.0,5.656854249492381,10384.8,Z1_C0_T10.tif,16975.8,0.611741420139257
177,Z1_C1_T10.tif,21_7,5,0.0,5.656854249492381,11659.2,Z1_C0_T10.tif,16770.0,0.6952415026833632
178,Z1_C1_T10.tif,21_8,5,0.0,5.656854249492381,11054.6,Z1_C0_T10.tif,18388.0,0.6011855557972591
179,Z1_C1_T10.tif,21_9,20,0.75546253226707,15.899494936611664,10966.05,Z1_C0_T10.tif,17344.8,0.6322384806973848
180,Z1_C1_T10.tif,21_10,45,0.7112506976051213,29.834523779156072,13513.466666666667,Z1_C0_T10.tif,16746.022222222222,0.8069657669947491
181,Z1_C1_T10.tif,21_11,34,0.5969158318921808,21.31370849898476,11531.558823529413,Z1_C0_T10.tif,17125.58823529412,0.6733525683961049
182,Z1_C1_T10.tif,21_12,5,0.0,5.656854249492381,9075.0,Z1_C0_T10.tif,16925.0,0.5361890694239291
183,Z1_C1_T10.tif,21_13,19,0.6752787242967058,14.727922061357857,9401.526315789473,Z1_C0_T10.tif,14907.157894736842,0.6306719484811253
184,Z2_C1_T00.tif,22_1,71,0.6550087703196882,51.2842712474619,13049.647887323943,Z2_C0_T00.tif,16674.6338028169,0.7826047661160285
185,Z2_C1_T00.tif,22_2,5,0.0,5.656854249492381,8588.8,Z2_C0_T00.tif,19389.0,0.442972819640002
186,Z2_C1_T00.tif,22_3,8,0.816496580927726,5.656854249492381,11955.375,Z2_C0_T00.tif,18002.5,0.6640952645465907
187,Z2_C1_T00.tif,22_4,5,0.0,5.656854249492381,12196.6,Z2_C0_T00.tif,17889.4,0.6817780361554887
188,Z2_C1_T00.tif,22_5,10,0.6164414002968978,9.071067811865476,10915.3,Z2_C0_T00.tif,19231.7,0.5675681297025224
189,Z2_C1_T00.tif,22_6,5,0.0,5.656854249492381,12482.0,Z2_C0_T00.tif,18242.0,0.6842451485582721
190,Z2_C1_T00.tif,22_7,5,0.0,5.656854249492381,8590.2,Z2_C0_T00.tif,15707.6,0.5468817642415137
191,Z2_C1_T00.tif,22_8,65,0.7839142554088135,40.38477631085024,13510.4,Z2_C0_T00.tif,18063.953846153847,0.747920422907669
192,Z2_C1_T00.tif,22_9,22,0.678610875953742,15.31370849898476,13052.227272727272,Z2_C0_T00.tif,17934.363636363636,0.7277775524893805
193,Z2_C1_T00.tif,22_10,5,0.0,5.656854249492381,11483.4,Z2_C0_T00.tif,18654.0,0.6155998713412673
194,Z2_C1_T00.tif,22_11,12,0.881414830562367,8.485281374238571,11993.416666666666,Z2_C0_T00.tif,18089.5,0.6630043211070878
195,Z2_C1_T00.tif,22_12,72,0.8345878708230413,40.834523779156065,12097.472222222223,Z2_C0_T00.tif,17022.26388888889,0.7106852708421895
196,Z2_C1_T00.tif,22_13,10,0.6164414002968978,9.071067811865476,12844.5,Z2_C0_T00.tif,14287.8,0.8989837483727376
197,Z2_C1_T00.tif,22_14,8,0.816496580927726,5.656854249492381,11093.125,Z2_C0_T00.tif,14506.75,0.7646871284057422
198,Z2_C1_T01.tif,23_1,39,0.9297014658334771,26.727922061357855,11743.846153846154,Z2_C0_T01.tif,17278.358974358973,0.6796852740051288
199,Z2_C1_T01.tif,23_2,30,0.9390215955570067,17.556349186104047,11106.966666666667,Z2_C0_T01.tif,17921.266666666666,0.6197645999724722
200,Z2_C1_T01.tif,23_3,5,0.0,5.656854249492381,13623.4,Z2_C0_T01.tif,17004.6,0.801159686202557
201,Z2_C1_T01.tif,23_4,32,0.7738149785291931,23.349242404917497,11330.65625,Z2_C0_T01.tif,17721.28125,0.6393813229503369
202,Z2_C1_T01.tif,23_5,8,0.816496580927726,5.656854249492381,13143.75,Z2_C0_T01.tif,18231.125,0.720951120679607
203,Z2_C1_T01.tif,23_6,35,0.7638306051804546,26.763455967290593,11679.228571428572,Z2_C0_T01.tif,18097.942857142858,0.6453345920925504
204,Z2_C1_T01.tif,23_7,5,0.0,5.656854249492381,12544.2,Z2_C0_T01.tif,16365.4,0.7665073875371211
205,Z2_C1_T01.tif,23_8,5,0.0,5.656854249492381,11616.2,Z2_C0_T01.tif,18735.4,0.6200134504734353
206,Z2_C1_T01.tif,23_9,91,0.721254591759548,58.35533905932737,12593.813186813188,Z2_C0_T01.tif,17535.120879120877,0.7182050967101504
207,Z2_C1_T01.tif,23_10,13,0.8245255220978613,11.69238815542512,10686.615384615385,Z2_C0_T01.tif,16840.384615384617,0.6345826196185907
208,Z2_C1_T01.tif,23_11,10,0.9214426752509268,10.899494936611667,12043.8,Z2_C0_T01.tif,16240.7,0.7415813357798616
209,Z2_C1_T02.tif,24_1,8,0.816496580927726,5.656854249492381,11584.75,Z2_C0_T02.tif,15279.25,0.7582014824026049
210,Z2_C1_T02.tif,24_2,5,0.0,5.656854249492381,12027.4,Z2_C0_T02.tif,14808.4,0.8122011831122876
211,Z2_C1_T02.tif,24_3,10,0.6164414002968978,9.071067811865476,9836.7,Z2_C0_T02.tif,16432.2,0.5986234344762114
212,Z2_C1_T02.tif,24_4,74,0.825904502839455,41.45584412271571,13709.283783783783,Z2_C0_T02.tif,16805.472972972973,0.8157630437317315
213,Z2_C1_T02.tif,24_5,26,0.2979005587734221,17.31370849898476,11617.307692307691,Z2_C0_T02.tif,17644.846153846152,0.6583966553755073
214,Z2_C1_T02.tif,24_6,16,0.3370999312316211,12.48528137423857,12155.0,Z2_C0_T02.tif,18145.125,0.6698768953093461
215,Z2_C1_T02.tif,24_7,49,0.7244617625983104,34.627416997969526,12580.061224489797,Z2_C0_T02.tif,18375.20408163265,0.684621578546955
216,Z2_C1_T02.tif,24_8,19,0.8733110545723086,12.48528137423857,11676.21052631579,Z2_C0_T02.tif,18769.21052631579,0.6220938547172722
217,Z2_C1_T02.tif,24_9,5,0.0,5.656854249492381,10463.8,Z2_C0_T02.tif,18132.8,0.5770647666107827
218,Z2_C1_T02.tif,24_10,15,0.8692269873603532,8.485281374238571,12948.533333333333,Z2_C0_T02.tif,17404.133333333335,0.7439918486796239
219,Z2_C1_T02.tif,24_11,5,0.0,5.656854249492381,9661.0,Z2_C0_T02.tif,16915.0,0.5711498669819687
220,Z2_C1_T02.tif,24_12,26,0.5728934162095779,17.31370849898476,12196.615384615385,Z2_C0_T02.tif,16199.538461538461,0.7528989429898288
221,Z2_C1_T03.tif,25_1,29,0.9301691964155167,19.72792206135786,10371.965517241379,Z2_C0_T03.tif,15353.379310344828,0.6755493567629725
222,Z2_C1_T03.tif,25_2,11,0.9128709291752768,5.656854249492381,11602.636363636364,Z2_C0_T03.tif,15750.181818181818,0.7366668205850437
223,Z2_C1_T03.tif,25_3,10,0.6164414002968978,9.071067811865476,11342.6,Z2_C0_T03.tif,15080.9,0.7521169160991719
224,Z2_C1_T03.tif,25_4,5,0.0,5.656854249492381,10546.8,Z2_C0_T03.tif,18115.0,0.5822136351090257
225,Z2_C1_T03.tif,25_5,23,0.7940122599655721,17.31370849898476,11386.652173913044,Z2_C0_T03.tif,18666.82608695652,0.6099940140262778
226,Z2_C1_T03.tif,25_6,13,0.6775527056841087,9.071067811865476,11606.076923076924,Z2_C0_T03.tif,18280.69230769231,0.6348816952732812
227,Z2_C1_T03.tif,25_7,5,0.0,5.656854249492381,9432.6,Z2_C0_T03.tif,18661.6,0.5054550520855662
228,Z2_C1_T03.tif,25_8,20,0.567586589848995,13.899494936611664,12228.9,Z2_C0_T03.tif,18504.7,0.660853729052619
229,Z2_C1_T03.tif,25_9,25,0.8067107267837099,19.14213562373095,12104.96,Z2_C0_T03.tif,17552.76,0.6896328554597682
230,Z2_C1_T03.tif,25_10,5,0.0,5.656854249492381,12826.0,Z2_C0_T03.tif,17700.6,0.7246082053715693
231,Z2_C1_T03.tif,25_11,42,0.8481312263886573,21.556349186104043,13845.261904761905,Z2_C0_T03.tif,17292.071428571428,0.8006711030516326
232,Z2_C1_T03.tif,25_12,17,0.6381214601630446,9.071067811865476,12414.29411764706,Z2_C0_T03.tif,18063.882352941175,0.6872439642315183
233,Z2_C1_T03.tif,25_13,21,0.6470552143755343,16.52081528017131,12137.380952380952,Z2_C0_T03.tif,14617.904761904761,0.8303092098405087
234,Z2_C1_T04.tif,26_1,8,0.816496580927726,5.656854249492381,10958.375,Z2_C0_T04.tif,15258.875,0.7181640193002433
235,Z2_C1_T04.tif,26_2,22,0.5509134097812508,13.106601717798215,13062.5,Z2_C0_T04.tif,15702.545454545454,0.8318714973831689
236,Z2_C1_T04.tif,26_3,54,0.745067512538446,35.04163056034262,9894.092592592593,Z2_C0_T04.tif,17557.462962962964,0.5635263257262133
237,Z2_C1_T04.tif,26_4,71,0.9008501528619249,47.24873734152916,11900.901408450703,Z2_C0_T04.tif,18166.267605633802,0.6551098809509964
238,Z2_C1_T04.tif,26_5,23,0.7991586030074996,15.313708498984761,9442.608695652174,Z2_C0_T04.tif,18892.608695652172,0.4998043863484685
239,Z2_C1_T04.tif,26_6,32,0.7757359287920123,22.55634918610405,11636.125,Z2_C0_T04.tif,17796.0625,0.6538595265104289
240,Z2_C1_T04.tif,26_7,21,0.3785170972244316,16.9350288425444,10410.952380952382,Z2_C0_T04.tif,19064.095238095237,0.5461026212326339
241,Z2_C1_T04.tif,26_8,20,0.8029007459367468,16.520815280171306,12021.45,Z2_C0_T04.tif,16598.2,0.7242622694027063
242,Z2_C1_T04.tif,26_9,5,0.0,5.656854249492381,10894.6,Z2_C0_T04.tif,20176.2,0.5399728392858913
243,Z2_C1_T04.tif,26_10,35,0.5795171340680613,22.14213562373095,12405.628571428571,Z2_C0_T04.tif,17760.371428571427,0.6985005139853897
244,Z2_C1_T04.tif,26_11,8,0.816496580927726,5.656854249492381,11435.375,Z2_C0_T04.tif,17804.625,0.6422699158224338
245,Z2_C1_T04.tif,26_12,50,0.8656859046736018,29.213203435596427,12965.12,Z2_C0_T04.tif,17591.48,0.7370113259373288
246,Z2_C1_T04.tif,26_13,21,0.31390077086206786,12.278174593052023,11586.285714285714,Z2_C0_T04.tif,18056.238095238095,0.6416777211938361
247,Z2_C1_T04.tif,26_14,37,0.5667757568516766,21.349242404917497,11258.162162162162,Z2_C0_T04.tif,16329.054054054053,0.6894558695742128
248,Z2_C1_T04.tif,26_15,5,0.0,5.656854249492381,9160.0,Z2_C0_T04.tif,16067.8,0.5700842679147115
249,Z2_C1_T05.tif,27_1,47,0.6615334337088866,27.798989873223327,11357.468085106382,Z2_C0_T05.tif,16770.042553191488,0.6772474219479517
250,Z2_C1_T05.tif,27_2,5,0.0,5.656854249492381,12342.6,Z2_C0_T05.tif,16694.6,0.7393169048674423
251,Z2_C1_T05.tif,27_3,61,0.7800024332974851,40.112698372208094,13177.868852459016,Z2_C0_T05.tif,17877.77049180328,0.7371091858742058
252,Z2_C1_T05.tif,27_4,25,0.5458667320371543,16.14213562373095,11476.52,Z2_C0_T05.tif,18635.32,0.6158477557670059
253,Z2_C1_T05.tif,27_5,16,0.8811394093114306,13.313708498984761,12319.3125,Z2_C0_T05.tif,18167.625,0.6780915226949037
254,Z2_C1_T05.tif,27_6,5,0.0,5.656854249492381,10855.8,Z2_C0_T05.tif,16263.2,0.6675070096905897
255,Z2_C1_T05.tif,27_7,5,0.0,5.656854249492381,11456.0,Z2_C0_T05.tif,16556.0,0.6919545784005798
256,Z2_C1_T05.tif,27_8,12,0.8814148305623669,8.485281374238571,11596.833333333334,Z2_C0_T05.tif,17586.583333333332,0.6594136628774777
257,Z2_C1_T05.tif,27_9,13,0.7060180864974626,8.485281374238571,10670.846153846154,Z2_C0_T05.tif,19933.153846153848,0.5353315504513161
258,Z2_C1_T05.tif,27_10,74,0.4473732093697188,49.148232278140824,12792.364864864865,Z2_C0_T05.tif,17786.662162162163,0.7192111003310254
259,Z2_C1_T05.tif,27_11,8,0.5773502691896258,7.65685424949238,12129.75,Z2_C0_T05.tif,16702.375,0.7262290542512667
260,Z2_C1_T05.tif,27_12,28,0.43482827673933644,10.485281374238571,11826.392857142857,Z2_C0_T05.tif,16986.428571428572,0.6962259787225095
261,Z2_C1_T06.tif,28_1,5,0.0,5.656854249492381,11326.4,Z2_C0_T06.tif,15494.0,0.731018458758229
262,Z2_C1_T06.tif,28_2,17,0.6003218239490011,13.313708498984761,11279.882352941177,Z2_C0_T06.tif,15537.470588235294,0.7259793213370335
263,Z2_C1_T06.tif,28_3,10,0.8703882797784892,10.071067811865476,12276.7,Z2_C0_T06.tif,16018.7,0.7663980223114235
264,Z2_C1_T06.tif,28_4,44,0.41438647908931303,31.420310216782973,12757.181818181818,Z2_C0_T06.tif,17572.386363636364,0.7259789054366032
265,Z2_C1_T06.tif,28_5,8,0.5773502691896258,7.65685424949238,11962.625,Z2_C0_T06.tif,19122.125,0.6255907750838361
266,Z2_C1_T06.tif,28_6,13,0.6775527056841087,9.071067811865476,10139.0,Z2_C0_T06.tif,19236.76923076923,0.5270635561704748
267,Z2_C1_T06.tif,28_7,45,0.7857394594420586,29.420310216782976,11708.977777777778,Z2_C0_T06.tif,18179.955555555556,0.6440597581218875
268,Z2_C1_T06.tif,28_8,33,0.7143291966886156,14.48528137423857,12545.121212121212,Z2_C0_T06.tif,17651.0,0.7107314719914573
269,Z2_C1_T06.tif,28_9,74,0.8369897570576067,46.077164466275356,13253.513513513513,Z2_C0_T06.tif,17801.527027027027,0.744515540346144
270,Z2_C1_T06.tif,28_10,21,0.6924516009396641,17.14213562373095,10916.714285714286,Z2_C0_T06.tif,18928.619047619046,0.5767306245770452
271,Z2_C1_T06.tif,28_11,15,0.7953324832160724,11.899494936611667,11209.8,Z2_C0_T06.tif,16735.333333333332,0.6698283073736206
272,Z2_C1_T06.tif,28_12,5,0.0,5.656854249492381,11878.4,Z2_C0_T06.tif,13738.0,0.8646382297277624
273,Z2_C1_T07.tif,29_1,5,0.0,5.656854249492381,12481.2,Z2_C0_T07.tif,16528.4,0.7551366133443044
274,Z2_C1_T07.tif,29_2,8,0.5773502691896258,7.65685424949238,12368.5,Z2_C0_T07.tif,15847.625,0.7804639496454516
275,Z2_C1_T07.tif,29_3,27,0.664373167044197,15.899494936611665,14096.962962962964,Z2_C0_T07.tif,16975.11111111111,0.8304489361330751
276,Z2_C1_T07.tif,29_4,20,0.545544725589981,9.071067811865476,13875.9,Z2_C0_T07.tif,17230.15,0.8053267092857578
277,Z2_C1_T07.tif,29_5,23,0.827381132705198,17.31370849898476,11820.739130434782,Z2_C0_T07.tif,16079.0,0.7351663119867393
278,Z2_C1_T07.tif,29_6,29,0.60547900246709,20.14213562373095,11373.206896551725,Z2_C0_T07.tif,19292.48275862069,0.5895149441805099
279,Z2_C1_T07.tif,29_7,5,0.0,5.656854249492381,13690.0,Z2_C0_T07.tif,16967.8,0.8068223340680584
280,Z2_C1_T07.tif,29_8,61,0.7934399477008505,35.59188309203678,13831.737704918032,Z2_C0_T07.tif,17059.196721311477,0.8108082655286172
281,Z2_C1_T07.tif,29_9,22,0.6782783628866081,12.48528137423857,11757.5,Z2_C0_T07.tif,16681.0,0.7048438343024999
282,Z2_C1_T07.tif,29_10,5,0.0,5.656854249492381,10323.2,Z2_C0_T07.tif,18703.2,0.5519483296975919
283,Z2_C1_T07.tif,29_11,20,0.7336315718835578,14.485281374238571,10804.95,Z2_C0_T07.tif,15184.55,0.7115752524770245
284,Z2_C1_T08.tif,30_1,86,0.9308694086523978,59.8050865276332,12148.279069767443,Z2_C0_T08.tif,15943.523255813954,0.7619569950034387
285,Z2_C1_T08.tif,30_2,74,0.8467758914958388,33.21320343559642,13250.864864864865,Z2_C0_T08.tif,17034.337837837837,0.7778913974238046
286,Z2_C1_T08.tif,30_3,38,0.5760494271410036,23.79898987322333,10400.315789473685,Z2_C0_T08.tif,18344.657894736843,0.5669397515697242
287,Z2_C1_T08.tif,30_4,14,0.6321546455579422,11.899494936611665,12542.214285714286,Z2_C0_T08.tif,16570.85714285714,0.7568838580640713
288,Z2_C1_T08.tif,30_5,55,0.7399806331345266,33.45584412271571,12043.6,Z2_C0_T08.tif,17415.8,0.6915329758035808
289,Z2_C1_T08.tif,30_6,63,0.8536661603888903,35.834523779156065,12778.222222222223,Z2_C0_T08.tif,17257.761904761905,0.7404333361845924
290,Z2_C1_T08.tif,30_7,9,0.8451542547285166,8.485281374238571,10273.777777777777,Z2_C0_T08.tif,16149.666666666666,0.6361603610669638
291,Z2_C1_T08.tif,30_8,5,0.0,5.656854249492381,10318.2,Z2_C0_T08.tif,18433.8,0.5597435146307327
292,Z2_C1_T08.tif,30_9,34,0.6959522036478253,19.349242404917497,11200.529411764706,Z2_C0_T08.tif,15602.323529411764,0.7178757311788027
293,Z2_C1_T08.tif,30_10,5,0.0,5.656854249492381,8536.4,Z2_C0_T08.tif,18223.6,0.46842555806756075
294,Z2_C1_T09.tif,31_1,134,0.868862881595379,69.01219330881976,13152.955223880597,Z2_C0_T09.tif,15971.589552238805,0.8235219907737293
295,Z2_C1_T09.tif,31_2,19,0.8618106161608892,16.52081528017131,13757.473684210527,Z2_C0_T09.tif,18212.36842105263,0.75539179562761
296,Z2_C1_T09.tif,31_3,25,0.7195175064916833,18.520815280171306,11921.92,Z2_C0_T09.tif,17306.56,0.6888671116617051
297,Z2_C1_T09.tif,31_4,8,0.5773502691896258,7.65685424949238,10946.875,Z2_C0_T09.tif,18964.375,0.5772336288435553
298,Z2_C1_T09.tif,31_5,32,0.5729627765217722,24.349242404917497,12561.625,Z2_C0_T09.tif,18495.5625,0.6791696656968395
299,Z2_C1_T09.tif,31_6,5,0.0,5.656854249492381,11741.4,Z2_C0_T09.tif,16248.4,0.7226188424706432
300,Z2_C1_T09.tif,31_7,14,0.629288982059086,11.071067811865474,11806.785714285714,Z2_C0_T09.tif,15383.357142857143,0.7675038422785292
301,Z2_C1_T09.tif,31_8,69,0.8655248644143787,39.698484809834994,12941.565217391304,Z2_C0_T09.tif,17329.44927536232,0.746796104812784
302,Z2_C1_T09.tif,31_9,14,0.9093087121712009,9.071067811865476,11460.0,Z2_C0_T09.tif,17481.0,0.6555689033808134
303,Z2_C1_T09.tif,31_10,22,0.8825524405487931,17.31370849898476,10457.0,Z2_C0_T09.tif,15869.727272727272,0.6589275178011881
304,Z2_C1_T10.tif,32_1,139,0.8264587182611265,76.49747468305833,12616.338129496404,Z2_C0_T10.tif,16329.338129496404,0.7726178507325386
305,Z2_C1_T10.tif,32_2,5,0.0,5.656854249492381,8691.8,Z2_C0_T10.tif,14336.2,0.6062833944838938
306,Z2_C1_T10.tif,32_3,8,0.5773502691896258,7.65685424949238,11418.125,Z2_C0_T10.tif,18071.0,0.6318479884898456
307,Z2_C1_T10.tif,32_4,22,0.5854388005689564,15.31370849898476,10325.454545454546,Z2_C0_T10.tif,17473.090909090908,0.5909346319535494
308,Z2_C1_T10.tif,32_5,5,0.0,5.656854249492381,10306.0,Z2_C0_T10.tif,17651.0,0.5838762676335618
309,Z2_C1_T10.tif,32_6,10,0.6164414002968978,9.071067811865476,11304.3,Z2_C0_T10.tif,17209.1,0.6568792092555683
310,Z2_C1_T10.tif,32_7,31,0.9041278714117084,19.556349186104047,11047.290322580646,Z2_C0_T10.tif,18062.225806451614,0.6116239737538153
311,Z2_C1_T10.tif,32_8,9,0.8451542547285166,8.485281374238571,10459.666666666666,Z2_C0_T10.tif,18018.333333333332,0.5805013412265285
312,Z2_C1_T10.tif,32_9,65,0.8238518432226692,35.62741699796952,13148.784615384615,Z2_C0_T10.tif,17343.89230769231,0.7581219014807251
313,Z2_C1_T10.tif,32_10,10,0.6164414002968978,9.071067811865476,10406.2,Z2_C0_T10.tif,18379.3,0.566191313053272
314,Z2_C1_T10.tif,32_11,9,0.8451542547285166,8.485281374238571,12683.444444444445,Z2_C0_T10.tif,15661.0,0.8098744936111644
315,Z2_C1_T10.tif,32_12,5,0.0,5.656854249492381,11362.6,Z2_C0_T10.tif,17029.4,0.6672343124243955
