,fname_green,label,area,eccentricity,perimeter,mean_intensity_green,bg_value_mask,fname_red,mean_intensity_red,bg_value_channel,intensity_ratio
0,Z0_C0_T00.tif,0_1,26,0.7693817353661786,16.48528137423857,6841.127692307693,4202.98,Z0_C1_T00.tif,3989.18,3048.93,1.7149207837970946
1,Z0_C0_T00.tif,0_2,91,0.9227289586937116,43.21320343559643,7377.732087912088,4202.98,Z0_C1_T00.tif,2136.7074725274724,3048.93,3.4528507915896895
2,Z0_C0_T00.tif,0_3,24,0.5849866175853743,15.071067811865476,6798.236666666667,4202.98,Z0_C1_T00.tif,1497.3466666666664,3048.93,4.540188867418813
3,Z0_C0_T00.tif,0_4,68,0.15983748251554067,27.31370849898476,9175.43764705882,4202.98,Z0_C1_T00.tif,2738.3417647058823,3048.93,3.3507277160651743
4,Z0_C0_T00.tif,0_5,47,0.498065705390573,22.48528137423857,9344.330638297874,4202.98,Z0_C1_T00.tif,4286.626808510638,3048.93,2.1798796712943864
6,Z0_C0_T00.tif,0_7,58,0.7837835573452098,26.485281374238568,7624.9579310344825,4202.98,Z0_C1_T00.tif,2175.6972413793105,3048.93,3.5046043107544436
7,Z0_C0_T00.tif,0_8,26,0.5440588203494177,15.65685424949238,7448.050769230769,4202.98,Z0_C1_T00.tif,1467.7569230769227,3048.93,5.074444311676007
8,Z0_C0_T00.tif,0_9,16,0.5773502691896258,11.65685424949238,6176.57,4202.98,Z0_C1_T00.tif,839.5549999999998,3048.93,7.356956959341557
9,Z0_C0_T00.tif,0_10,8,0.5773502691896258,7.65685424949238,6147.82,4202.98,Z0_C1_T00.tif,862.6799999999998,3048.93,7.126419993508602
10,Z0_C0_T01.tif,1_1,8,0.5773502691896258,7.65685424949238,7375.475,4202.98,Z0_C1_T01.tif,1561.9650000000001,3048.93,4.721920785677016
11,Z0_C0_T01.tif,1_2,69,0.9210665964576923,35.55634918610404,8601.165217391303,4202.98,Z0_C1_T01.tif,1987.3834782608694,3048.93,4.327884030171197
12,Z0_C0_T01.tif,1_3,63,0.42854503153753154,26.48528137423857,9751.139682539682,4202.98,Z0_C1_T01.tif,2558.1336507936508,3048.93,3.8118179163604022
13,Z0_C0_T01.tif,1_4,19,0.5207037318817047,13.071067811865476,7221.336842105265,4202.98,Z0_C1_T01.tif,1425.4978947368422,3048.93,5.06583479973387
14,Z0_C0_T01.tif,1_5,49,0.4138506212220425,22.727922061357855,9782.151020408164,4202.98,Z0_C1_T01.tif,4416.07469387755,3048.93,2.215123542627154
15,Z0_C0_T01.tif,1_6,30,0.4509717590117594,17.071067811865476,7573.100000000002,4202.98,Z0_C1_T01.tif,1759.3066666666662,3048.93,4.3045934762179066
17,Z0_C0_T01.tif,1_8,21,0.0,13.65685424949238,6668.790476190477,4202.98,Z0_C1_T01.tif,1224.292380952381,3048.93,5.447057075535178
18,Z0_C0_T01.tif,1_9,58,0.8136347429692361,26.72792206135785,8807.617241379308,4202.98,Z0_C1_T01.tif,1870.4779310344827,3048.93,4.7087522901209455
19,Z0_C0_T01.tif,1_10,12,0.0,9.65685424949238,6934.683333333334,4202.98,Z0_C1_T01.tif,1456.8400000000001,3048.93,4.760085756385968
20,Z0_C0_T01.tif,1_11,12,0.0,9.65685424949238,6837.266666666669,4202.98,Z0_C1_T01.tif,830.0066666666668,3048.93,8.237604517232795
21,Z0_C0_T02.tif,2_1,31,0.5040180831867871,17.899494936611664,5749.009677419353,4202.98,Z0_C1_T02.tif,3646.350322580645,3048.93,1.5766476528098883
22,Z0_C0_T02.tif,2_2,43,0.5430826812789107,22.14213562373095,6189.602325581394,4202.98,Z0_C1_T02.tif,1705.455348837209,3048.93,3.6292960292402303
23,Z0_C0_T02.tif,2_3,78,0.9060445571430342,37.55634918610404,7366.017948717954,4202.98,Z0_C1_T02.tif,1824.3420512820508,3048.93,4.037629864170213
24,Z0_C0_T02.tif,2_4,98,0.7161233044638768,42.76345596729059,7903.4122448979615,4202.98,Z0_C1_T02.tif,2001.2742857142857,3048.93,3.9491899242972144
25,Z0_C0_T02.tif,2_5,65,0.8841105895088873,33.55634918610404,6474.161538461539,4202.98,Z0_C1_T02.tif,1239.8753846153845,3048.93,5.221622768541256
26,Z0_C0_T02.tif,2_6,97,0.9280313212506539,43.79898987322333,7373.588659793815,4202.98,Z0_C1_T02.tif,3256.26618556701,3048.93,2.2644305592940523
27,Z0_C0_T02.tif,2_7,12,0.0,9.65685424949238,5629.633333333334,4202.98,Z0_C1_T02.tif,2631.3100000000004,3048.93,2.139479321453319
28,Z0_C0_T02.tif,2_8,21,0.0,13.65685424949238,5769.585714285715,4202.98,Z0_C1_T02.tif,856.0123809523809,3048.93,6.740072740380926
29,Z0_C0_T02.tif,2_9,86,0.8197851080021454,33.79898987322333,7172.288372093027,4202.98,Z0_C1_T02.tif,2594.6065116279065,3048.93,2.76430678021886
30,Z0_C0_T02.tif,2_10,20,0.7302967433402214,13.65685424949238,6214.4,4202.98,Z0_C1_T02.tif,1361.2100000000003,3048.93,4.565349946003922
31,Z0_C0_T02.tif,2_11,70,0.8338908995134869,31.31370849898476,7150.5142857142855,4202.98,Z0_C1_T02.tif,1266.5457142857138,3048.93,5.645681956096562
32,Z0_C0_T02.tif,2_12,34,0.7824420540907364,19.899494936611664,5848.535294117646,4202.98,Z0_C1_T02.tif,6457.883529411764,3048.93,0.9056427337967765
33,Z0_C0_T03.tif,3_1,32,0.0,17.65685424949238,7792.6325,4202.98,Z0_C1_T03.tif,784.1774999999998,3048.93,9.937332427926078
34,Z0_C0_T03.tif,3_2,72,0.9162421505958213,36.72792206135786,7895.236666666668,4202.98,Z0_C1_T03.tif,2055.2261111111106,3048.93,3.84154163086138
35,Z0_C0_T03.tif,3_3,66,0.5623484609468288,29.556349186104043,9676.153333333332,4202.98,Z0_C1_T03.tif,2473.936969696969,3048.93,3.9112368066994683
36,Z0_C0_T03.tif,3_4,19,0.5207037318817046,13.071067811865476,7185.135789473685,4202.98,Z0_C1_T03.tif,2167.7399999999993,3048.93,3.314574528990417
37,Z0_C0_T03.tif,3_5,49,0.4987507113066781,23.071067811865476,9985.371020408164,4202.98,Z0_C1_T03.tif,4369.82163265306,3048.93,2.285075195242173
38,Z0_C0_T03.tif,3_6,21,0.0,13.65685424949238,6583.724761904763,4202.98,Z0_C1_T03.tif,1076.7876190476184,3048.93,6.114227769193558
39,Z0_C0_T03.tif,3_7,26,0.5440588203494177,15.65685424949238,6396.704615384616,4202.98,Z0_C1_T03.tif,1397.1630769230765,3048.93,4.578352177379219
40,Z0_C0_T03.tif,3_8,71,0.8943940441435069,33.55634918610404,8128.707323943657,4202.98,Z0_C1_T03.tif,2192.8949295774637,3048.93,3.7068384874736933
42,Z0_C0_T03.tif,3_10,8,0.5773502691896258,7.65685424949238,7223.82,4202.98,Z0_C1_T03.tif,7927.99,3048.93,0.9111792522442637
43,Z0_C0_T03.tif,3_11,16,0.5773502691896258,11.65685424949238,6765.945,4202.98,Z0_C1_T03.tif,7236.4275,3048.93,0.9349841479100012
44,Z0_C0_T04.tif,4_1,12,0.0,9.65685424949238,6584.016666666667,4202.98,Z0_C1_T04.tif,4628.636666666666,3048.93,1.422452687652448
45,Z0_C0_T04.tif,4_2,64,0.9166019734401206,35.31370849898476,7495.787499999999,4202.98,Z0_C1_T04.tif,2174.7356249999993,3048.93,3.4467580398422
46,Z0_C0_T04.tif,4_3,26,0.5440588203494177,15.65685424949238,6582.773076923078,4202.98,Z0_C1_T04.tif,1041.9123076923076,3048.93,6.317972278783245
47,Z0_C0_T04.tif,4_4,24,0.8111071056538127,15.65685424949238,6675.516666666667,4202.98,Z0_C1_T04.tif,2368.0533333333333,3048.93,2.818989155649648
48,Z0_C0_T04.tif,4_5,55,0.4701854798536455,24.727922061357855,9194.87727272727,4202.98,Z0_C1_T04.tif,2333.2200000000003,3048.93,3.940853101176601
49,Z0_C0_T04.tif,4_6,49,0.4987507113066781,23.071067811865476,9720.431632653062,4202.98,Z0_C1_T04.tif,4082.6281632653063,3048.93,2.380925042382163
50,Z0_C0_T04.tif,4_7,16,0.5773502691896258,11.65685424949238,7046.7875,4202.98,Z0_C1_T04.tif,2043.1574999999998,3048.93,3.4489693036390983
52,Z0_C0_T04.tif,4_9,18,0.7226591383582849,13.071067811865474,6676.683333333334,4202.98,Z0_C1_T04.tif,2575.3311111111107,3048.93,2.5925533631489897
53,Z0_C0_T04.tif,4_10,32,0.0,17.65685424949238,8377.81875,4202.98,Z0_C1_T04.tif,1648.2512499999998,3048.93,5.082852963102562
54,Z0_C0_T04.tif,4_11,32,0.5344883724417774,17.899494936611667,7374.13125,4202.98,Z0_C1_T04.tif,2102.595,3048.93,3.507157227140748
55,Z0_C0_T04.tif,4_12,43,0.7793878573566326,22.48528137423857,7499.55930232558,4202.98,Z0_C1_T04.tif,1630.1967441860463,3048.93,4.60040134975861
56,Z0_C0_T05.tif,5_1,16,0.5773502691896258,11.65685424949238,6313.790000000001,4202.98,Z0_C1_T05.tif,3567.8274999999994,3048.93,1.7696455335915209
57,Z0_C0_T05.tif,5_2,34,0.4678596948487089,18.48528137423857,6867.142941176472,4202.98,Z0_C1_T05.tif,1711.2576470588233,3048.93,4.01292169708003
58,Z0_C0_T05.tif,5_3,26,0.5440588203494177,15.65685424949238,7123.790000000002,4202.98,Z0_C1_T05.tif,1231.2553846153846,3048.93,5.785793986375383
59,Z0_C0_T05.tif,5_4,68,0.6189167254595264,28.727922061357855,8835.084117647062,4202.98,Z0_C1_T05.tif,2330.0517647058828,3048.93,3.7917973546661936
60,Z0_C0_T05.tif,5_5,48,0.4579913728019072,22.48528137423857,9408.29,4202.98,Z0_C1_T05.tif,3662.2649999999994,3048.93,2.568981217907498
61,Z0_C0_T05.tif,5_6,38,0.37921612405019006,19.899494936611667,6876.474210526318,4202.98,Z0_C1_T05.tif,3412.42947368421,3048.93,2.0151256644440396
62,Z0_C0_T05.tif,5_7,26,0.5440588203494177,15.65685424949238,6984.328461538463,4202.98,Z0_C1_T05.tif,1230.1399999999999,3048.93,5.6776695835746045
63,Z0_C0_T05.tif,5_8,18,0.7226591383582849,13.071067811865474,6468.401111111111,4202.98,Z0_C1_T05.tif,1745.8066666666664,3048.93,3.7051073492928457
64,Z0_C0_T05.tif,5_9,34,0.5082559240684966,18.48528137423857,7838.907647058823,4202.98,Z0_C1_T05.tif,1979.2282352941174,3048.93,3.9605880248034886
65,Z0_C0_T05.tif,5_10,37,0.3747559358016925,19.899494936611667,7749.789999999998,4202.98,Z0_C1_T05.tif,1715.802162162162,3048.93,4.516715371330531
66,Z0_C0_T05.tif,5_11,60,0.8504200642707612,29.31370849898476,7372.589999999999,4202.98,Z0_C1_T05.tif,1476.8899999999994,3048.93,4.9919696118194326
67,Z0_C0_T06.tif,6_1,31,0.6933752452815365,17.65685424949238,6348.278064516127,4202.98,Z0_C1_T06.tif,1357.135161290322,3048.93,4.67770509938036
68,Z0_C0_T06.tif,6_2,76,0.6363657918985598,34.7634559672906,8789.704210526319,4202.98,Z0_C1_T06.tif,2145.7399999999993,3048.93,4.096351007357052
69,Z0_C0_T06.tif,6_3,21,0.0,13.65685424949238,7261.353333333331,4202.98,Z0_C1_T06.tif,619.4899999999998,3048.93,11.721502095809994
70,Z0_C0_T06.tif,6_4,16,0.0,11.313708498984761,6335.895,4202.98,Z0_C1_T06.tif,2300.3025,3048.93,2.754374696371456
71,Z0_C0_T06.tif,6_5,34,0.5082559240684966,18.48528137423857,6897.402352941176,4202.98,Z0_C1_T06.tif,2783.754705882353,3048.93,2.477733522413549
72,Z0_C0_T06.tif,6_6,50,0.508787663152844,23.071067811865476,9081.100000000002,4202.98,Z0_C1_T06.tif,3568.409999999999,3048.93,2.544858914754752
73,Z0_C0_T06.tif,6_7,26,0.5440588203494177,15.65685424949238,6599.827692307692,4202.98,Z0_C1_T06.tif,1253.7592307692305,3048.93,5.264031187438149
74,Z0_C0_T06.tif,6_8,68,0.8658797340437568,30.97056274847714,7695.343529411767,4202.98,Z0_C1_T06.tif,1392.475294117647,3048.93,5.526377065302248
75,Z0_C0_T06.tif,6_9,19,0.5207037318817048,13.071067811865476,6501.3357894736855,4202.98,Z0_C1_T06.tif,882.8584210526315,3048.93,7.363961915572089
76,Z0_C0_T06.tif,6_10,61,0.8786160657123222,29.556349186104043,7096.413442622954,4202.98,Z0_C1_T06.tif,1321.899836065574,3048.93,5.368344294333456
77,Z0_C0_T06.tif,6_11,12,0.0,9.65685424949238,6248.603333333335,4202.98,Z0_C1_T06.tif,5570.156666666666,3048.93,1.1218002844922979
78,Z0_C0_T07.tif,7_1,30,0.7405380663294263,17.899494936611664,6970.456666666666,4202.98,Z0_C1_T07.tif,1231.6133333333332,3048.93,5.659614489396023
79,Z0_C0_T07.tif,7_2,25,0.5078772048026179,15.899494936611664,6821.73,4202.98,Z0_C1_T07.tif,1740.7399999999998,3048.93,3.9188678378161015
80,Z0_C0_T07.tif,7_3,26,0.5440588203494177,15.65685424949238,6913.859230769231,4202.98,Z0_C1_T07.tif,1534.2953846153844,3048.93,4.506211320255252
81,Z0_C0_T07.tif,7_4,16,0.5773502691896258,11.65685424949238,6734.59,4202.98,Z0_C1_T07.tif,612.4924999999998,3048.93,10.995383616942252
82,Z0_C0_T07.tif,7_5,61,0.4745683344599896,25.899494936611667,9245.794918032783,4202.98,Z0_C1_T07.tif,2894.9832786885245,3048.93,3.1937299901163096
83,Z0_C0_T07.tif,7_6,50,0.5087876631528436,23.071067811865476,9233.17,4202.98,Z0_C1_T07.tif,3002.16,3048.93,3.075508966877182
84,Z0_C0_T07.tif,7_7,26,0.5440588203494177,15.65685424949238,7382.8976923076925,4202.98,Z0_C1_T07.tif,2870.68,3048.93,2.571828867135206
85,Z0_C0_T07.tif,7_8,26,0.5440588203494177,15.65685424949238,7265.59,4202.98,Z0_C1_T07.tif,1175.2953846153844,3048.93,6.1819267693097135
86,Z0_C0_T07.tif,7_9,8,0.5773502691896258,7.65685424949238,6523.715,4202.98,Z0_C1_T07.tif,899.0549999999998,3048.93,7.256191223006381
87,Z0_C0_T07.tif,7_10,87,0.9277380385675397,39.79898987322333,7741.365862068962,4202.98,Z0_C1_T07.tif,1240.6167816091947,3048.93,6.239933214531964
89,Z0_C0_T08.tif,8_1,8,0.5773502691896258,7.65685424949238,6946.04,4202.98,Z0_C1_T08.tif,674.0500000000002,3048.93,10.304932868481563
90,Z0_C0_T08.tif,8_2,16,0.3370999312316211,12.48528137423857,6889.040000000001,4202.98,Z0_C1_T08.tif,1530.6125000000002,3048.93,4.50083871652688
91,Z0_C0_T08.tif,8_3,61,0.5172930779390676,25.899494936611667,9411.736721311478,4202.98,Z0_C1_T08.tif,2836.054098360655,3048.93,3.318602676427016
92,Z0_C0_T08.tif,8_4,14,0.629288982059086,11.071067811865474,6664.397142857141,4202.98,Z0_C1_T08.tif,2072.942857142857,3048.93,3.2149449368048177
93,Z0_C0_T08.tif,8_5,8,0.5773502691896258,7.65685424949238,6631.915000000001,4202.98,Z0_C1_T08.tif,1034.5500000000002,3048.93,6.410434488424919
94,Z0_C0_T08.tif,8_6,50,0.5087876631528436,23.071067811865476,8965.08,4202.98,Z0_C1_T08.tif,2576.7,3048.93,3.479287460705554
95,Z0_C0_T08.tif,8_7,16,0.5773502691896258,11.65685424949238,6343.915000000001,4202.98,Z0_C1_T08.tif,2417.9875,3048.93,2.6236343239987803
96,Z0_C0_T08.tif,8_8,21,0.0,13.65685424949238,6618.730476190476,4202.98,Z0_C1_T08.tif,1367.0619047619048,3048.93,4.841573342900833
97,Z0_C0_T08.tif,8_9,75,0.9186494944932903,36.97056274847714,7624.393333333335,4202.98,Z0_C1_T08.tif,1369.686666666667,3048.93,5.566523730488238
98,Z0_C0_T08.tif,8_10,55,0.8674547476315442,27.899494936611664,7226.594545454544,4202.98,Z0_C1_T08.tif,690.8090909090913,3048.93,10.461058837463309
99,Z0_C0_T09.tif,9_1,54,0.36869417820062067,23.899494936611667,9904.358518518518,4202.98,Z0_C1_T09.tif,2575.6103703703684,3048.93,3.84544131071125
100,Z0_C0_T09.tif,9_2,43,0.3978147122322054,21.071067811865476,9664.479534883721,4202.98,Z0_C1_T09.tif,2511.135348837209,3048.93,3.848649392538278
101,Z0_C0_T09.tif,9_3,55,0.912816551511944,28.727922061357855,7881.0127272727295,4202.98,Z0_C1_T09.tif,1637.1581818181824,3048.93,4.8138370591168504
102,Z0_C0_T09.tif,9_4,45,0.8335613326014176,24.14213562373095,7682.606666666669,4202.98,Z0_C1_T09.tif,647.184444444444,3048.93,11.870814777171555
103,Z0_C0_T10.tif,10_1,20,0.7302967433402214,13.65685424949238,6479.270000000001,4202.98,Z0_C1_T10.tif,1129.6200000000001,3048.93,5.735796108425843
104,Z0_C0_T10.tif,10_2,53,0.9100075376088094,28.142135623730947,6648.263396226415,4202.98,Z0_C1_T10.tif,2141.861509433962,3048.93,3.1039651102294554
105,Z0_C0_T10.tif,10_3,118,0.6735449171273635,52.62741699796952,8087.014915254237,4202.98,Z0_C1_T10.tif,1871.2708474576273,3048.93,4.321669910179776
106,Z0_C0_T10.tif,10_4,29,0.5162451143930842,17.071067811865476,6203.802758620691,4202.98,Z0_C1_T10.tif,1501.0820689655175,3048.93,4.132887126482092
107,Z0_C0_T10.tif,10_5,53,0.43056188979018295,23.899494936611667,8756.77283018868,4202.98,Z0_C1_T10.tif,2288.1822641509434,3048.93,3.826955993576841
108,Z0_C0_T10.tif,10_6,10,0.6164414002968978,9.071067811865476,6405.5199999999995,4202.98,Z0_C1_T10.tif,824.2199999999997,3048.93,7.771614374802846
109,Z0_C0_T10.tif,10_7,5,0.0,5.656854249492381,6348.5199999999995,4202.98,Z0_C1_T10.tif,2248.62,3048.93,2.8232960660316104
110,Z0_C0_T10.tif,10_8,38,0.6431751179654633,19.899494936611667,7037.925263157896,4202.98,Z0_C1_T10.tif,1680.2463157894738,3048.93,4.188627106050867
111,Z0_C0_T10.tif,10_9,8,0.5773502691896258,7.65685424949238,5987.945,4202.98,Z0_C1_T10.tif,1669.9699999999998,3048.93,3.585660221441104
112,Z0_C0_T10.tif,10_10,21,0.0,13.65685424949238,6229.129523809525,4202.98,Z0_C1_T10.tif,576.6009523809521,3048.93,10.80318979371721
113,Z0_C0_T10.tif,10_11,12,0.0,9.65685424949238,5953.986666666667,4202.98,Z0_C1_T10.tif,1459.803333333333,3048.93,4.078622462843169
114,Z0_C0_T10.tif,10_12,8,0.5773502691896258,7.65685424949238,6472.445,4202.98,Z0_C1_T10.tif,1812.7199999999998,3048.93,3.570570744516528
117,Z0_C0_T11.tif,11_1,26,0.5440588203494177,15.65685424949238,6498.123076923077,4202.98,Z0_C1_T11.tif,1335.0384615384614,3048.93,4.867367693238455
118,Z0_C0_T11.tif,11_2,32,0.5868054936375021,18.48528137423857,5657.793750000001,4202.98,Z0_C1_T11.tif,1710.9375,3048.93,3.306838356164384
119,Z0_C0_T11.tif,11_3,75,0.807616100312959,30.97056274847714,6114.3933333333325,4202.98,Z0_C1_T11.tif,1779.82,3048.93,3.4353998344401866
120,Z0_C0_T11.tif,11_4,122,0.8485914922458145,49.79898987322333,7123.740983606554,4202.98,Z0_C1_T11.tif,1719.6967213114754,3048.93,4.142440289223699
121,Z0_C0_T11.tif,11_5,32,0.5344883724417774,17.899494936611667,6310.543750000001,4202.98,Z0_C1_T11.tif,1455.25,3048.93,4.33639838515719
122,Z0_C0_T11.tif,11_6,56,0.10141851056742227,24.48528137423857,8433.539285714285,4202.98,Z0_C1_T11.tif,1681.9107142857142,3048.93,5.0142609914319385
124,Z0_C0_T11.tif,11_8,47,0.640282940209556,23.31370849898476,6357.4659574468105,4202.98,Z0_C1_T11.tif,1621.9468085106382,3048.93,3.9196513252395677
126,Z0_C0_T11.tif,11_10,31,0.48604013312483,17.31370849898476,5640.0225806451635,4202.98,Z0_C1_T11.tif,1119.7903225806451,3048.93,5.03667737335619
127,Z0_C0_T11.tif,11_11,12,0.0,9.65685424949238,5466.616666666666,4202.98,Z0_C1_T11.tif,1750.9166666666667,3048.93,3.122145542810908
129,Z0_C0_T12.tif,12_1,12,0.0,9.65685424949238,8235.456666666667,4202.98,Z0_C1_T12.tif,1381.9699999999996,3048.93,5.959215226572697
130,Z0_C0_T12.tif,12_2,83,0.8725020155728045,40.384776310850235,8662.913493975904,4202.98,Z0_C1_T12.tif,1352.412771084337,3048.93,6.405524762258905
131,Z0_C0_T12.tif,12_3,41,0.1349135817998279,20.48528137423857,9672.027804878047,4202.98,Z0_C1_T12.tif,2252.9273170731703,3048.93,4.293093581662102
132,Z0_C0_T12.tif,12_4,16,0.5773502691896258,11.65685424949238,7877.977500000001,4202.98,Z0_C1_T12.tif,3485.9699999999993,3048.93,2.259909723835834
133,Z0_C0_T12.tif,12_5,12,0.0,9.65685424949238,7449.373333333334,4202.98,Z0_C1_T12.tif,1219.303333333333,3048.93,6.109532492598234
134,Z0_C0_T12.tif,12_6,12,0.0,9.65685424949238,7327.373333333333,4202.98,Z0_C1_T12.tif,1531.72,3048.93,4.783755081433508
135,Z0_C0_T13.tif,13_1,56,0.6545113085381568,25.071067811865476,9642.005000000001,4202.98,Z0_C1_T13.tif,1688.9321428571432,3048.93,5.708935696900619
136,Z0_C0_T13.tif,13_2,42,0.4606664598958904,21.071067811865476,9738.808571428572,4202.98,Z0_C1_T13.tif,2238.652380952381,3048.93,4.350299606268226
138,Z0_C0_T13.tif,13_4,21,0.0,13.65685424949238,7889.47523809524,4202.98,Z0_C1_T13.tif,1854.628571428571,3048.93,4.253938152164984
140,Z0_C0_T13.tif,13_6,21,0.0,13.65685424949238,6961.380000000002,4202.98,Z0_C1_T13.tif,808.5809523809525,3048.93,8.609379159256076
141,Z0_C0_T14.tif,14_1,62,0.8269737749976154,27.556349186104047,7538.43516129032,4202.98,Z0_C1_T14.tif,1755.9938709677415,3048.93,4.292973504022444
142,Z0_C0_T14.tif,14_2,89,0.9112307560568172,39.21320343559643,7216.250674157304,4202.98,Z0_C1_T14.tif,1490.942584269663,3048.93,4.840059402885846
143,Z0_C0_T14.tif,14_3,53,0.6556157795967559,24.727922061357855,8274.167358490566,4202.98,Z0_C1_T14.tif,1728.2552830188677,3048.93,4.787584010180188
144,Z0_C0_T14.tif,14_4,51,0.8298717737179049,28.727922061357855,6844.299803921568,4202.98,Z0_C1_T14.tif,1763.8923529411763,3048.93,3.880225339437036
145,Z0_C0_T14.tif,14_5,45,0.8786358003441125,26.14213562373095,6931.4122222222195,4202.98,Z0_C1_T14.tif,592.1433333333338,3048.93,11.70563245760691
148,Z0_C0_T15.tif,15_1,24,0.8111071056538127,15.65685424949238,5960.563333333333,4202.98,Z0_C1_T15.tif,1062.58,3048.93,5.6095195969558365
149,Z0_C0_T15.tif,15_2,21,0.0,13.65685424949238,5973.991904761903,4202.98,Z0_C1_T15.tif,1673.8061904761907,3048.93,3.5691061120178604
150,Z0_C0_T15.tif,15_3,66,0.7813139772327611,28.14213562373095,7883.336060606058,4202.98,Z0_C1_T15.tif,1874.390606060606,3048.93,4.205812830642815
151,Z0_C0_T15.tif,15_4,58,0.4894707665662245,25.899494936611664,7510.005862068963,4202.98,Z0_C1_T15.tif,1584.2782758620688,3048.93,4.740332539106787
152,Z0_C0_T15.tif,15_5,32,0.0,17.65685424949238,7190.9175,4202.98,Z0_C1_T15.tif,1242.1425,3048.93,5.789124436205991
153,Z0_C0_T15.tif,15_6,45,0.8483503086001621,24.485281374238568,6381.807777777774,4202.98,Z0_C1_T15.tif,1525.1966666666667,3048.93,4.184252376924795
154,Z0_C0_T15.tif,15_7,53,0.8877445919563662,28.727922061357855,6262.07905660377,4202.98,Z0_C1_T15.tif,1484.2922641509435,3048.93,4.218898937795013
155,Z0_C0_T15.tif,15_8,47,0.914821145431086,26.72792206135785,6126.123617021274,4202.98,Z0_C1_T15.tif,928.074680851064,3048.93,6.60089510404862
156,Z0_C0_T15.tif,15_9,12,0.0,9.65685424949238,6467.563333333332,4202.98,Z0_C1_T15.tif,1094.7466666666667,3048.93,5.907817333690594
157,Z0_C0_T15.tif,15_10,54,0.8741926878753858,28.72792206135785,6701.267037037033,4202.98,Z0_C1_T15.tif,603.8855555555557,3048.93,11.096915591683723
158,Z0_C0_T16.tif,16_1,32,0.0,17.65685424949238,6479.7325,4202.98,Z0_C1_T16.tif,552.5687499999999,3048.93,11.726563436676434
159,Z0_C0_T16.tif,16_2,30,0.4509717590117594,17.071067811865476,6340.153333333336,4202.98,Z0_C1_T16.tif,2263.5333333333333,3048.93,2.800998439018645
160,Z0_C0_T16.tif,16_3,63,0.8131090120866761,28.727922061357855,7618.18984126984,4202.98,Z0_C1_T16.tif,1481.3142857142864,3048.93,5.142858551179344
161,Z0_C0_T16.tif,16_4,69,0.5646565548039252,30.142135623730947,7422.963478260868,4202.98,Z0_C1_T16.tif,1332.7449275362324,3048.93,5.569680532930834
162,Z0_C0_T16.tif,16_5,71,0.9236333453236548,35.55634918610404,6549.62422535211,4202.98,Z0_C1_T16.tif,1305.1070422535217,3048.93,5.018457500652902
163,Z0_C0_T16.tif,16_6,12,0.0,9.65685424949238,6081.586666666666,4202.98,Z0_C1_T16.tif,1665.2666666666664,3048.93,3.652019696545098
164,Z0_C0_T16.tif,16_7,53,0.9023057461554778,28.727922061357855,6917.391698113205,4202.98,Z0_C1_T16.tif,1432.6000000000006,3048.93,4.82855765608907
165,Z0_C0_T16.tif,16_8,34,0.4678596948487089,18.48528137423857,6771.06705882353,4202.98,Z0_C1_T16.tif,1098.1588235294116,3048.93,6.165835864307639
166,Z0_C0_T16.tif,16_9,8,0.5773502691896258,7.65685424949238,6163.795,4202.98,Z0_C1_T16.tif,1056.475,3048.93,5.834302752076481
167,Z0_C0_T16.tif,16_10,19,0.5207037318817047,13.071067811865476,6150.7621052631575,4202.98,Z0_C1_T16.tif,927.5473684210523,3048.93,6.631210776581138
170,Z0_C0_T17.tif,17_1,58,0.9111436532842682,32.89949493661166,7055.163793103448,4202.98,Z0_C1_T17.tif,1397.474827586207,3048.93,5.048508677104047
171,Z0_C0_T17.tif,17_2,63,0.8176617466222847,27.556349186104043,7605.940476190476,4202.98,Z0_C1_T17.tif,1882.4236507936516,3048.93,4.0405040985241145
172,Z0_C0_T17.tif,17_3,60,0.886155018742659,31.556349186104043,6964.616666666667,4202.98,Z0_C1_T17.tif,1486.7300000000002,3048.93,4.684520166181261
173,Z0_C0_T17.tif,17_4,61,0.2614493622558941,26.72792206135785,7603.7172131147545,4202.98,Z0_C1_T17.tif,1192.4988524590167,3048.93,6.376288914186671
174,Z0_C0_T17.tif,17_5,24,0.5849866175853744,15.071067811865476,7171.708333333333,4202.98,Z0_C1_T17.tif,920.1716666666667,3048.93,7.793880851942481
175,Z0_C0_T17.tif,17_6,29,0.7773944523950813,17.899494936611667,6882.922413793103,4202.98,Z0_C1_T17.tif,1385.4920689655169,3048.93,4.967854070021682
176,Z0_C0_T17.tif,17_7,24,0.5849866175853743,15.071067811865476,6436.666666666667,4202.98,Z0_C1_T17.tif,1623.3383333333334,3048.93,3.9650801896914074
177,Z0_C0_T17.tif,17_8,10,0.6164414002968978,9.071067811865476,6131.95,4202.98,Z0_C1_T17.tif,1040.8300000000004,3048.93,5.891403975673258
178,Z0_C0_T17.tif,17_9,12,0.0,9.65685424949238,6770.666666666667,4202.98,Z0_C1_T17.tif,1561.8800000000003,3048.93,4.33494677354641
180,Z0_C0_T18.tif,18_1,34,0.6277433712160546,18.48528137423857,5699.687647058824,4202.98,Z0_C1_T18.tif,766.5523529411764,3048.93,7.435483858590681
181,Z0_C0_T18.tif,18_2,78,0.8691865918207606,32.384776310850235,6183.04435897436,4202.98,Z0_C1_T18.tif,1092.3366666666666,3048.93,5.6603834217543065
182,Z0_C0_T18.tif,18_3,30,0.4509717590117594,17.071067811865476,6168.336666666668,4202.98,Z0_C1_T18.tif,1779.3366666666664,3048.93,3.466649556669996
183,Z0_C0_T18.tif,18_4,104,0.7929188405427908,46.04163056034262,6140.5603846153845,4202.98,Z0_C1_T18.tif,901.7276923076922,3048.93,6.809772436843462
184,Z0_C0_T18.tif,18_5,88,0.9079353367830417,38.142135623730944,6171.433636363637,4202.98,Z0_C1_T18.tif,1365.0109090909093,3048.93,4.521160670044594
185,Z0_C0_T18.tif,18_6,61,0.8897016566433255,30.14213562373095,6215.5781967213115,4202.98,Z0_C1_T18.tif,1224.0634426229508,3048.93,5.077823567218403
186,Z0_C0_T18.tif,18_7,60,0.9059905321522547,31.556349186104043,5444.803333333333,4202.98,Z0_C1_T18.tif,664.2366666666666,3048.93,8.197083368879568
187,Z0_C0_T18.tif,18_8,11,0.7559289460184544,9.65685424949238,5070.615454545455,4202.98,Z0_C1_T18.tif,1320.0336363636363,3048.93,3.8412774605605784
188,Z0_C0_T18.tif,18_9,12,0.0,9.65685424949238,5034.07,4202.98,Z0_C1_T18.tif,565.7533333333334,3048.93,8.897994414526941
189,Z0_C0_T18.tif,18_10,32,0.5344883724417774,17.899494936611667,5411.3825,4202.98,Z0_C1_T18.tif,1037.32625,3048.93,5.216663995536601
190,Z0_C0_T18.tif,18_11,46,0.8678426137059532,24.485281374238568,5719.874347826088,4202.98,Z0_C1_T18.tif,1376.3221739130433,3048.93,4.15591237011304
191,Z0_C0_T18.tif,18_12,12,0.0,9.65685424949238,5283.403333333333,4202.98,Z0_C1_T18.tif,1207.5866666666668,3048.93,4.375175280725192
193,Z0_C0_T19.tif,19_1,8,0.5773502691896258,7.65685424949238,5991.425,4202.98,Z0_C1_T19.tif,938.4749999999999,3048.93,6.38421375103226
194,Z0_C0_T19.tif,19_2,12,0.0,9.65685424949238,6235.966666666667,4202.98,Z0_C1_T19.tif,688.0166666666668,3048.93,9.06368547273564
195,Z0_C0_T19.tif,19_3,69,0.8561270081836567,30.384776310850235,7348.010144927535,4202.98,Z0_C1_T19.tif,1102.8246376811599,3048.93,6.662899878966918
196,Z0_C0_T19.tif,19_4,74,0.9386107363306199,38.38477631085023,6347.705405405406,4202.98,Z0_C1_T19.tif,1274.9108108108112,3048.93,4.97894076321184
197,Z0_C0_T19.tif,19_5,26,0.5440588203494177,15.65685424949238,5696.761538461538,4202.98,Z0_C1_T19.tif,1332.7538461538459,3048.93,4.274428886400629
198,Z0_C0_T19.tif,19_6,86,0.8343706004786754,38.62741699796952,7233.49767441861,4202.98,Z0_C1_T19.tif,950.9488372093027,3048.93,7.60661077797451
199,Z0_C0_T19.tif,19_7,21,0.0,13.65685424949238,6306.919047619047,4202.98,Z0_C1_T19.tif,891.2428571428567,3048.93,7.076543724387028
200,Z0_C0_T19.tif,19_8,30,0.4509717590117594,17.071067811865476,6217.366666666665,4202.98,Z0_C1_T19.tif,1023.7999999999996,3048.93,6.072833235658007
201,Z0_C0_T19.tif,19_9,26,0.5440588203494177,15.65685424949238,6994.030769230769,4202.98,Z0_C1_T19.tif,1483.4846153846152,3048.93,4.714596091323443
202,Z0_C0_T19.tif,19_10,54,0.7571343834768745,24.727922061357855,7142.892592592591,4202.98,Z0_C1_T19.tif,720.6555555555555,3048.93,9.91165965144904
204,Z1_C0_T00.tif,20_1,8,0.5773502691896258,7.65685424949238,7273.76,4202.98,Z1_C1_T00.tif,2970.63,3048.93,2.448558049975931
205,Z1_C0_T00.tif,20_2,58,0.9191414712215888,32.72792206135785,8337.053103448277,4202.98,Z1_C1_T00.tif,2168.5524137931034,3048.93,3.8445246010289407
206,Z1_C0_T00.tif,20_3,47,0.44066204957856864,22.48528137423857,9865.16425531915,4202.98,Z1_C1_T00.tif,2819.0927659574477,3048.93,3.499411007132519
207,Z1_C0_T00.tif,20_4,43,0.3978147122322054,21.071067811865476,9566.341395348838,4202.98,Z1_C1_T00.tif,5117.391627906977,3048.93,1.8693784042597283
208,Z1_C0_T00.tif,20_5,26,0.5440588203494177,15.65685424949238,6992.49076923077,4202.98,Z1_C1_T00.tif,2637.2646153846154,3048.93,2.651417961034219
209,Z1_C0_T00.tif,20_6,56,0.790186211112412,25.899494936611664,8585.402857142859,4202.98,Z1_C1_T00.tif,2079.5942857142863,3048.93,4.128402792852452
210,Z1_C0_T00.tif,20_7,47,0.8762033919681925,26.727922061357855,7324.951489361704,4202.98,Z1_C1_T00.tif,1045.390638297872,3048.93,7.006903659753784
211,Z1_C0_T01.tif,21_1,12,0.0,9.65685424949238,6601.053333333333,4202.98,Z1_C1_T01.tif,1750.3533333333335,3048.93,3.771269039013075
212,Z1_C0_T01.tif,21_2,36,0.5439056439097801,19.071067811865476,7359.5811111111125,4202.98,Z1_C1_T01.tif,1256.0755555555552,3048.93,5.859186637746494
213,Z1_C0_T01.tif,21_3,72,0.6868697343547129,30.142135623730947,8022.3727777777785,4202.98,Z1_C1_T01.tif,2040.0755555555556,3048.93,3.9323900313060305
214,Z1_C0_T01.tif,21_4,24,0.5849866175853744,15.071067811865476,6391.970000000001,4202.98,Z1_C1_T01.tif,1118.77,3048.93,5.713390598603825
215,Z1_C0_T01.tif,21_5,60,0.47985088533880815,25.899494936611664,8712.119999999999,4202.98,Z1_C1_T01.tif,3096.636666666666,3048.93,2.8134136929205993
216,Z1_C0_T01.tif,21_6,21,0.0,13.65685424949238,6484.220000000001,4202.98,Z1_C1_T01.tif,2729.5080952380945,3048.93,2.375600208445025
217,Z1_C0_T01.tif,21_7,34,0.6277433712160546,18.48528137423857,7384.278823529413,4202.98,Z1_C1_T01.tif,2754.5641176470594,3048.93,2.680743126007552
218,Z1_C0_T01.tif,21_8,26,0.5440588203494177,15.65685424949238,7015.643076923078,4202.98,Z1_C1_T01.tif,2009.154615384615,3048.93,3.49183832005884
219,Z1_C0_T01.tif,21_9,16,0.5773502691896258,11.65685424949238,6209.345000000001,4202.98,Z1_C1_T01.tif,1025.5825,3048.93,6.054456857444429
220,Z1_C0_T01.tif,21_10,70,0.7425841438152572,28.727922061357855,7846.234285714284,4202.98,Z1_C1_T01.tif,2201.0271428571423,3048.93,3.564805782235437
221,Z1_C0_T01.tif,21_11,57,0.8822766693198361,30.72792206135785,6691.798947368422,4202.98,Z1_C1_T01.tif,1185.234912280702,3048.93,5.645968472605697
222,Z1_C0_T02.tif,22_1,32,0.5344883724417774,17.899494936611667,6725.59375,4202.98,Z1_C1_T02.tif,2100.16875,3048.93,3.2024063542512957
223,Z1_C0_T02.tif,22_2,31,0.6933752452815365,17.65685424949238,7439.7338709677415,4202.98,Z1_C1_T02.tif,1494.8290322580638,3048.93,4.976979781914862
224,Z1_C0_T02.tif,22_3,72,0.7748146796770893,29.556349186104043,7691.666666666667,4202.98,Z1_C1_T02.tif,1847.241666666667,3048.93,4.163865944268255
225,Z1_C0_T02.tif,22_4,37,0.0,19.31370849898476,7101.141891891892,4202.98,Z1_C1_T02.tif,2900.835135135135,3048.93,2.4479646588261166
226,Z1_C0_T02.tif,22_5,36,0.5439056439097798,19.071067811865476,6966.5,4202.98,Z1_C1_T02.tif,2562.8666666666663,3048.93,2.718245194183597
227,Z1_C0_T02.tif,22_6,56,0.10141851056742227,24.48528137423857,8046.75,4202.98,Z1_C1_T02.tif,3214.932142857143,3048.93,2.502929966306776
228,Z1_C0_T02.tif,22_7,26,0.5440588203494177,15.65685424949238,6608.365384615385,4202.98,Z1_C1_T02.tif,1692.0461538461534,3048.93,3.905546766318432
229,Z1_C0_T02.tif,22_8,68,0.8850387046049013,34.72792206135785,7418.970588235294,4202.98,Z1_C1_T02.tif,2256.2882352941187,3048.93,3.288130688350725
230,Z1_C0_T02.tif,22_9,19,0.5207037318817048,13.071067811865476,6428.4078947368425,4202.98,Z1_C1_T02.tif,1779.8052631578946,3048.93,3.6118602567400933
231,Z1_C0_T02.tif,22_10,26,0.5440588203494177,15.65685424949238,7588.403846153846,4202.98,Z1_C1_T02.tif,1677.8153846153841,3048.93,4.522788332813733
232,Z1_C0_T02.tif,22_11,26,0.5440588203494177,15.65685424949238,6708.25,4202.98,Z1_C1_T02.tif,606.5461538461537,3048.93,11.059751937198008
233,Z1_C0_T03.tif,23_1,16,0.5773502691896258,11.65685424949238,6050.6025,4202.98,Z1_C1_T03.tif,3705.5550000000003,3048.93,1.6328464966786351
234,Z1_C0_T03.tif,23_2,36,0.54390564390978,19.071067811865476,7019.623333333335,4202.98,Z1_C1_T03.tif,1529.791111111111,3048.93,4.58861558440804
235,Z1_C0_T03.tif,23_3,78,0.788858903772049,31.31370849898476,7857.809230769232,4202.98,Z1_C1_T03.tif,1958.4748717948714,3048.93,4.012208348411351
236,Z1_C0_T03.tif,23_4,53,0.9031354462798064,29.31370849898476,6227.077735849055,4202.98,Z1_C1_T03.tif,904.6988679245284,3048.93,6.8830391599081
237,Z1_C0_T03.tif,23_5,56,0.49559462778335206,24.48528137423857,8171.575714285714,4202.98,Z1_C1_T03.tif,3107.608571428572,3048.93,2.6295382852960882
238,Z1_C0_T03.tif,23_6,36,0.5439056439097799,19.071067811865476,6608.234444444446,4202.98,Z1_C1_T03.tif,2685.3466666666664,3048.93,2.460849664764989
239,Z1_C0_T03.tif,23_7,34,0.4678596948487089,18.48528137423857,6947.216470588237,4202.98,Z1_C1_T03.tif,3322.2976470588233,3048.93,2.091087918247932
240,Z1_C0_T03.tif,23_8,77,0.8482125732852621,32.97056274847714,6867.676363636363,4202.98,Z1_C1_T03.tif,2810.6020779220776,3048.93,2.443489392391592
241,Z1_C0_T03.tif,23_9,20,0.7302967433402214,13.65685424949238,6140.289999999999,4202.98,Z1_C1_T03.tif,1931.23,3048.93,3.179471114263966
242,Z1_C0_T03.tif,23_10,16,0.5773502691896258,11.65685424949238,6138.7275,4202.98,Z1_C1_T03.tif,1096.0549999999998,3048.93,5.600747681457592
243,Z1_C0_T03.tif,23_11,20,0.7302967433402214,13.65685424949238,5924.589999999998,4202.98,Z1_C1_T03.tif,1355.33,3048.93,4.371326540399754
244,Z1_C0_T04.tif,24_1,16,0.5773502691896258,11.65685424949238,6532.735,4202.98,Z1_C1_T04.tif,2047.8775,3048.93,3.1900028199928947
245,Z1_C0_T04.tif,24_2,31,0.6933752452815365,17.65685424949238,7580.819677419352,4202.98,Z1_C1_T04.tif,1472.0125806451617,3048.93,5.149969352909191
246,Z1_C0_T04.tif,24_3,31,0.6933752452815365,17.65685424949238,6872.206774193545,4202.98,Z1_C1_T04.tif,1941.10935483871,3048.93,3.5403501389876966
247,Z1_C0_T04.tif,24_4,52,0.3700306020238812,23.899494936611664,8408.552307692307,4202.98,Z1_C1_T04.tif,3084.786153846154,3048.93,2.725813683132754
248,Z1_C0_T04.tif,24_5,64,0.8380447122588723,29.31370849898476,8069.813125000001,4202.98,Z1_C1_T04.tif,1704.268125,3048.93,4.73506076105249
249,Z1_C0_T04.tif,24_6,36,0.54390564390978,19.071067811865476,6906.526666666666,4202.98,Z1_C1_T04.tif,2810.162222222223,3048.93,2.4576967877694673
250,Z1_C0_T04.tif,24_7,8,0.5773502691896258,7.65685424949238,6439.235,4202.98,Z1_C1_T04.tif,2163.19,3048.93,2.976731123941956
251,Z1_C0_T04.tif,24_8,8,0.5773502691896258,7.65685424949238,6301.985,4202.98,Z1_C1_T04.tif,2028.19,3048.93,3.1071965644244375
252,Z1_C0_T04.tif,24_9,64,0.8966167345234256,33.31370849898476,7583.000625000001,4202.98,Z1_C1_T04.tif,1586.7525000000003,3048.93,4.7789435497974635
253,Z1_C0_T04.tif,24_10,12,0.0,9.65685424949238,6224.61,4202.98,Z1_C1_T04.tif,1017.9400000000002,3048.93,6.114908540778433
254,Z1_C0_T04.tif,24_11,56,0.810506118143077,26.485281374238568,6956.270714285715,4202.98,Z1_C1_T04.tif,744.0828571428574,3048.93,9.348785081538537
255,Z1_C0_T04.tif,24_12,8,0.5773502691896258,7.65685424949238,6607.985,4202.98,Z1_C1_T04.tif,768.065,3048.93,8.603418981466412
256,Z1_C0_T04.tif,24_13,12,0.0,9.65685424949238,6317.026666666666,4202.98,Z1_C1_T04.tif,8542.273333333334,3048.93,0.7395018187976501
257,Z1_C0_T05.tif,25_1,18,0.7226591383582849,13.071067811865474,6002.696666666667,4202.98,Z1_C1_T05.tif,2159.8766666666666,3048.93,2.7791849225958893
258,Z1_C0_T05.tif,25_2,73,0.9181185518454904,38.14213562373095,7039.331369863013,4202.98,Z1_C1_T05.tif,2671.497671232876,3048.93,2.634975671386011
259,Z1_C0_T05.tif,25_3,32,0.0,17.65685424949238,6394.311249999999,4202.98,Z1_C1_T05.tif,1137.36625,3048.93,5.622033579772565
260,Z1_C0_T05.tif,25_4,63,0.4047692268953564,26.48528137423857,7966.934761904764,4202.98,Z1_C1_T05.tif,3125.178253968253,3048.93,2.549273709999934
261,Z1_C0_T05.tif,25_5,29,0.6943207788666134,17.071067811865476,5824.823103448275,4202.98,Z1_C1_T05.tif,2098.3824137931033,3048.93,2.775863477105271
262,Z1_C0_T05.tif,25_6,81,0.5842278434202246,32.14213562373095,8052.128765432098,4202.98,Z1_C1_T05.tif,2042.4445679012342,3048.93,3.9423976992953436
263,Z1_C0_T05.tif,25_7,26,0.5440588203494177,15.65685424949238,5991.914615384614,4202.98,Z1_C1_T05.tif,1390.6715384615384,3048.93,4.308648339789354
264,Z1_C0_T05.tif,25_8,105,0.907448666926412,46.384776310850235,6752.420476190476,4202.98,Z1_C1_T05.tif,1226.6004761904758,3048.93,5.504987652672254
265,Z1_C0_T05.tif,25_9,56,0.8650377934614243,27.071067811865476,6787.369285714284,4202.98,Z1_C1_T05.tif,1226.9778571428574,3048.93,5.531778137805488
266,Z1_C0_T06.tif,26_1,16,0.5773502691896258,11.65685424949238,6236.435,4202.98,Z1_C1_T06.tif,1474.125,3048.93,4.23060120410413
267,Z1_C0_T06.tif,26_2,32,0.0,17.65685424949238,6761.278750000001,4202.98,Z1_C1_T06.tif,1825.96875,3048.93,3.702844722835482
268,Z1_C0_T06.tif,26_3,62,0.712238800305592,27.31370849898476,8162.422903225806,4202.98,Z1_C1_T06.tif,2019.774193548387,3048.93,4.041255170651462
269,Z1_C0_T06.tif,26_4,32,0.0,17.65685424949238,6925.528750000001,4202.98,Z1_C1_T06.tif,2662.09375,3048.93,2.6015345064387763
270,Z1_C0_T06.tif,26_5,56,0.10141851056742227,24.48528137423857,7669.8099999999995,4202.98,Z1_C1_T06.tif,2611.4285714285716,3048.93,2.937016958424507
271,Z1_C0_T06.tif,26_6,26,0.5440588203494177,15.65685424949238,6310.040769230769,4202.98,Z1_C1_T06.tif,2298.6923076923076,3048.93,2.7450567212127295
272,Z1_C0_T06.tif,26_7,106,0.944410249232993,46.627416997969526,6692.196792452831,4202.98,Z1_C1_T06.tif,1438.877358490566,3048.93,4.650984847988147
273,Z1_C0_T06.tif,26_8,10,0.6164414002968978,9.071067811865476,6095.41,4202.98,Z1_C1_T06.tif,663.1,3048.93,9.192293771678479
274,Z1_C0_T06.tif,26_9,55,0.8027762045740998,25.899494936611664,6692.355454545454,4202.98,Z1_C1_T06.tif,1279.9545454545455,3048.93,5.2285883731666605
275,Z1_C0_T07.tif,27_1,68,0.8991850043033656,35.31370849898476,6467.958235294118,4202.98,Z1_C1_T07.tif,1898.34,3048.93,3.407165331444377
276,Z1_C0_T07.tif,27_2,61,0.4745683344599896,25.899494936611667,8334.062622950818,4202.98,Z1_C1_T07.tif,2457.688360655738,3048.93,3.3910168418290425
277,Z1_C0_T07.tif,27_3,61,0.42493172434818177,25.899494936611667,7826.193770491803,4202.98,Z1_C1_T07.tif,2612.7375409836063,3048.93,2.995399900575359
278,Z1_C0_T07.tif,27_4,21,0.0,13.65685424949238,5953.953333333331,4202.98,Z1_C1_T07.tif,1937.7328571428563,3048.93,3.0726388889912832
279,Z1_C0_T07.tif,27_5,16,0.5773502691896258,11.65685424949238,6074.87,4202.98,Z1_C1_T07.tif,1104.0900000000001,3048.93,5.502151092755119
280,Z1_C0_T07.tif,27_6,102,0.9384421035535327,44.627416997969526,6940.159215686273,4202.98,Z1_C1_T07.tif,1267.5213725490196,3048.93,5.475378455930432
282,Z1_C0_T07.tif,27_8,12,0.0,9.65685424949238,5972.786666666667,4202.98,Z1_C1_T07.tif,4616.673333333332,3048.93,1.2937425361118615
283,Z1_C0_T08.tif,28_1,26,0.5440588203494177,15.65685424949238,7359.059230769232,4202.98,Z1_C1_T08.tif,1210.0184615384617,3048.93,6.081774340378787
284,Z1_C0_T08.tif,28_2,55,0.23790384710888657,24.48528137423857,8868.953636363636,4202.98,Z1_C1_T08.tif,2585.4163636363646,3048.93,3.4303773121825274
285,Z1_C0_T08.tif,28_3,21,0.0,13.65685424949238,7178.170952380953,4202.98,Z1_C1_T08.tif,3563.3133333333326,3048.93,2.014465268948457
286,Z1_C0_T08.tif,28_4,54,0.36869417820062067,23.899494936611667,8335.104814814815,4202.98,Z1_C1_T08.tif,2729.313333333334,3048.93,3.0539200878907806
287,Z1_C0_T08.tif,28_5,67,0.8187762359481198,29.31370849898476,7776.476567164179,4202.98,Z1_C1_T08.tif,1341.711343283582,3048.93,5.79593860191473
288,Z1_C0_T08.tif,28_6,12,0.0,9.65685424949238,6924.54,4202.98,Z1_C1_T08.tif,882.1466666666665,3048.93,7.849647073049079
290,Z1_C0_T09.tif,29_1,51,0.5192288504844725,24.48528137423857,5328.934313725492,4202.98,Z1_C1_T09.tif,928.4260784313726,3048.93,5.739750786329723
291,Z1_C0_T09.tif,29_2,58,0.8314479384252541,27.31370849898476,5505.11551724138,4202.98,Z1_C1_T09.tif,1484.2299999999998,3048.93,3.7090717188315696
292,Z1_C0_T09.tif,29_3,30,0.4509717590117594,17.071067811865476,5487.616666666665,4202.98,Z1_C1_T09.tif,707.0633333333333,3048.93,7.761138794733143
293,Z1_C0_T09.tif,29_4,103,0.8774047081981775,41.798989873223334,6539.480097087379,4202.98,Z1_C1_T09.tif,1935.1523300970878,3048.93,3.379310246216787
294,Z1_C0_T09.tif,29_5,173,0.9030771721866867,70.80508652763321,6313.121098265897,4202.98,Z1_C1_T09.tif,1661.4091907514446,3048.93,3.799859260084214
295,Z1_C0_T09.tif,29_6,128,0.9463261304886476,50.627416997969526,6141.868749999999,4202.98,Z1_C1_T09.tif,1327.8784374999998,3048.93,4.625324560253656
296,Z1_C0_T09.tif,29_7,73,0.8912412310573599,34.970562748477136,5313.588356164384,4202.98,Z1_C1_T09.tif,763.4628767123288,3048.93,6.959851642094358
297,Z1_C0_T09.tif,29_8,8,0.5773502691896258,7.65685424949238,4592.15,4202.98,Z1_C1_T09.tif,1679.23,3048.93,2.7346760122198863
298,Z1_C0_T09.tif,29_9,8,0.5773502691896258,7.65685424949238,4937.15,4202.98,Z1_C1_T09.tif,845.605,3048.93,5.838600765132656
300,Z1_C0_T10.tif,30_1,17,0.7071067811865475,12.48528137423857,5694.845882352942,4202.98,Z1_C1_T10.tif,820.3505882352943,3048.93,6.941965988716445
301,Z1_C0_T10.tif,30_2,70,0.7985304440701924,29.556349186104043,6636.4400000000005,4202.98,Z1_C1_T10.tif,1609.2514285714292,3048.93,4.123929848483233
302,Z1_C0_T10.tif,30_3,16,0.5773502691896258,11.65685424949238,5636.3275,4202.98,Z1_C1_T10.tif,2354.1925,3048.93,2.394165940125967
303,Z1_C0_T10.tif,30_4,38,0.6736927545596272,19.899494936611667,5835.008421052633,4202.98,Z1_C1_T10.tif,1929.4063157894745,3048.93,3.0242507103357665
304,Z1_C0_T10.tif,30_5,75,0.8078976634013798,30.48528137423857,7728.166666666667,4202.98,Z1_C1_T10.tif,2146.1866666666674,3048.93,3.6008828060932867
305,Z1_C0_T10.tif,30_6,12,0.0,9.65685424949238,5762.14,4202.98,Z1_C1_T10.tif,1199.046666666667,3048.93,4.805601116442506
306,Z1_C0_T10.tif,30_7,55,0.2705445398666321,24.48528137423857,8354.485454545456,4202.98,Z1_C1_T10.tif,2036.7163636363646,3048.93,4.101938592779464
307,Z1_C0_T10.tif,30_8,69,0.866046783020026,30.727922061357855,6455.966086956522,4202.98,Z1_C1_T10.tif,1380.7930434782613,3048.93,4.675549400722457
309,Z1_C0_T10.tif,30_10,26,0.5440588203494177,15.65685424949238,5772.293846153848,4202.98,Z1_C1_T10.tif,1202.649230769231,3048.93,4.799648724226771
310,Z1_C0_T10.tif,30_11,26,0.5440588203494177,15.65685424949238,5906.601538461539,4202.98,Z1_C1_T10.tif,697.226153846154,3048.93,8.471571965392533
311,Z1_C0_T11.tif,31_1,32,0.0,17.65685424949238,6596.731250000001,4202.98,Z1_C1_T11.tif,739.8912500000001,3048.93,8.91581195209431
312,Z1_C0_T11.tif,31_2,26,0.5440588203494177,15.65685424949238,7178.873076923077,4202.98,Z1_C1_T11.tif,2195.283076923077,3048.93,3.2701354792863584
313,Z1_C0_T11.tif,31_3,64,0.8679688069814555,28.970562748477143,7007.293749999999,4202.98,Z1_C1_T11.tif,1632.6881250000001,3048.93,4.2918752471480115
314,Z1_C0_T11.tif,31_4,35,0.524287959710202,19.071067811865476,6404.735714285716,4202.98,Z1_C1_T11.tif,1516.1457142857143,3048.93,4.2243536712453205
315,Z1_C0_T11.tif,31_5,65,0.663466113610843,28.14213562373095,7500.973076923076,4202.98,Z1_C1_T11.tif,1829.352307692308,3048.93,4.100343627294738
316,Z1_C0_T11.tif,31_6,52,0.4823412290324038,23.65685424949238,8076.719230769231,4202.98,Z1_C1_T11.tif,2097.8984615384616,3048.93,3.8499095065098117
317,Z1_C0_T11.tif,31_7,78,0.9048983851864836,35.55634918610404,6400.347435897435,4202.98,Z1_C1_T11.tif,1204.3856410256412,3048.93,5.31420104813519
318,Z1_C0_T11.tif,31_8,59,0.8971448665713497,30.72792206135785,6454.348305084745,4202.98,Z1_C1_T11.tif,845.0633898305085,3048.93,7.637709055623948
319,Z1_C0_T12.tif,32_1,19,0.5207037318817046,13.071067811865476,6078.064736842105,4202.98,Z1_C1_T12.tif,1070.7036842105263,3048.93,5.676701057887656
320,Z1_C0_T12.tif,32_2,16,0.0,11.313708498984761,5559.42,4202.98,Z1_C1_T12.tif,2617.4175,3048.93,2.124009639272298
321,Z1_C0_T12.tif,32_3,47,0.8849032236273644,26.14213562373095,6818.95723404255,4202.98,Z1_C1_T12.tif,1978.3363829787227,3048.93,3.4468138445573384
322,Z1_C0_T12.tif,32_4,77,0.5087242527040186,32.97056274847714,7706.715454545457,4202.98,Z1_C1_T12.tif,1207.8923376623372,3048.93,6.3802999772814575
323,Z1_C0_T12.tif,32_5,21,0.0,13.65685424949238,6015.217619047618,4202.98,Z1_C1_T12.tif,1575.277619047619,3048.93,3.8185127156724903
324,Z1_C0_T12.tif,32_6,54,0.6275821349864015,24.48528137423857,7997.429259259258,4202.98,Z1_C1_T12.tif,1991.6003703703698,3048.93,4.015579319144236
326,Z1_C0_T12.tif,32_8,21,0.0,13.65685424949238,6244.69380952381,4202.98,Z1_C1_T12.tif,1542.8014285714285,3048.93,4.047632892916195
327,Z1_C0_T12.tif,32_9,21,0.0,13.65685424949238,6153.789047619047,4202.98,Z1_C1_T12.tif,530.8966666666665,3048.93,11.591312272229464
328,Z1_C0_T12.tif,32_10,8,0.5773502691896258,7.65685424949238,6235.92,4202.98,Z1_C1_T12.tif,861.98,3048.93,7.234413791503283
329,Z1_C0_T13.tif,33_1,12,0.0,9.65685424949238,6180.18,4202.98,Z1_C1_T13.tif,861.9566666666666,3048.93,7.16994280454934
330,Z1_C0_T13.tif,33_2,12,0.0,9.65685424949238,6177.013333333333,4202.98,Z1_C1_T13.tif,2255.5400000000004,3048.93,2.7385962267720068
331,Z1_C0_T13.tif,33_3,54,0.8206800833479638,25.31370849898476,6612.402222222222,4202.98,Z1_C1_T13.tif,1691.0955555555552,3048.93,3.9101292653151876
332,Z1_C0_T13.tif,33_4,71,0.6733344758322128,29.31370849898476,7941.658873239442,4202.98,Z1_C1_T13.tif,1330.9132394366193,3048.93,5.967074815937045
333,Z1_C0_T13.tif,33_5,81,0.8911866100927367,35.55634918610404,7281.402222222222,4202.98,Z1_C1_T13.tif,1600.4844444444445,3048.93,4.549498901721423
334,Z1_C0_T13.tif,33_6,48,0.8600586080678859,28.520815280171306,6340.450833333333,4202.98,Z1_C1_T13.tif,1177.9566666666667,3048.93,5.382584107508199
336,Z1_C0_T13.tif,33_8,21,0.0,13.65685424949238,6618.751428571427,4202.98,Z1_C1_T13.tif,1389.706666666667,3048.93,4.762696752723423
338,Z1_C0_T14.tif,34_1,30,0.4509717590117594,17.071067811865476,5427.523333333333,4202.98,Z1_C1_T14.tif,701.8333333333337,3048.93,7.7333507480408405
339,Z1_C0_T14.tif,34_2,75,0.7712152837042867,30.14213562373095,7241.676666666665,4202.98,Z1_C1_T14.tif,1835.7199999999996,3048.93,3.944869951118181
340,Z1_C0_T14.tif,34_3,32,0.0,17.65685424949238,5709.80875,4202.98,Z1_C1_T14.tif,1896.74375,3048.93,3.010321636752461
341,Z1_C0_T14.tif,34_4,93,0.8473533445450198,36.14213562373095,6332.950215053761,4202.98,Z1_C1_T14.tif,1420.518279569892,3048.93,4.458196917375303
342,Z1_C0_T14.tif,34_5,90,0.7997141419565191,38.384776310850235,6368.456666666665,4202.98,Z1_C1_T14.tif,1137.8888888888885,3048.93,5.5967298115418425
343,Z1_C0_T14.tif,34_6,65,0.729119170160088,28.14213562373095,6342.8592307692315,4202.98,Z1_C1_T14.tif,1070.3384615384616,3048.93,5.926031305697695
344,Z1_C0_T14.tif,34_7,36,0.5439056439097799,19.071067811865476,6185.201111111111,4202.98,Z1_C1_T14.tif,951.5944444444447,3048.93,6.499828942067989
345,Z1_C0_T14.tif,34_8,64,0.9059066437039813,33.55634918610404,5495.6525,4202.98,Z1_C1_T14.tif,969.1812499999999,3048.93,5.670407367043059
346,Z1_C0_T14.tif,34_9,12,0.0,9.65685424949238,5807.839999999999,4202.98,Z1_C1_T14.tif,815.15,3048.93,7.124872722811752
347,Z1_C0_T14.tif,34_10,28,0.1904761904761901,16.48528137423857,5275.411428571429,4202.98,Z1_C1_T14.tif,1069.9000000000003,3048.93,4.930751872671677
350,Z1_C0_T15.tif,35_2,8,0.5773502691896258,7.65685424949238,6047.2,4202.98,Z1_C1_T15.tif,654.9899999999998,3048.93,9.232507366524683
351,Z1_C0_T15.tif,35_3,32,0.0,17.65685424949238,5927.106250000001,4202.98,Z1_C1_T15.tif,1718.0212499999998,3048.93,3.449960965267456
352,Z1_C0_T15.tif,35_4,75,0.7852094554551202,30.14213562373095,7428.91333333333,4202.98,Z1_C1_T15.tif,1954.8333333333326,3048.93,3.8002796487339072
353,Z1_C0_T15.tif,35_5,65,0.8574214625781251,32.14213562373095,6473.961538461537,4202.98,Z1_C1_T15.tif,1063.216923076923,3048.93,6.089031690472021
354,Z1_C0_T15.tif,35_6,59,0.4790630052059091,25.899494936611664,6525.513559322034,4202.98,Z1_C1_T15.tif,1026.5366101694913,3048.93,6.356824973095317
355,Z1_C0_T15.tif,35_7,51,0.865415614726352,28.727922061357855,6571.405882352941,4202.98,Z1_C1_T15.tif,811.1909803921566,3048.93,8.100935588776032
356,Z1_C0_T15.tif,35_8,40,0.5920232889294219,20.48528137423857,6053.225,4202.98,Z1_C1_T15.tif,891.1899999999998,3048.93,6.792294572425635
357,Z1_C0_T15.tif,35_9,33,0.6326377092224391,18.48528137423857,5901.154545454546,4202.98,Z1_C1_T15.tif,817.1642424242422,3048.93,7.221503633036943
358,Z1_C0_T15.tif,35_10,56,0.8773159022260453,28.384776310850235,5756.914285714285,4202.98,Z1_C1_T15.tif,1213.275714285714,3048.93,4.74493490467954
359,Z1_C0_T15.tif,35_11,14,0.6292889820590859,11.071067811865474,5909.485714285714,4202.98,Z1_C1_T15.tif,902.7399999999998,3048.93,6.546165799993038
361,Z1_C0_T16.tif,36_1,63,0.9226139489981715,34.89949493661166,6367.325873015873,4202.98,Z1_C1_T16.tif,1249.2592063492066,3048.93,5.0968812882504455
362,Z1_C0_T16.tif,36_2,74,0.8428718633612334,30.970562748477143,7425.03972972973,4202.98,Z1_C1_T16.tif,1635.9910810810811,3048.93,4.5385575848146935
363,Z1_C0_T16.tif,36_3,74,0.7333796171802797,30.14213562373095,6657.904594594594,4202.98,Z1_C1_T16.tif,1068.2748648648649,3048.93,6.232389072859829
364,Z1_C0_T16.tif,36_4,48,0.47227342165478103,23.071067811865476,6575.3516666666665,4202.98,Z1_C1_T16.tif,1156.9099999999999,3048.93,5.6835464009012515
365,Z1_C0_T16.tif,36_5,55,0.869331269429734,28.727922061357855,6252.91,4202.98,Z1_C1_T16.tif,1179.4554545454548,3048.93,5.301522813686746
366,Z1_C0_T16.tif,36_6,32,0.0,17.65685424949238,6361.872500000001,4202.98,Z1_C1_T16.tif,1234.3787499999999,3048.93,5.15390636787939
367,Z1_C0_T16.tif,36_7,26,0.5440588203494177,15.65685424949238,6039.502307692308,4202.98,Z1_C1_T16.tif,789.4484615384614,3048.93,7.650280673069711
368,Z1_C0_T16.tif,36_8,45,0.8710743037858396,24.48528137423857,5984.043333333334,4202.98,Z1_C1_T16.tif,1017.1988888888892,3048.93,5.882864598751035
369,Z1_C0_T16.tif,36_9,23,0.6598092915007954,15.071067811865476,5892.0491304347825,4202.98,Z1_C1_T16.tif,948.6491304347825,3048.93,6.210988806508844
373,Z1_C0_T17.tif,37_2,73,0.8252530493922003,30.384776310850235,7327.288219178079,4202.98,Z1_C1_T17.tif,1783.941369863013,3048.93,4.107359324113176
374,Z1_C0_T17.tif,37_3,30,0.4509717590117594,17.071067811865476,7203.1133333333355,4202.98,Z1_C1_T17.tif,2024.0066666666667,3048.93,3.558838739002837
375,Z1_C0_T17.tif,37_4,48,0.8558826917219695,26.727922061357855,6803.209166666665,4202.98,Z1_C1_T17.tif,1246.5358333333331,3048.93,5.457692418255124
376,Z1_C0_T17.tif,37_5,40,0.6475161066983083,20.48528137423857,6877.0549999999985,4202.98,Z1_C1_T17.tif,1288.4649999999997,3048.93,5.33740148160796
377,Z1_C0_T17.tif,37_6,43,0.8806057455893229,25.31370849898476,6807.061395348835,4202.98,Z1_C1_T17.tif,1154.9190697674417,3048.93,5.893972637164548
378,Z1_C0_T17.tif,37_7,32,0.0,17.65685424949238,6198.07375,4202.98,Z1_C1_T17.tif,776.4212499999999,3048.93,7.982874953512672
379,Z1_C0_T17.tif,37_8,48,0.8320764222454878,26.14213562373095,6671.229999999999,4202.98,Z1_C1_T17.tif,1030.6608333333331,3048.93,6.472769493359034
380,Z1_C0_T17.tif,37_9,19,0.5207037318817048,13.071067811865476,6085.3747368421045,4202.98,Z1_C1_T17.tif,1261.1663157894734,3048.93,4.82519605911988
381,Z1_C0_T17.tif,37_10,16,0.5773502691896258,11.65685424949238,6171.2925,4202.98,Z1_C1_T17.tif,1150.6399999999999,3048.93,5.363356479872071
383,Z1_C0_T18.tif,38_1,16,0.5773502691896258,11.65685424949238,5145.5125,4202.98,Z1_C1_T18.tif,1950.9575,3048.93,2.637429313555011
384,Z1_C0_T18.tif,38_2,72,0.9231055426219766,37.72792206135785,5777.116666666665,4202.98,Z1_C1_T18.tif,1067.0755555555556,3048.93,5.413971519250952
385,Z1_C0_T18.tif,38_3,79,0.8369916063114713,32.384776310850235,6771.7664556962,4202.98,Z1_C1_T18.tif,1199.5010126582283,3048.93,5.645486234887962
386,Z1_C0_T18.tif,38_4,85,0.8603489228721332,37.798989873223334,6012.026470588235,4202.98,Z1_C1_T18.tif,779.1611764705882,3048.93,7.716024170790004
387,Z1_C0_T18.tif,38_5,60,0.8191241778909594,30.763455967290593,6338.416666666667,4202.98,Z1_C1_T18.tif,1259.7366666666671,3048.93,5.031540983433044
388,Z1_C0_T18.tif,38_6,62,0.8658062332354612,30.14213562373095,6003.950000000001,4202.98,Z1_C1_T18.tif,1142.8264516129036,3048.93,5.253597334509062
389,Z1_C0_T18.tif,38_7,41,0.5511782546095505,20.48528137423857,5773.206097560976,4202.98,Z1_C1_T18.tif,785.3614634146343,3048.93,7.351017800720624
390,Z1_C0_T18.tif,38_8,85,0.8566909122984157,34.384776310850235,5896.214705882352,4202.98,Z1_C1_T18.tif,977.4670588235297,3048.93,6.032136482408912
391,Z1_C0_T18.tif,38_9,51,0.8290043172661913,25.071067811865476,5774.391176470588,4202.98,Z1_C1_T18.tif,910.0592156862745,3048.93,6.345071921628888
394,Z1_C0_T19.tif,39_2,71,0.8286428967861428,30.72792206135785,7656.319859154931,4202.98,Z1_C1_T19.tif,1271.8025352112682,3048.93,6.020053936976218
395,Z1_C0_T19.tif,39_3,26,0.5440588203494177,15.65685424949238,5916.163846153847,4202.98,Z1_C1_T19.tif,1206.0338461538463,3048.93,4.905470824903498
396,Z1_C0_T19.tif,39_4,55,0.8937614651067667,27.899494936611667,6080.828181818184,4202.98,Z1_C1_T19.tif,833.7436363636361,3048.93,7.293402811851915
397,Z1_C0_T19.tif,39_5,53,0.42934766839998506,23.899494936611667,6906.859056603776,4202.98,Z1_C1_T19.tif,1217.7950943396227,3048.93,5.671610181965118
398,Z1_C0_T19.tif,39_6,50,0.8826106434296221,26.72792206135785,6120.330000000001,4202.98,Z1_C1_T19.tif,630.9000000000001,3048.93,9.700951022349026
399,Z1_C0_T19.tif,39_7,72,0.7530528663439103,30.14213562373095,7052.079444444444,4202.98,Z1_C1_T19.tif,847.5605555555558,3048.93,8.320443180395499
400,Z1_C0_T19.tif,39_8,27,0.9140080540535392,19.071067811865476,5791.713703703705,4202.98,Z1_C1_T19.tif,801.9725925925928,3048.93,7.221834956953363
403,Z2_C0_T00.tif,40_1,16,0.5773502691896258,11.65685424949238,7119.997500000001,4202.98,Z2_C1_T00.tif,1359.4524999999999,3048.93,5.237400718303878
404,Z2_C0_T00.tif,40_2,8,0.5773502691896258,7.65685424949238,6884.06,4202.98,Z2_C1_T00.tif,2220.39,3048.93,3.1003832660028197
405,Z2_C0_T00.tif,40_3,40,0.5682457442044346,20.48528137423857,8338.51,4202.98,Z2_C1_T00.tif,2756.6899999999996,3048.93,3.0248268757096377
406,Z2_C0_T00.tif,40_4,29,0.5162451143930842,17.071067811865476,7324.5599999999995,4202.98,Z2_C1_T00.tif,2744.8468965517236,3048.93,2.668476704183991
407,Z2_C0_T00.tif,40_5,24,0.5849866175853744,15.071067811865476,7029.8516666666665,4202.98,Z2_C1_T00.tif,680.3483333333332,3048.93,10.332724168256949
408,Z2_C0_T00.tif,40_6,26,0.5440588203494177,15.65685424949238,7952.790769230769,4202.98,Z2_C1_T00.tif,3553.178461538461,3048.93,2.238218782230082
409,Z2_C0_T00.tif,40_7,43,0.39781471223220566,21.071067811865476,9861.187906976744,4202.98,Z2_C1_T00.tif,5081.198139534884,3048.93,1.9407209945722377
410,Z2_C0_T00.tif,40_8,26,0.5440588203494177,15.65685424949238,6945.752307692308,4202.98,Z2_C1_T00.tif,2650.255384615384,3048.93,2.6207860374558973
411,Z2_C0_T00.tif,40_9,70,0.7613528282267983,30.97056274847714,8385.602857142861,4202.98,Z2_C1_T00.tif,2352.025714285715,3048.93,3.565268358339135
412,Z2_C0_T00.tif,40_10,65,0.8615911308576143,33.55634918610404,7679.7292307692305,4202.98,Z2_C1_T00.tif,1030.301538461538,3048.93,7.4538656345565775
413,Z2_C0_T00.tif,40_11,22,0.9026277726791611,17.31370849898476,7266.969090909091,4202.98,Z2_C1_T00.tif,8473.458181818185,3048.93,0.8576155018386823
414,Z2_C0_T01.tif,41_1,46,0.8025522579014489,23.31370849898476,6510.815652173912,4202.98,Z2_C1_T01.tif,2161.4286956521746,3048.93,3.0122740876304426
415,Z2_C0_T01.tif,41_2,38,0.6431751179654632,19.899494936611667,7224.383157894736,4202.98,Z2_C1_T01.tif,2146.1621052631585,3048.93,3.366187083528294
416,Z2_C0_T01.tif,41_3,79,0.833365870191006,34.97056274847714,6820.145316455696,4202.98,Z2_C1_T01.tif,1677.0415189873424,3048.93,4.066771895172842
417,Z2_C0_T01.tif,41_4,30,0.7189281755720514,18.48528137423857,6601.319999999999,4202.98,Z2_C1_T01.tif,1998.8533333333335,3048.93,3.3025534639860177
418,Z2_C0_T01.tif,41_5,53,0.40160030207943204,23.899494936611667,8995.252075471695,4202.98,Z2_C1_T01.tif,2846.3954716981134,3048.93,3.160225683645173
419,Z2_C0_T01.tif,41_6,14,0.629288982059086,11.071067811865474,6291.405714285713,4202.98,Z2_C1_T01.tif,1540.462857142857,3048.93,4.084100882480589
420,Z2_C0_T01.tif,41_7,90,0.8937609011289811,39.798989873223334,7198.997777777776,4202.98,Z2_C1_T01.tif,2412.6755555555555,3048.93,2.983823399379572
421,Z2_C0_T01.tif,41_8,61,0.8481483742116089,29.31370849898476,6645.890491803278,4202.98,Z2_C1_T01.tif,1542.9101639344265,3048.93,4.307373589954345
422,Z2_C0_T01.tif,41_9,8,0.5773502691896258,7.65685424949238,6326.495,4202.98,Z2_C1_T01.tif,7265.445,3048.93,0.870764970349373
423,Z2_C0_T02.tif,42_1,12,0.0,9.65685424949238,5969.79,4202.98,Z2_C1_T02.tif,3459.0366666666673,3048.93,1.7258533445246313
424,Z2_C0_T02.tif,42_2,60,0.8479577494699997,28.14213562373095,6965.906666666665,4202.98,Z2_C1_T02.tif,2342.9699999999993,3048.93,2.9731096286621965
425,Z2_C0_T02.tif,42_3,18,0.8722502182356493,14.48528137423857,6126.65111111111,4202.98,Z2_C1_T02.tif,1364.5366666666664,3048.93,4.489913141049913
426,Z2_C0_T02.tif,42_4,78,0.8551016220956896,34.97056274847714,6863.014358974359,4202.98,Z2_C1_T02.tif,1250.2802564102558,3048.93,5.489180784697916
427,Z2_C0_T02.tif,42_5,107,0.9140794826463423,46.384776310850235,6876.072710280374,4202.98,Z2_C1_T02.tif,2768.141028037383,3048.93,2.4840037558185832
428,Z2_C0_T02.tif,42_6,42,0.4606664598958904,21.071067811865476,6223.516190476191,4202.98,Z2_C1_T02.tif,2503.9176190476187,3048.93,2.485511561216357
429,Z2_C0_T02.tif,42_7,12,0.0,9.65685424949238,5753.956666666666,4202.98,Z2_C1_T02.tif,774.1199999999999,3048.93,7.432900153292341
430,Z2_C0_T02.tif,42_8,8,0.5773502691896258,7.65685424949238,6329.915,4202.98,Z2_C1_T02.tif,981.1199999999999,3048.93,6.4517235404435755
431,Z2_C0_T02.tif,42_9,33,0.6326377092224391,18.48528137423857,6679.509696969698,4202.98,Z2_C1_T02.tif,2565.082121212121,3048.93,2.60401397746023
432,Z2_C0_T02.tif,42_10,26,0.5440588203494177,15.65685424949238,6069.655384615386,4202.98,Z2_C1_T02.tif,1816.7546153846156,3048.93,3.3409329654188937
433,Z2_C0_T02.tif,42_11,8,0.5773502691896258,7.65685424949238,5850.915,4202.98,Z2_C1_T02.tif,3726.995,3048.93,1.5698746577336433
434,Z2_C0_T02.tif,42_12,67,0.8473470243969827,35.97056274847714,7285.898208955224,4202.98,Z2_C1_T02.tif,1398.1386567164175,3048.93,5.211141379973311
435,Z2_C0_T02.tif,42_13,28,0.1904761904761901,16.48528137423857,6091.468571428572,4202.98,Z2_C1_T02.tif,1953.3700000000003,3048.93,3.118440731366086
436,Z2_C0_T02.tif,42_14,21,0.0,13.65685424949238,6066.01619047619,4202.98,Z2_C1_T02.tif,1121.7271428571426,3048.93,5.407746642401366
438,Z2_C0_T02.tif,42_16,24,0.5849866175853743,15.071067811865476,6199.706666666668,4202.98,Z2_C1_T02.tif,740.0783333333333,3048.93,8.37709521739816
439,Z2_C0_T03.tif,43_1,31,0.7565624899157684,18.48528137423857,6253.720322580643,4202.98,Z2_C1_T03.tif,1936.0635483870972,3048.93,3.2301214119704467
440,Z2_C0_T03.tif,43_2,43,0.3978147122322054,21.071067811865476,6351.778837209302,4202.98,Z2_C1_T03.tif,1258.963023255814,3048.93,5.045246540111176
441,Z2_C0_T03.tif,43_3,80,0.8538908313874337,33.31370849898476,6815.6174999999985,4202.98,Z2_C1_T03.tif,1497.5449999999996,3048.93,4.551193787164993
442,Z2_C0_T03.tif,43_4,98,0.9127318201815234,46.21320343559642,6926.705510204082,4202.98,Z2_C1_T03.tif,2751.421020408163,3048.93,2.517501123538168
443,Z2_C0_T03.tif,43_5,31,0.6933752452815365,17.65685424949238,7275.849354838709,4202.98,Z2_C1_T03.tif,3156.547419354838,3048.93,2.305002392875761
444,Z2_C0_T03.tif,43_6,37,0.8836617515628025,25.556349186104047,5449.078648648648,4202.98,Z2_C1_T03.tif,885.8699999999999,3048.93,6.151104167257778
445,Z2_C0_T03.tif,43_7,12,0.0,9.65685424949238,5603.096666666667,4202.98,Z2_C1_T03.tif,2278.3699999999994,3048.93,2.459256690821363
447,Z2_C0_T03.tif,43_9,31,0.5704242460778911,17.899494936611667,5952.7848387096765,4202.98,Z2_C1_T03.tif,2353.0958064516126,3048.93,2.52976730585665
448,Z2_C0_T03.tif,43_10,26,0.5440588203494177,15.65685424949238,5929.8146153846155,4202.98,Z2_C1_T03.tif,1394.4853846153846,3048.93,4.2523318500180105
449,Z2_C0_T03.tif,43_11,71,0.8744081485939795,33.55634918610404,6454.275070422535,4202.98,Z2_C1_T03.tif,2149.362957746478,3048.93,3.0028781538086924
450,Z2_C0_T03.tif,43_12,12,0.0,9.65685424949238,5843.346666666667,4202.98,Z2_C1_T03.tif,532.6199999999999,3048.93,10.9709486438111
451,Z2_C0_T03.tif,43_13,30,0.4509717590117594,17.071067811865476,5917.763333333332,4202.98,Z2_C1_T03.tif,1439.636666666667,3048.93,4.110595034395251
452,Z2_C0_T03.tif,43_14,12,0.0,9.65685424949238,5782.096666666667,4202.98,Z2_C1_T03.tif,5580.453333333334,3048.93,1.0361338624819012
453,Z2_C0_T04.tif,44_1,74,0.9061959057488383,34.97056274847714,6019.684594594595,4202.98,Z2_C1_T04.tif,2161.965135135135,3048.93,2.784357849609046
454,Z2_C0_T04.tif,44_2,5,0.0,5.656854249492381,5471.49,4202.98,Z2_C1_T04.tif,1810.83,3048.93,3.0215370852040224
455,Z2_C0_T04.tif,44_3,5,0.0,5.656854249492381,5472.89,4202.98,Z2_C1_T04.tif,522.03,3048.93,10.4838610807808
456,Z2_C0_T04.tif,44_4,96,0.893666349037209,43.21320343559642,6329.652499999999,4202.98,Z2_C1_T04.tif,1906.3195833333332,3048.93,3.320352240694165
457,Z2_C0_T04.tif,44_5,42,0.4606664598958904,21.071067811865476,7058.090000000001,4202.98,Z2_C1_T04.tif,1402.6871428571428,3048.93,5.031834815013226
458,Z2_C0_T04.tif,44_6,117,0.7105174945943852,46.284271247461895,6463.312222222219,4202.98,Z2_C1_T04.tif,1361.1205982905979,3048.93,4.748522820343292
459,Z2_C0_T04.tif,44_7,69,0.5701996114909,27.899494936611667,7009.945072463768,4202.98,Z2_C1_T04.tif,2256.8010144927525,3048.93,3.106142290546316
460,Z2_C0_T04.tif,44_8,28,0.6201736729460422,16.48528137423857,5730.518571428571,4202.98,Z2_C1_T04.tif,1332.9014285714288,3048.93,4.299281588714629
461,Z2_C0_T04.tif,44_9,28,0.805658699131383,17.899494936611664,5312.697142857142,4202.98,Z2_C1_T04.tif,785.6157142857145,3048.93,6.762462927167224
462,Z2_C0_T04.tif,44_10,21,0.7207345312526902,11.071067811865476,5289.804285714285,4202.98,Z2_C1_T04.tif,1600.0204761904765,3048.93,3.3060853685503417
463,Z2_C0_T04.tif,44_11,22,0.44911866736375994,14.48528137423857,5275.044545454544,4202.98,Z2_C1_T04.tif,960.9209090909092,3048.93,5.489572029861504
464,Z2_C0_T04.tif,44_12,120,0.9114475243756277,49.45584412271571,6425.498333333332,4202.98,Z2_C1_T04.tif,1579.8966666666674,3048.93,4.067037084703849
465,Z2_C0_T04.tif,44_13,78,0.7847043843791434,31.31370849898476,6373.013076923078,4202.98,Z2_C1_T04.tif,575.201794871795,3048.93,11.079612639845013
466,Z2_C0_T04.tif,44_14,26,0.5440588203494177,15.65685424949238,5774.8976923076925,4202.98,Z2_C1_T04.tif,1115.2915384615385,3048.93,5.177926571803578
467,Z2_C0_T04.tif,44_15,40,0.8773880153241559,13.071067811865476,5786.515,4202.98,Z2_C1_T04.tif,5230.88,3048.93,1.1062220888263543
468,Z2_C0_T05.tif,45_1,14,0.6292889820590859,11.071067811865474,6370.792857142856,4202.98,Z2_C1_T05.tif,2552.471428571429,3048.93,2.4959311143821385
469,Z2_C0_T05.tif,45_2,31,0.6933752452815365,17.65685424949238,6725.424193548385,4202.98,Z2_C1_T05.tif,1746.012903225807,3048.93,3.85187542493127
470,Z2_C0_T05.tif,45_3,26,0.5440588203494177,15.65685424949238,6521.573076923076,4202.98,Z2_C1_T05.tif,824.5923076923079,3048.93,7.908845396792817
471,Z2_C0_T05.tif,45_4,51,0.2634576314966999,23.31370849898476,8140.1401960784315,4202.98,Z2_C1_T05.tif,2890.8901960784315,3048.93,2.815790169796399
472,Z2_C0_T05.tif,45_5,32,0.0,17.65685424949238,7290.8375,4202.98,Z2_C1_T05.tif,1930.99375,3048.93,3.7756919202871573
473,Z2_C0_T05.tif,45_6,71,0.8169867756736762,32.14213562373095,7726.340140845073,4202.98,Z2_C1_T05.tif,1690.0338028169006,3048.93,4.571707458139019
474,Z2_C0_T05.tif,45_7,34,0.5082559240684966,18.48528137423857,7290.267647058823,4202.98,Z2_C1_T05.tif,3549.547058823529,3048.93,2.053858570190397
475,Z2_C0_T05.tif,45_8,21,0.0,13.65685424949238,7058.2690476190455,4202.98,Z2_C1_T05.tif,1574.114285714286,3048.93,4.483962258443143
476,Z2_C0_T05.tif,45_9,16,0.5773502691896258,11.65685424949238,6378.9,4202.98,Z2_C1_T05.tif,966.1500000000001,3048.93,6.602390933084924
477,Z2_C0_T05.tif,45_10,49,0.9212714520796107,29.31370849898476,7572.670408163266,4202.98,Z2_C1_T05.tif,636.7469387755103,3048.93,11.892747254860483
479,Z2_C0_T05.tif,45_12,19,0.5207037318817046,13.071067811865476,6840.01842105263,4202.98,Z2_C1_T05.tif,1704.2947368421055,3048.93,4.013401129036241
480,Z2_C0_T06.tif,46_1,76,0.8784569640762564,32.72792206135785,6401.512105263157,4202.98,Z2_C1_T06.tif,1687.8357894736844,3048.93,3.7927339526668833
481,Z2_C0_T06.tif,46_2,32,0.0,17.65685424949238,6991.7325,4202.98,Z2_C1_T06.tif,1443.4575,3048.93,4.843739770654834
482,Z2_C0_T06.tif,46_3,72,0.7135259322593195,29.31370849898476,7326.114444444444,4202.98,Z2_C1_T06.tif,1465.0894444444446,3048.93,5.000455413984963
483,Z2_C0_T06.tif,46_4,32,0.0,17.65685424949238,7168.8575,4202.98,Z2_C1_T06.tif,2145.395,3048.93,3.3415093723999543
484,Z2_C0_T06.tif,46_5,121,0.8913422822615643,50.04163056034262,6835.333223140496,4202.98,Z2_C1_T06.tif,1722.6150413223143,3048.93,3.967998107048662
485,Z2_C0_T06.tif,46_6,42,0.7433083132266355,21.31370849898476,6205.44380952381,4202.98,Z2_C1_T06.tif,959.115238095238,3048.93,6.469966864302518
486,Z2_C0_T06.tif,46_7,118,0.9292260275704569,50.04163056034261,6777.106440677968,4202.98,Z2_C1_T06.tif,1509.7318644067796,3048.93,4.488947077593082
487,Z2_C0_T06.tif,46_8,29,0.43464716750129406,17.31370849898476,6227.851034482761,4202.98,Z2_C1_T06.tif,1357.951034482758,3048.93,4.586211782558818
488,Z2_C0_T06.tif,46_9,12,0.0,9.65685424949238,5235.086666666666,4202.98,Z2_C1_T06.tif,1257.0200000000002,3048.93,4.164680487714328
489,Z2_C0_T06.tif,46_10,50,0.7696591018662429,24.72792206135785,6601.699999999999,4202.98,Z2_C1_T06.tif,1083.24,3048.93,6.094401979247442
490,Z2_C0_T06.tif,46_11,26,0.5440588203494177,15.65685424949238,6019.573846153848,4202.98,Z2_C1_T06.tif,901.2892307692308,3048.93,6.678848077454861
491,Z2_C0_T07.tif,47_1,47,0.8879930295603032,25.31370849898476,7105.999361702129,4202.98,Z2_C1_T07.tif,2438.1646808510636,3048.93,2.9144870391698543
492,Z2_C0_T07.tif,47_2,28,0.1904761904761901,16.48528137423857,6684.510000000001,4202.98,Z2_C1_T07.tif,997.2414285714284,3048.93,6.703000706233913
493,Z2_C0_T07.tif,47_3,24,0.5849866175853743,15.071067811865476,8171.968333333333,4202.98,Z2_C1_T07.tif,3355.5866666666666,3048.93,2.4353322220853584
494,Z2_C0_T07.tif,47_4,30,0.4509717590117594,17.071067811865476,6902.710000000002,4202.98,Z2_C1_T07.tif,2313.486666666666,3048.93,2.983682637750237
495,Z2_C0_T07.tif,47_5,72,0.7618366518624203,34.72792206135785,7856.079444444444,4202.98,Z2_C1_T07.tif,2020.7255555555555,3048.93,3.887751814117371
496,Z2_C0_T07.tif,47_6,47,0.5265481181921969,22.48528137423857,8576.744042553193,4202.98,Z2_C1_T07.tif,2179.7178723404254,3048.93,3.934795484951499
497,Z2_C0_T07.tif,47_7,21,0.0,13.65685424949238,6752.462380952381,4202.98,Z2_C1_T07.tif,675.9914285714286,3048.93,9.988976332469697
498,Z2_C0_T07.tif,47_8,90,0.9359248284407717,40.384776310850235,7222.054444444446,4202.98,Z2_C1_T07.tif,1306.7422222222224,3048.93,5.52676290826721
499,Z2_C0_T07.tif,47_9,20,0.6376509859489177,11.899494936611665,6418.8099999999995,4202.98,Z2_C1_T07.tif,1313.0199999999998,3048.93,4.888585093905653
500,Z2_C0_T07.tif,47_10,49,0.8220805099189934,27.556349186104047,6590.979387755103,4202.98,Z2_C1_T07.tif,666.5016326530613,3048.93,9.888917093149795
501,Z2_C0_T08.tif,48_1,55,0.8254906304211627,27.31370849898476,6683.279090909088,4202.98,Z2_C1_T08.tif,1697.3827272727276,3048.93,3.937402557199022
502,Z2_C0_T08.tif,48_2,30,0.4509717590117594,17.071067811865476,6939.3700000000035,4202.98,Z2_C1_T08.tif,1180.8766666666668,3048.93,5.876456192151031
503,Z2_C0_T08.tif,48_3,32,0.0,17.65685424949238,7218.88875,4202.98,Z2_C1_T08.tif,3143.7037500000006,3048.93,2.2963005817580613
504,Z2_C0_T08.tif,48_4,78,0.907959100233989,39.14213562373095,8114.798205128208,4202.98,Z2_C1_T08.tif,2701.4433333333327,3048.93,3.003875041537626
505,Z2_C0_T08.tif,48_5,50,0.6881050609866971,23.899494936611664,7992.049999999999,4202.98,Z2_C1_T08.tif,2443.2900000000004,3048.93,3.2710198134482593
506,Z2_C0_T08.tif,48_6,26,0.5440588203494177,15.65685424949238,6704.439230769232,4202.98,Z2_C1_T08.tif,706.533076923077,3048.93,9.489207865492716
507,Z2_C0_T08.tif,48_7,89,0.9110647243559509,38.14213562373095,7395.956516853933,4202.98,Z2_C1_T08.tif,1166.154943820225,3048.93,6.342173101479469
508,Z2_C0_T08.tif,48_8,19,0.6193817829101053,13.899494936611665,6407.433157894737,4202.98,Z2_C1_T08.tif,936.1626315789475,3048.93,6.844359026687332
509,Z2_C0_T08.tif,48_9,59,0.8417923035309307,27.899494936611667,7176.881864406778,4202.98,Z2_C1_T08.tif,624.7032203389834,3048.93,11.488466252042654
510,Z2_C0_T08.tif,48_10,8,0.5773502691896258,7.65685424949238,6522.92,4202.98,Z2_C1_T08.tif,6684.985000000001,3048.93,0.9757568640767331
511,Z2_C0_T09.tif,49_1,76,0.8224666297300177,31.31370849898476,6830.520526315789,4202.98,Z2_C1_T09.tif,1754.5078947368427,3048.93,3.8931261277341207
513,Z2_C0_T09.tif,49_3,101,0.7149173140898993,42.8700576850888,6423.758019801983,4202.98,Z2_C1_T09.tif,1598.2509900990096,3048.93,4.01924232151049
514,Z2_C0_T09.tif,49_4,34,0.5082559240684966,18.48528137423857,6544.030588235295,4202.98,Z2_C1_T09.tif,3374.350000000001,3048.93,1.9393455297272937
515,Z2_C0_T09.tif,49_5,105,0.9082900400352544,43.55634918610405,6534.88380952381,4202.98,Z2_C1_T09.tif,1614.2261904761901,3048.93,4.04830738596556
516,Z2_C0_T09.tif,49_6,8,0.5773502691896258,7.65685424949238,5392.685,4202.98,Z2_C1_T09.tif,1262.1,3048.93,4.272787417795738
517,Z2_C0_T09.tif,49_7,121,0.9389456651495093,54.66295090390225,6689.452561983471,4202.98,Z2_C1_T09.tif,1249.2177685950412,3048.93,5.3549130745289535
518,Z2_C0_T09.tif,49_8,74,0.9220286311722135,36.14213562373095,6338.9248648648645,4202.98,Z2_C1_T09.tif,584.0121621621621,3048.93,10.854097355432714
519,Z2_C0_T09.tif,49_9,18,0.7226591383582849,13.071067811865474,5403.06,4202.98,Z2_C1_T09.tif,777.2388888888888,3048.93,6.95160789975912
520,Z2_C0_T09.tif,49_10,61,0.4683650286002871,25.899494936611667,5922.789508196721,4202.98,Z2_C1_T09.tif,512.8418032786884,3048.93,11.548960069813496
521,Z2_C0_T09.tif,49_11,12,0.0,9.65685424949238,5172.8933333333325,4202.98,Z2_C1_T09.tif,7256.016666666669,3048.93,0.7129108946368642
523,Z2_C0_T10.tif,50_2,36,0.54390564390978,19.071067811865476,6206.767777777776,4202.98,Z2_C1_T10.tif,2505.5899999999997,3048.93,2.4771681630984226
525,Z2_C0_T10.tif,50_4,73,0.8446159980662891,30.970562748477143,7184.692054794521,4202.98,Z2_C1_T10.tif,1763.9906849315068,3048.93,4.072976187554807
526,Z2_C0_T10.tif,50_5,68,0.7811342544743597,28.48528137423857,7453.372352941175,4202.98,Z2_C1_T10.tif,2262.4135294117646,3048.93,3.2944341324192306
527,Z2_C0_T10.tif,50_6,40,0.5920232889294219,20.48528137423857,6563.365,4202.98,Z2_C1_T10.tif,1605.6150000000002,3048.93,4.087757650495292
528,Z2_C0_T10.tif,50_7,56,0.6050384912108678,25.31370849898476,6862.936428571427,4202.98,Z2_C1_T10.tif,1809.2864285714288,3048.93,3.793172999142123
529,Z2_C0_T10.tif,50_8,76,0.8777166969293067,33.55634918610404,6784.2531578947355,4202.98,Z2_C1_T10.tif,1310.7084210526316,3048.93,5.17602011929266
531,Z2_C0_T10.tif,50_10,26,0.5440588203494177,15.65685424949238,5923.3553846153845,4202.98,Z2_C1_T10.tif,1509.3784615384614,3048.93,3.9243672382723
532,Z2_C0_T10.tif,50_11,16,0.5773502691896258,11.65685424949238,5531.1775,4202.98,Z2_C1_T10.tif,853.3400000000001,3048.93,6.481797993765673
533,Z2_C0_T10.tif,50_12,61,0.8028639789153512,31.556349186104047,6132.928524590162,4202.98,Z2_C1_T10.tif,971.2170491803278,3048.93,6.314683756598108
534,Z2_C0_T11.tif,51_1,29,0.6943207788666131,17.071067811865476,6456.067241379309,4202.98,Z2_C1_T11.tif,620.9751724137932,3048.93,10.396659203433083
535,Z2_C0_T11.tif,51_2,32,0.0,17.65685424949238,6737.112499999999,4202.98,Z2_C1_T11.tif,1938.5700000000002,3048.93,3.4753000923361026
536,Z2_C0_T11.tif,51_3,14,0.6292889820590859,11.071067811865474,5990.478571428573,4202.98,Z2_C1_T11.tif,542.8914285714287,3048.93,11.034395196092877
538,Z2_C0_T11.tif,51_5,72,0.8611369132676379,31.556349186104043,7390.508333333335,4202.98,Z2_C1_T11.tif,1539.5700000000002,3048.93,4.800371748821641
539,Z2_C0_T11.tif,51_6,50,0.6841471705397125,23.899494936611664,6525.85,4202.98,Z2_C1_T11.tif,1338.6800000000003,3048.93,4.874839394029939
540,Z2_C0_T11.tif,51_7,83,0.7906555522978161,37.21320343559643,6867.0319277108465,4202.98,Z2_C1_T11.tif,1496.9344578313255,3048.93,4.587396523465307
541,Z2_C0_T11.tif,51_8,55,0.4937014485173802,24.727922061357855,7586.131818181817,4202.98,Z2_C1_T11.tif,1957.3745454545467,3048.93,3.8756669416175256
542,Z2_C0_T11.tif,51_9,86,0.9105791257112879,37.55634918610405,6786.084883720933,4202.98,Z2_C1_T11.tif,1519.610697674419,3048.93,4.465673276784783
544,Z2_C0_T11.tif,51_11,26,0.7199256663921934,16.485281374238568,6260.665384615384,4202.98,Z2_C1_T11.tif,1185.8200000000002,3048.93,5.279608527951446
545,Z2_C0_T11.tif,51_12,19,0.5207037318817047,13.071067811865476,6067.655263157895,4202.98,Z2_C1_T11.tif,861.7936842105264,3048.93,7.040728395122047
546,Z2_C0_T12.tif,52_1,26,0.5440588203494177,15.65685424949238,6909.790769230769,4202.98,Z2_C1_T12.tif,989.3899999999999,3048.93,6.983889840437815
547,Z2_C0_T12.tif,52_2,30,0.4509717590117594,17.071067811865476,6256.693333333333,4202.98,Z2_C1_T12.tif,1938.9566666666665,3048.93,3.2268350504652847
548,Z2_C0_T12.tif,52_3,71,0.8362439971965404,30.97056274847714,7409.898028169015,4202.98,Z2_C1_T12.tif,1825.3407042253518,3048.93,4.059460248169762
549,Z2_C0_T12.tif,52_4,33,0.6340404069866101,18.48528137423857,6275.863030303031,4202.98,Z2_C1_T12.tif,1127.0415151515151,3048.93,5.568439978414928
550,Z2_C0_T12.tif,52_5,79,0.8346295430779014,37.55634918610404,7019.635949367092,4202.98,Z2_C1_T12.tif,1431.4469620253162,3048.93,4.9038742863620985
551,Z2_C0_T12.tif,52_6,45,0.48966832472668553,21.899494936611667,7423.115555555556,4202.98,Z2_C1_T12.tif,1716.7566666666664,3048.93,4.32391829295681
552,Z2_C0_T12.tif,52_7,61,0.9160196282071691,32.142135623730944,6153.461639344262,4202.98,Z2_C1_T12.tif,683.201475409836,3048.93,9.006803791887231
553,Z2_C0_T12.tif,52_8,8,0.5773502691896258,7.65685424949238,6078.81,4202.98,Z2_C1_T12.tif,628.0149999999999,3048.93,9.679402562040718
555,Z2_C0_T12.tif,52_10,21,0.0,13.65685424949238,6256.940952380953,4202.98,Z2_C1_T12.tif,1425.5566666666664,3048.93,4.389121175387126
556,Z2_C0_T13.tif,53_1,34,0.6277433712160546,18.48528137423857,6410.1511764705865,4202.98,Z2_C1_T13.tif,728.1547058823528,3048.93,8.803281946386635
557,Z2_C0_T13.tif,53_2,30,0.4509717590117594,17.071067811865476,6935.309999999998,4202.98,Z2_C1_T13.tif,1928.5566666666666,3048.93,3.596114192479003
558,Z2_C0_T13.tif,53_3,106,0.6573793458710342,50.87005768508881,6075.257169811321,4202.98,Z2_C1_T13.tif,990.3145283018865,3048.93,6.134674384943835
559,Z2_C0_T13.tif,53_4,70,0.7776182824704756,29.556349186104043,7839.99571428571,4202.98,Z2_C1_T13.tif,1596.175714285714,3048.93,4.91173725055333
560,Z2_C0_T13.tif,53_5,62,0.7982748891671326,25.31370849898476,6460.532580645164,4202.98,Z2_C1_T13.tif,1171.3254838709677,3048.93,5.515574167561483
562,Z2_C0_T13.tif,53_7,10,0.6164414002968978,9.071067811865476,5829.41,4202.98,Z2_C1_T13.tif,1791.4899999999998,3048.93,3.2539450401621
563,Z2_C0_T13.tif,53_8,47,0.8255628623865137,24.485281374238568,6450.135531914896,4202.98,Z2_C1_T13.tif,777.336808510638,3048.93,8.29773588654991
564,Z2_C0_T13.tif,53_9,57,0.9031220539255119,29.31370849898476,6120.394210526316,4202.98,Z2_C1_T13.tif,678.6619298245611,3048.93,9.018325533757995
565,Z2_C0_T13.tif,53_10,28,0.1904761904761901,16.48528137423857,5977.9242857142835,4202.98,Z2_C1_T13.tif,1115.0685714285714,3048.93,5.3610373737425485
566,Z2_C0_T13.tif,53_11,21,0.6874877446571902,14.48528137423857,5463.995714285716,4202.98,Z2_C1_T13.tif,548.8899999999998,3048.93,9.954627911395212
567,Z2_C0_T13.tif,53_12,12,0.0,9.65685424949238,5613.543333333334,4202.98,Z2_C1_T13.tif,523.223333333333,3048.93,10.728771015563789
570,Z2_C0_T14.tif,54_1,31,0.6933752452815365,17.65685424949238,6826.6106451612895,4202.98,Z2_C1_T14.tif,597.2896774193547,3048.93,11.429312950219218
571,Z2_C0_T14.tif,54_2,72,0.7629066076659334,29.556349186104043,7793.557777777776,4202.98,Z2_C1_T14.tif,1776.7744444444445,3048.93,4.386351797295598
572,Z2_C0_T14.tif,54_3,26,0.5440588203494177,15.65685424949238,7616.606923076922,4202.98,Z2_C1_T14.tif,2788.4261538461537,3048.93,2.7315074894743487
573,Z2_C0_T14.tif,54_4,58,0.8334375792940636,27.556349186104043,6692.6679310344825,4202.98,Z2_C1_T14.tif,888.4248275862069,3048.93,7.533184264129618
574,Z2_C0_T14.tif,54_5,57,0.8774176984922348,29.31370849898476,6705.047543859649,4202.98,Z2_C1_T14.tif,907.018596491228,3048.93,7.392403606494848
575,Z2_C0_T14.tif,54_6,38,0.511237358145545,19.65685424949238,7908.582631578951,4202.98,Z2_C1_T14.tif,689.2378947368423,3048.93,11.47438742409618
576,Z2_C0_T14.tif,54_7,5,0.0,5.656854249492381,6713.2300000000005,4202.98,Z2_C1_T14.tif,931.9799999999999,3048.93,7.203191055602053
577,Z2_C0_T14.tif,54_8,10,0.6164414002968978,9.071067811865476,6041.629999999999,4202.98,Z2_C1_T14.tif,1369.48,3048.93,4.411623389899815
578,Z2_C0_T14.tif,54_9,63,0.8274699145301737,30.14213562373095,7406.172857142859,4202.98,Z2_C1_T14.tif,1003.6434920634922,3048.93,7.3792864853990725
579,Z2_C0_T14.tif,54_10,55,0.9106145924555485,30.142135623730947,6507.048181818184,4202.98,Z2_C1_T14.tif,1297.1981818181819,3048.93,5.016232887944509
580,Z2_C0_T14.tif,54_11,30,0.4509717590117593,17.071067811865476,6452.396666666666,4202.98,Z2_C1_T14.tif,1035.746666666667,3048.93,6.229705462082102
582,Z2_C0_T15.tif,55_2,24,0.5849866175853743,15.071067811865476,6838.448333333334,4202.98,Z2_C1_T15.tif,630.1500000000001,3048.93,10.85209606178423
583,Z2_C0_T15.tif,55_3,30,0.4509717590117594,17.071067811865476,7202.289999999998,4202.98,Z2_C1_T15.tif,1719.2333333333338,3048.93,4.189245206196558
584,Z2_C0_T15.tif,55_4,70,0.7758828067060505,29.556349186104043,7881.275714285714,4202.98,Z2_C1_T15.tif,1806.728571428571,3048.93,4.362180262668913
585,Z2_C0_T15.tif,55_5,39,0.899095026522033,22.970562748477143,6872.52846153846,4202.98,Z2_C1_T15.tif,913.6820512820516,3048.93,7.521794317722595
586,Z2_C0_T15.tif,55_6,56,0.8917224982313166,29.31370849898476,7062.882857142856,4202.98,Z2_C1_T15.tif,1368.5964285714285,3048.93,5.160676083683231
587,Z2_C0_T15.tif,55_7,36,0.5439056439097799,19.071067811865476,7035.10111111111,4202.98,Z2_C1_T15.tif,778.7888888888891,3048.93,9.033386597423346
588,Z2_C0_T15.tif,55_8,11,0.7559289460184544,9.65685424949238,6640.080909090909,4202.98,Z2_C1_T15.tif,1431.581818181818,3048.93,4.638282510128656
589,Z2_C0_T15.tif,55_9,28,0.6201736729460422,16.48528137423857,7489.91857142857,4202.98,Z2_C1_T15.tif,770.3285714285718,3048.93,9.72301800715835
590,Z2_C0_T15.tif,55_10,53,0.9214675339468139,29.31370849898476,7204.518301886791,4202.98,Z2_C1_T15.tif,1298.3811320754714,3048.93,5.548847040291102
591,Z2_C0_T15.tif,55_11,36,0.838733221356799,20.48528137423857,6914.212222222221,4202.98,Z2_C1_T15.tif,1236.0388888888892,3048.93,5.593846831500264
592,Z2_C0_T16.tif,56_1,38,0.511237358145545,19.65685424949238,6076.67157894737,4202.98,Z2_C1_T16.tif,630.8173684210524,3048.93,9.63301247420849
593,Z2_C0_T16.tif,56_2,72,0.7533367354001345,29.556349186104043,7874.387222222223,4202.98,Z2_C1_T16.tif,1777.342222222222,3048.93,4.43042826742552
594,Z2_C0_T16.tif,56_3,26,0.5440588203494177,15.65685424949238,6582.809230769232,4202.98,Z2_C1_T16.tif,1489.5238461538463,3048.93,4.419405065428757
596,Z2_C0_T16.tif,56_5,57,0.8936728153654833,29.899494936611664,6335.13649122807,4202.98,Z2_C1_T16.tif,1350.3436842105264,3048.93,4.691499331099464
597,Z2_C0_T16.tif,56_6,43,0.5035778548266563,21.31370849898476,6843.935348837207,4202.98,Z2_C1_T16.tif,979.8932558139534,3048.93,6.984368254634283
598,Z2_C0_T16.tif,56_7,14,0.6292889820590859,11.071067811865474,6324.468571428569,4202.98,Z2_C1_T16.tif,1100.1557142857139,3048.93,5.748703105664263
599,Z2_C0_T16.tif,56_8,87,0.9302255262253405,41.79898987322333,7397.953793103451,4202.98,Z2_C1_T16.tif,1128.2148275862062,3048.93,6.557220852106004
600,Z2_C0_T16.tif,56_9,50,0.8865032499279293,28.14213562373095,6595.82,4202.98,Z2_C1_T16.tif,1408.2699999999998,3048.93,4.68363311012803
603,Z2_C0_T17.tif,57_2,98,0.7997678502312142,44.970562748477136,5835.243877551022,4202.98,Z2_C1_T17.tif,1004.5224489795917,3048.93,5.808973093113595
604,Z2_C0_T17.tif,57_3,44,0.5034731457759757,21.899494936611664,5634.86818181818,4202.98,Z2_C1_T17.tif,1692.5363636363631,3048.93,3.329244973922945
605,Z2_C0_T17.tif,57_4,86,0.823056785993523,34.384776310850235,7203.06162790698,4202.98,Z2_C1_T17.tif,1295.6441860465113,3048.93,5.559444255977546
606,Z2_C0_T17.tif,57_5,77,0.8672070150316582,33.55634918610404,5920.108441558442,4202.98,Z2_C1_T17.tif,675.8545454545456,3048.93,8.75944163041306
607,Z2_C0_T17.tif,57_6,8,0.5773502691896258,7.65685424949238,5102.925,4202.98,Z2_C1_T17.tif,873.0250000000001,3048.93,5.845107528421293
609,Z2_C0_T17.tif,57_8,67,0.7284350105640027,29.591883092036785,6151.415671641792,4202.98,Z2_C1_T17.tif,904.0567164179104,3048.93,6.804236459870767
610,Z2_C0_T17.tif,57_9,12,0.0,9.65685424949238,5280.383333333334,4202.98,Z2_C1_T17.tif,851.2333333333332,3048.93,6.203214943023849
611,Z2_C0_T17.tif,57_10,62,0.6830764311353038,25.31370849898476,5474.904838709677,4202.98,Z2_C1_T17.tif,491.91612903225837,3048.93,11.129752646005738
612,Z2_C0_T17.tif,57_11,69,0.8838261168089736,31.31370849898476,5642.071739130434,4202.98,Z2_C1_T17.tif,970.5449275362317,3048.93,5.813303000256841
615,Z2_C0_T17.tif,57_14,8,0.5773502691896258,7.65685424949238,4973.425,4202.98,Z2_C1_T17.tif,8117.775,3048.93,0.6126586410685194
617,Z2_C0_T18.tif,58_2,84,0.7557851264701514,32.970562748477136,7556.084761904764,4202.98,Z2_C1_T18.tif,1301.3961904761902,3048.93,5.8061371450149535
618,Z2_C0_T18.tif,58_3,30,0.4509717590117593,17.071067811865476,6690.979999999999,4202.98,Z2_C1_T18.tif,1770.9866666666665,3048.93,3.7781086249472984
619,Z2_C0_T18.tif,58_4,59,0.7569806008952051,27.31370849898476,6537.629152542373,4202.98,Z2_C1_T18.tif,773.877627118644,3048.93,8.447884941297163
620,Z2_C0_T18.tif,58_5,59,0.7402751286009156,26.48528137423857,6808.290169491525,4202.98,Z2_C1_T18.tif,1074.2166101694916,3048.93,6.337911837368911
621,Z2_C0_T18.tif,58_6,40,0.5920232889294219,20.48528137423857,6355.055,4202.98,Z2_C1_T18.tif,682.7950000000001,3048.93,9.307412913099832
622,Z2_C0_T18.tif,58_7,28,0.9113058650014845,20.14213562373095,5709.108571428571,4202.98,Z2_C1_T18.tif,525.777142857143,3048.93,10.85841910206388
623,Z2_C0_T18.tif,58_8,70,0.8494094855052557,30.970562748477143,7219.137142857143,4202.98,Z2_C1_T18.tif,748.6771428571428,3048.93,9.642523765727741
624,Z2_C0_T18.tif,58_9,45,0.8710743037858396,24.48528137423857,6332.768888888889,4202.98,Z2_C1_T18.tif,965.4199999999998,3048.93,6.559599851762849
626,Z2_C0_T18.tif,58_11,12,0.0,9.65685424949238,5764.846666666667,4202.98,Z2_C1_T18.tif,1008.5866666666667,3048.93,5.715767278303633
628,Z2_C0_T19.tif,59_2,82,0.774376671791883,32.72792206135785,7800.959024390246,4202.98,Z2_C1_T19.tif,1110.887073170732,3048.93,7.022279053193481
629,Z2_C0_T19.tif,59_3,30,0.4509717590117594,17.071067811865476,6659.653333333332,4202.98,Z2_C1_T19.tif,1268.7033333333336,3048.93,5.249180922253952
630,Z2_C0_T19.tif,59_4,48,0.8818090209625767,28.14213562373095,6629.311666666668,4202.98,Z2_C1_T19.tif,760.7158333333333,3048.93,8.714570377243366
631,Z2_C0_T19.tif,59_5,40,0.8234842936576293,21.899494936611667,6945.120000000001,4202.98,Z2_C1_T19.tif,983.595,3048.93,7.060954966220853
632,Z2_C0_T19.tif,59_6,30,0.4509717590117593,17.071067811865476,7157.653333333332,4202.98,Z2_C1_T19.tif,646.3700000000001,3048.93,11.073616246628603
633,Z2_C0_T19.tif,59_7,62,0.7386892060946103,27.31370849898476,8413.97161290323,4202.98,Z2_C1_T19.tif,899.4732258064516,3048.93,9.3543324820585
634,Z2_C0_T19.tif,59_8,44,0.9107611962864333,25.899494936611664,6060.7472727272725,4202.98,Z2_C1_T19.tif,867.5245454545455,3048.93,6.986254515198416
635,Z2_C0_T19.tif,59_9,19,0.5207037318817047,13.071067811865476,6701.3357894736855,4202.98,Z2_C1_T19.tif,997.5963157894738,3048.93,6.717482496084009
