,label,mean_intensity_nuf2_CFP,fname_nuf2_CFP,mean_intensity_YFP_pp1,fname_YFP_pp1,nuf2_CFP_cyto,YFP_pp1_cyto,nuf2_CFP_bg,YFP_pp1_bg
0,0_1,5357.583333333333,Expt2021_006_Set2_HeLaYFP-PP1_Nuf2-CFP_STLC_MG132_RO3306_well2_point7_14min01_R3D_D3D_Z00_C0_T0.tif,9526.333333333334,Expt2021_006_Set2_HeLaYFP-PP1_Nuf2-CFP_STLC_MG132_RO3306_well2_point7_14min01_R3D_D3D_Z00_C1_T0.tif,4527.048160893171,5986.214294090057,4318.585,5249.2775
1,0_2,5380.375,Expt2021_006_Set2_HeLaYFP-PP1_Nuf2-CFP_STLC_MG132_RO3306_well2_point7_14min01_R3D_D3D_Z00_C0_T0.tif,9158.875,Expt2021_006_Set2_HeLaYFP-PP1_Nuf2-CFP_STLC_MG132_RO3306_well2_point7_14min01_R3D_D3D_Z00_C1_T0.tif,4527.048160893171,5986.214294090057,4318.585,5249.2775
2,0_3,5495.6,Expt2021_006_Set2_HeLaYFP-PP1_Nuf2-CFP_STLC_MG132_RO3306_well2_point7_14min01_R3D_D3D_Z00_C0_T0.tif,9299.9,Expt2021_006_Set2_HeLaYFP-PP1_Nuf2-CFP_STLC_MG132_RO3306_well2_point7_14min01_R3D_D3D_Z00_C1_T0.tif,4527.048160893171,5986.214294090057,4318.585,5249.2775
3,0_4,5393.137931034483,Expt2021_006_Set2_HeLaYFP-PP1_Nuf2-CFP_STLC_MG132_RO3306_well2_point7_14min01_R3D_D3D_Z00_C0_T0.tif,9762.48275862069,Expt2021_006_Set2_HeLaYFP-PP1_Nuf2-CFP_STLC_MG132_RO3306_well2_point7_14min01_R3D_D3D_Z00_C1_T0.tif,4527.048160893171,5986.214294090057,4318.585,5249.2775
4,0_5,5292.5,Expt2021_006_Set2_HeLaYFP-PP1_Nuf2-CFP_STLC_MG132_RO3306_well2_point7_14min01_R3D_D3D_Z00_C0_T0.tif,9760.75,Expt2021_006_Set2_HeLaYFP-PP1_Nuf2-CFP_STLC_MG132_RO3306_well2_point7_14min01_R3D_D3D_Z00_C1_T0.tif,4527.048160893171,5986.214294090057,4318.585,5249.2775
5,0_6,5131.75,Expt2021_006_Set2_HeLaYFP-PP1_Nuf2-CFP_STLC_MG132_RO3306_well2_point7_14min01_R3D_D3D_Z00_C0_T0.tif,9928.0,Expt2021_006_Set2_HeLaYFP-PP1_Nuf2-CFP_STLC_MG132_RO3306_well2_point7_14min01_R3D_D3D_Z00_C1_T0.tif,4527.048160893171,5986.214294090057,4318.585,5249.2775
6,0_7,5240.5,Expt2021_006_Set2_HeLaYFP-PP1_Nuf2-CFP_STLC_MG132_RO3306_well2_point7_14min01_R3D_D3D_Z00_C0_T0.tif,8723.75,Expt2021_006_Set2_HeLaYFP-PP1_Nuf2-CFP_STLC_MG132_RO3306_well2_point7_14min01_R3D_D3D_Z00_C1_T0.tif,4527.048160893171,5986.214294090057,4318.585,5249.2775
7,0_8,5200.875,Expt2021_006_Set2_HeLaYFP-PP1_Nuf2-CFP_STLC_MG132_RO3306_well2_point7_14min01_R3D_D3D_Z00_C0_T0.tif,9603.0,Expt2021_006_Set2_HeLaYFP-PP1_Nuf2-CFP_STLC_MG132_RO3306_well2_point7_14min01_R3D_D3D_Z00_C1_T0.tif,4527.048160893171,5986.214294090057,4318.585,5249.2775
8,0_9,5244.3125,Expt2021_006_Set2_HeLaYFP-PP1_Nuf2-CFP_STLC_MG132_RO3306_well2_point7_14min01_R3D_D3D_Z00_C0_T0.tif,5887.75,Expt2021_006_Set2_HeLaYFP-PP1_Nuf2-CFP_STLC_MG132_RO3306_well2_point7_14min01_R3D_D3D_Z00_C1_T0.tif,4527.048160893171,5986.214294090057,4318.585,5249.2775
9,0_10,5301.457142857143,Expt2021_006_Set2_HeLaYFP-PP1_Nuf2-CFP_STLC_MG132_RO3306_well2_point7_14min01_R3D_D3D_Z00_C0_T0.tif,8946.657142857142,Expt2021_006_Set2_HeLaYFP-PP1_Nuf2-CFP_STLC_MG132_RO3306_well2_point7_14min01_R3D_D3D_Z00_C1_T0.tif,4527.048160893171,5986.214294090057,4318.585,5249.2775
10,0_11,5397.0,Expt2021_006_Set2_HeLaYFP-PP1_Nuf2-CFP_STLC_MG132_RO3306_well2_point7_14min01_R3D_D3D_Z00_C0_T0.tif,9932.91304347826,Expt2021_006_Set2_HeLaYFP-PP1_Nuf2-CFP_STLC_MG132_RO3306_well2_point7_14min01_R3D_D3D_Z00_C1_T0.tif,4527.048160893171,5986.214294090057,4318.585,5249.2775
11,0_12,5321.214285714285,Expt2021_006_Set2_HeLaYFP-PP1_Nuf2-CFP_STLC_MG132_RO3306_well2_point7_14min01_R3D_D3D_Z00_C0_T0.tif,9723.464285714286,Expt2021_006_Set2_HeLaYFP-PP1_Nuf2-CFP_STLC_MG132_RO3306_well2_point7_14min01_R3D_D3D_Z00_C1_T0.tif,4527.048160893171,5986.214294090057,4318.585,5249.2775
12,0_13,5269.2,Expt2021_006_Set2_HeLaYFP-PP1_Nuf2-CFP_STLC_MG132_RO3306_well2_point7_14min01_R3D_D3D_Z00_C0_T0.tif,9939.0,Expt2021_006_Set2_HeLaYFP-PP1_Nuf2-CFP_STLC_MG132_RO3306_well2_point7_14min01_R3D_D3D_Z00_C1_T0.tif,4527.048160893171,5986.214294090057,4318.585,5249.2775
13,0_14,5342.75,Expt2021_006_Set2_HeLaYFP-PP1_Nuf2-CFP_STLC_MG132_RO3306_well2_point7_14min01_R3D_D3D_Z00_C0_T0.tif,8601.5625,Expt2021_006_Set2_HeLaYFP-PP1_Nuf2-CFP_STLC_MG132_RO3306_well2_point7_14min01_R3D_D3D_Z00_C1_T0.tif,4527.048160893171,5986.214294090057,4318.585,5249.2775
14,0_15,5281.9,Expt2021_006_Set2_HeLaYFP-PP1_Nuf2-CFP_STLC_MG132_RO3306_well2_point7_14min01_R3D_D3D_Z00_C0_T0.tif,9055.1,Expt2021_006_Set2_HeLaYFP-PP1_Nuf2-CFP_STLC_MG132_RO3306_well2_point7_14min01_R3D_D3D_Z00_C1_T0.tif,4527.048160893171,5986.214294090057,4318.585,5249.2775
15,0_16,5378.8125,Expt2021_006_Set2_HeLaYFP-PP1_Nuf2-CFP_STLC_MG132_RO3306_well2_point7_14min01_R3D_D3D_Z00_C0_T0.tif,9215.0625,Expt2021_006_Set2_HeLaYFP-PP1_Nuf2-CFP_STLC_MG132_RO3306_well2_point7_14min01_R3D_D3D_Z00_C1_T0.tif,4527.048160893171,5986.214294090057,4318.585,5249.2775
16,0_17,5217.75,Expt2021_006_Set2_HeLaYFP-PP1_Nuf2-CFP_STLC_MG132_RO3306_well2_point7_14min01_R3D_D3D_Z00_C0_T0.tif,7362.5,Expt2021_006_Set2_HeLaYFP-PP1_Nuf2-CFP_STLC_MG132_RO3306_well2_point7_14min01_R3D_D3D_Z00_C1_T0.tif,4527.048160893171,5986.214294090057,4318.585,5249.2775
17,0_18,5298.0,Expt2021_006_Set2_HeLaYFP-PP1_Nuf2-CFP_STLC_MG132_RO3306_well2_point7_14min01_R3D_D3D_Z00_C0_T0.tif,6020.0,Expt2021_006_Set2_HeLaYFP-PP1_Nuf2-CFP_STLC_MG132_RO3306_well2_point7_14min01_R3D_D3D_Z00_C1_T0.tif,4527.048160893171,5986.214294090057,4318.585,5249.2775
18,1_1,5334.380952380952,Expt2021_006_Set2_HeLaYFP-PP1_Nuf2-CFP_STLC_MG132_RO3306_well2_point7_14min01_R3D_D3D_Z01_C0_T0.tif,8739.047619047618,Expt2021_006_Set2_HeLaYFP-PP1_Nuf2-CFP_STLC_MG132_RO3306_well2_point7_14min01_R3D_D3D_Z01_C1_T0.tif,4527.048160893171,5986.214294090057,4318.585,5249.2775
19,1_2,5331.291666666667,Expt2021_006_Set2_HeLaYFP-PP1_Nuf2-CFP_STLC_MG132_RO3306_well2_point7_14min01_R3D_D3D_Z01_C0_T0.tif,8785.625,Expt2021_006_Set2_HeLaYFP-PP1_Nuf2-CFP_STLC_MG132_RO3306_well2_point7_14min01_R3D_D3D_Z01_C1_T0.tif,4527.048160893171,5986.214294090057,4318.585,5249.2775
20,1_3,5481.291666666667,Expt2021_006_Set2_HeLaYFP-PP1_Nuf2-CFP_STLC_MG132_RO3306_well2_point7_14min01_R3D_D3D_Z01_C0_T0.tif,9064.75,Expt2021_006_Set2_HeLaYFP-PP1_Nuf2-CFP_STLC_MG132_RO3306_well2_point7_14min01_R3D_D3D_Z01_C1_T0.tif,4527.048160893171,5986.214294090057,4318.585,5249.2775
21,1_4,5427.047619047619,Expt2021_006_Set2_HeLaYFP-PP1_Nuf2-CFP_STLC_MG132_RO3306_well2_point7_14min01_R3D_D3D_Z01_C0_T0.tif,9591.47619047619,Expt2021_006_Set2_HeLaYFP-PP1_Nuf2-CFP_STLC_MG132_RO3306_well2_point7_14min01_R3D_D3D_Z01_C1_T0.tif,4527.048160893171,5986.214294090057,4318.585,5249.2775
22,1_5,5263.5625,Expt2021_006_Set2_HeLaYFP-PP1_Nuf2-CFP_STLC_MG132_RO3306_well2_point7_14min01_R3D_D3D_Z01_C0_T0.tif,9094.25,Expt2021_006_Set2_HeLaYFP-PP1_Nuf2-CFP_STLC_MG132_RO3306_well2_point7_14min01_R3D_D3D_Z01_C1_T0.tif,4527.048160893171,5986.214294090057,4318.585,5249.2775
23,1_6,5279.285714285715,Expt2021_006_Set2_HeLaYFP-PP1_Nuf2-CFP_STLC_MG132_RO3306_well2_point7_14min01_R3D_D3D_Z01_C0_T0.tif,9364.357142857143,Expt2021_006_Set2_HeLaYFP-PP1_Nuf2-CFP_STLC_MG132_RO3306_well2_point7_14min01_R3D_D3D_Z01_C1_T0.tif,4527.048160893171,5986.214294090057,4318.585,5249.2775
24,1_7,5254.64705882353,Expt2021_006_Set2_HeLaYFP-PP1_Nuf2-CFP_STLC_MG132_RO3306_well2_point7_14min01_R3D_D3D_Z01_C0_T0.tif,9028.882352941177,Expt2021_006_Set2_HeLaYFP-PP1_Nuf2-CFP_STLC_MG132_RO3306_well2_point7_14min01_R3D_D3D_Z01_C1_T0.tif,4527.048160893171,5986.214294090057,4318.585,5249.2775
25,1_8,5396.03125,Expt2021_006_Set2_HeLaYFP-PP1_Nuf2-CFP_STLC_MG132_RO3306_well2_point7_14min01_R3D_D3D_Z01_C0_T0.tif,9758.875,Expt2021_006_Set2_HeLaYFP-PP1_Nuf2-CFP_STLC_MG132_RO3306_well2_point7_14min01_R3D_D3D_Z01_C1_T0.tif,4527.048160893171,5986.214294090057,4318.585,5249.2775
26,1_9,5324.833333333333,Expt2021_006_Set2_HeLaYFP-PP1_Nuf2-CFP_STLC_MG132_RO3306_well2_point7_14min01_R3D_D3D_Z01_C0_T0.tif,9177.5,Expt2021_006_Set2_HeLaYFP-PP1_Nuf2-CFP_STLC_MG132_RO3306_well2_point7_14min01_R3D_D3D_Z01_C1_T0.tif,4527.048160893171,5986.214294090057,4318.585,5249.2775
27,1_10,5248.888888888889,Expt2021_006_Set2_HeLaYFP-PP1_Nuf2-CFP_STLC_MG132_RO3306_well2_point7_14min01_R3D_D3D_Z01_C0_T0.tif,9390.962962962964,Expt2021_006_Set2_HeLaYFP-PP1_Nuf2-CFP_STLC_MG132_RO3306_well2_point7_14min01_R3D_D3D_Z01_C1_T0.tif,4527.048160893171,5986.214294090057,4318.585,5249.2775
28,1_11,5348.375,Expt2021_006_Set2_HeLaYFP-PP1_Nuf2-CFP_STLC_MG132_RO3306_well2_point7_14min01_R3D_D3D_Z01_C0_T0.tif,8896.75,Expt2021_006_Set2_HeLaYFP-PP1_Nuf2-CFP_STLC_MG132_RO3306_well2_point7_14min01_R3D_D3D_Z01_C1_T0.tif,4527.048160893171,5986.214294090057,4318.585,5249.2775
29,1_12,5322.75,Expt2021_006_Set2_HeLaYFP-PP1_Nuf2-CFP_STLC_MG132_RO3306_well2_point7_14min01_R3D_D3D_Z01_C0_T0.tif,8563.916666666666,Expt2021_006_Set2_HeLaYFP-PP1_Nuf2-CFP_STLC_MG132_RO3306_well2_point7_14min01_R3D_D3D_Z01_C1_T0.tif,4527.048160893171,5986.214294090057,4318.585,5249.2775
30,1_13,5520.5,Expt2021_006_Set2_HeLaYFP-PP1_Nuf2-CFP_STLC_MG132_RO3306_well2_point7_14min01_R3D_D3D_Z01_C0_T0.tif,9025.125,Expt2021_006_Set2_HeLaYFP-PP1_Nuf2-CFP_STLC_MG132_RO3306_well2_point7_14min01_R3D_D3D_Z01_C1_T0.tif,4527.048160893171,5986.214294090057,4318.585,5249.2775
31,1_14,5267.05,Expt2021_006_Set2_HeLaYFP-PP1_Nuf2-CFP_STLC_MG132_RO3306_well2_point7_14min01_R3D_D3D_Z01_C0_T0.tif,9070.35,Expt2021_006_Set2_HeLaYFP-PP1_Nuf2-CFP_STLC_MG132_RO3306_well2_point7_14min01_R3D_D3D_Z01_C1_T0.tif,4527.048160893171,5986.214294090057,4318.585,5249.2775
32,2_1,5494.75,Expt2021_006_Set2_HeLaYFP-PP1_Nuf2-CFP_STLC_MG132_RO3306_well2_point7_14min01_R3D_D3D_Z02_C0_T0.tif,8853.375,Expt2021_006_Set2_HeLaYFP-PP1_Nuf2-CFP_STLC_MG132_RO3306_well2_point7_14min01_R3D_D3D_Z02_C1_T0.tif,4527.048160893171,5986.214294090057,4318.585,5249.2775
33,2_2,5558.333333333333,Expt2021_006_Set2_HeLaYFP-PP1_Nuf2-CFP_STLC_MG132_RO3306_well2_point7_14min01_R3D_D3D_Z02_C0_T0.tif,8773.0,Expt2021_006_Set2_HeLaYFP-PP1_Nuf2-CFP_STLC_MG132_RO3306_well2_point7_14min01_R3D_D3D_Z02_C1_T0.tif,4527.048160893171,5986.214294090057,4318.585,5249.2775
34,2_3,5603.714285714285,Expt2021_006_Set2_HeLaYFP-PP1_Nuf2-CFP_STLC_MG132_RO3306_well2_point7_14min01_R3D_D3D_Z02_C0_T0.tif,9542.333333333334,Expt2021_006_Set2_HeLaYFP-PP1_Nuf2-CFP_STLC_MG132_RO3306_well2_point7_14min01_R3D_D3D_Z02_C1_T0.tif,4527.048160893171,5986.214294090057,4318.585,5249.2775
35,2_4,5671.875,Expt2021_006_Set2_HeLaYFP-PP1_Nuf2-CFP_STLC_MG132_RO3306_well2_point7_14min01_R3D_D3D_Z02_C0_T0.tif,10096.25,Expt2021_006_Set2_HeLaYFP-PP1_Nuf2-CFP_STLC_MG132_RO3306_well2_point7_14min01_R3D_D3D_Z02_C1_T0.tif,4527.048160893171,5986.214294090057,4318.585,5249.2775
36,2_5,5526.684210526316,Expt2021_006_Set2_HeLaYFP-PP1_Nuf2-CFP_STLC_MG132_RO3306_well2_point7_14min01_R3D_D3D_Z02_C0_T0.tif,8987.421052631578,Expt2021_006_Set2_HeLaYFP-PP1_Nuf2-CFP_STLC_MG132_RO3306_well2_point7_14min01_R3D_D3D_Z02_C1_T0.tif,4527.048160893171,5986.214294090057,4318.585,5249.2775
37,2_6,5640.571428571428,Expt2021_006_Set2_HeLaYFP-PP1_Nuf2-CFP_STLC_MG132_RO3306_well2_point7_14min01_R3D_D3D_Z02_C0_T0.tif,8902.5,Expt2021_006_Set2_HeLaYFP-PP1_Nuf2-CFP_STLC_MG132_RO3306_well2_point7_14min01_R3D_D3D_Z02_C1_T0.tif,4527.048160893171,5986.214294090057,4318.585,5249.2775
38,2_7,5506.708333333333,Expt2021_006_Set2_HeLaYFP-PP1_Nuf2-CFP_STLC_MG132_RO3306_well2_point7_14min01_R3D_D3D_Z02_C0_T0.tif,9508.5,Expt2021_006_Set2_HeLaYFP-PP1_Nuf2-CFP_STLC_MG132_RO3306_well2_point7_14min01_R3D_D3D_Z02_C1_T0.tif,4527.048160893171,5986.214294090057,4318.585,5249.2775
39,2_8,5810.083333333333,Expt2021_006_Set2_HeLaYFP-PP1_Nuf2-CFP_STLC_MG132_RO3306_well2_point7_14min01_R3D_D3D_Z02_C0_T0.tif,9335.083333333334,Expt2021_006_Set2_HeLaYFP-PP1_Nuf2-CFP_STLC_MG132_RO3306_well2_point7_14min01_R3D_D3D_Z02_C1_T0.tif,4527.048160893171,5986.214294090057,4318.585,5249.2775
40,2_9,5564.5,Expt2021_006_Set2_HeLaYFP-PP1_Nuf2-CFP_STLC_MG132_RO3306_well2_point7_14min01_R3D_D3D_Z02_C0_T0.tif,9906.357142857143,Expt2021_006_Set2_HeLaYFP-PP1_Nuf2-CFP_STLC_MG132_RO3306_well2_point7_14min01_R3D_D3D_Z02_C1_T0.tif,4527.048160893171,5986.214294090057,4318.585,5249.2775
41,2_10,5591.375,Expt2021_006_Set2_HeLaYFP-PP1_Nuf2-CFP_STLC_MG132_RO3306_well2_point7_14min01_R3D_D3D_Z02_C0_T0.tif,8834.5,Expt2021_006_Set2_HeLaYFP-PP1_Nuf2-CFP_STLC_MG132_RO3306_well2_point7_14min01_R3D_D3D_Z02_C1_T0.tif,4527.048160893171,5986.214294090057,4318.585,5249.2775
42,2_11,5715.583333333333,Expt2021_006_Set2_HeLaYFP-PP1_Nuf2-CFP_STLC_MG132_RO3306_well2_point7_14min01_R3D_D3D_Z02_C0_T0.tif,8776.666666666666,Expt2021_006_Set2_HeLaYFP-PP1_Nuf2-CFP_STLC_MG132_RO3306_well2_point7_14min01_R3D_D3D_Z02_C1_T0.tif,4527.048160893171,5986.214294090057,4318.585,5249.2775
43,2_12,5531.5625,Expt2021_006_Set2_HeLaYFP-PP1_Nuf2-CFP_STLC_MG132_RO3306_well2_point7_14min01_R3D_D3D_Z02_C0_T0.tif,9031.5625,Expt2021_006_Set2_HeLaYFP-PP1_Nuf2-CFP_STLC_MG132_RO3306_well2_point7_14min01_R3D_D3D_Z02_C1_T0.tif,4527.048160893171,5986.214294090057,4318.585,5249.2775
44,3_1,5421.631578947368,Expt2021_006_Set2_HeLaYFP-PP1_Nuf2-CFP_STLC_MG132_RO3306_well2_point7_14min01_R3D_D3D_Z03_C0_T0.tif,9144.21052631579,Expt2021_006_Set2_HeLaYFP-PP1_Nuf2-CFP_STLC_MG132_RO3306_well2_point7_14min01_R3D_D3D_Z03_C1_T0.tif,4527.048160893171,5986.214294090057,4318.585,5249.2775
45,3_2,5240.833333333333,Expt2021_006_Set2_HeLaYFP-PP1_Nuf2-CFP_STLC_MG132_RO3306_well2_point7_14min01_R3D_D3D_Z03_C0_T0.tif,7969.166666666667,Expt2021_006_Set2_HeLaYFP-PP1_Nuf2-CFP_STLC_MG132_RO3306_well2_point7_14min01_R3D_D3D_Z03_C1_T0.tif,4527.048160893171,5986.214294090057,4318.585,5249.2775
46,3_3,5427.7307692307695,Expt2021_006_Set2_HeLaYFP-PP1_Nuf2-CFP_STLC_MG132_RO3306_well2_point7_14min01_R3D_D3D_Z03_C0_T0.tif,9501.23076923077,Expt2021_006_Set2_HeLaYFP-PP1_Nuf2-CFP_STLC_MG132_RO3306_well2_point7_14min01_R3D_D3D_Z03_C1_T0.tif,4527.048160893171,5986.214294090057,4318.585,5249.2775
47,3_4,5659.75,Expt2021_006_Set2_HeLaYFP-PP1_Nuf2-CFP_STLC_MG132_RO3306_well2_point7_14min01_R3D_D3D_Z03_C0_T0.tif,9284.083333333334,Expt2021_006_Set2_HeLaYFP-PP1_Nuf2-CFP_STLC_MG132_RO3306_well2_point7_14min01_R3D_D3D_Z03_C1_T0.tif,4527.048160893171,5986.214294090057,4318.585,5249.2775
48,3_5,5603.774193548387,Expt2021_006_Set2_HeLaYFP-PP1_Nuf2-CFP_STLC_MG132_RO3306_well2_point7_14min01_R3D_D3D_Z03_C0_T0.tif,8259.161290322581,Expt2021_006_Set2_HeLaYFP-PP1_Nuf2-CFP_STLC_MG132_RO3306_well2_point7_14min01_R3D_D3D_Z03_C1_T0.tif,4527.048160893171,5986.214294090057,4318.585,5249.2775
49,3_6,5486.433333333333,Expt2021_006_Set2_HeLaYFP-PP1_Nuf2-CFP_STLC_MG132_RO3306_well2_point7_14min01_R3D_D3D_Z03_C0_T0.tif,8680.8,Expt2021_006_Set2_HeLaYFP-PP1_Nuf2-CFP_STLC_MG132_RO3306_well2_point7_14min01_R3D_D3D_Z03_C1_T0.tif,4527.048160893171,5986.214294090057,4318.585,5249.2775
50,3_7,5396.4375,Expt2021_006_Set2_HeLaYFP-PP1_Nuf2-CFP_STLC_MG132_RO3306_well2_point7_14min01_R3D_D3D_Z03_C0_T0.tif,6384.125,Expt2021_006_Set2_HeLaYFP-PP1_Nuf2-CFP_STLC_MG132_RO3306_well2_point7_14min01_R3D_D3D_Z03_C1_T0.tif,4527.048160893171,5986.214294090057,4318.585,5249.2775
51,3_8,5532.75,Expt2021_006_Set2_HeLaYFP-PP1_Nuf2-CFP_STLC_MG132_RO3306_well2_point7_14min01_R3D_D3D_Z03_C0_T0.tif,9118.25,Expt2021_006_Set2_HeLaYFP-PP1_Nuf2-CFP_STLC_MG132_RO3306_well2_point7_14min01_R3D_D3D_Z03_C1_T0.tif,4527.048160893171,5986.214294090057,4318.585,5249.2775
52,3_9,5714.705882352941,Expt2021_006_Set2_HeLaYFP-PP1_Nuf2-CFP_STLC_MG132_RO3306_well2_point7_14min01_R3D_D3D_Z03_C0_T0.tif,9238.5,Expt2021_006_Set2_HeLaYFP-PP1_Nuf2-CFP_STLC_MG132_RO3306_well2_point7_14min01_R3D_D3D_Z03_C1_T0.tif,4527.048160893171,5986.214294090057,4318.585,5249.2775
53,3_10,5343.125,Expt2021_006_Set2_HeLaYFP-PP1_Nuf2-CFP_STLC_MG132_RO3306_well2_point7_14min01_R3D_D3D_Z03_C0_T0.tif,9667.1875,Expt2021_006_Set2_HeLaYFP-PP1_Nuf2-CFP_STLC_MG132_RO3306_well2_point7_14min01_R3D_D3D_Z03_C1_T0.tif,4527.048160893171,5986.214294090057,4318.585,5249.2775
54,3_11,5381.142857142857,Expt2021_006_Set2_HeLaYFP-PP1_Nuf2-CFP_STLC_MG132_RO3306_well2_point7_14min01_R3D_D3D_Z03_C0_T0.tif,9125.07142857143,Expt2021_006_Set2_HeLaYFP-PP1_Nuf2-CFP_STLC_MG132_RO3306_well2_point7_14min01_R3D_D3D_Z03_C1_T0.tif,4527.048160893171,5986.214294090057,4318.585,5249.2775
55,3_12,5559.3125,Expt2021_006_Set2_HeLaYFP-PP1_Nuf2-CFP_STLC_MG132_RO3306_well2_point7_14min01_R3D_D3D_Z03_C0_T0.tif,9715.3125,Expt2021_006_Set2_HeLaYFP-PP1_Nuf2-CFP_STLC_MG132_RO3306_well2_point7_14min01_R3D_D3D_Z03_C1_T0.tif,4527.048160893171,5986.214294090057,4318.585,5249.2775
56,3_13,5445.375,Expt2021_006_Set2_HeLaYFP-PP1_Nuf2-CFP_STLC_MG132_RO3306_well2_point7_14min01_R3D_D3D_Z03_C0_T0.tif,8326.25,Expt2021_006_Set2_HeLaYFP-PP1_Nuf2-CFP_STLC_MG132_RO3306_well2_point7_14min01_R3D_D3D_Z03_C1_T0.tif,4527.048160893171,5986.214294090057,4318.585,5249.2775
57,3_14,5583.833333333333,Expt2021_006_Set2_HeLaYFP-PP1_Nuf2-CFP_STLC_MG132_RO3306_well2_point7_14min01_R3D_D3D_Z03_C0_T0.tif,8870.416666666666,Expt2021_006_Set2_HeLaYFP-PP1_Nuf2-CFP_STLC_MG132_RO3306_well2_point7_14min01_R3D_D3D_Z03_C1_T0.tif,4527.048160893171,5986.214294090057,4318.585,5249.2775
58,3_15,5504.833333333333,Expt2021_006_Set2_HeLaYFP-PP1_Nuf2-CFP_STLC_MG132_RO3306_well2_point7_14min01_R3D_D3D_Z03_C0_T0.tif,8660.0,Expt2021_006_Set2_HeLaYFP-PP1_Nuf2-CFP_STLC_MG132_RO3306_well2_point7_14min01_R3D_D3D_Z03_C1_T0.tif,4527.048160893171,5986.214294090057,4318.585,5249.2775
59,3_16,5531.25,Expt2021_006_Set2_HeLaYFP-PP1_Nuf2-CFP_STLC_MG132_RO3306_well2_point7_14min01_R3D_D3D_Z03_C0_T0.tif,9268.416666666666,Expt2021_006_Set2_HeLaYFP-PP1_Nuf2-CFP_STLC_MG132_RO3306_well2_point7_14min01_R3D_D3D_Z03_C1_T0.tif,4527.048160893171,5986.214294090057,4318.585,5249.2775
60,3_17,5424.5,Expt2021_006_Set2_HeLaYFP-PP1_Nuf2-CFP_STLC_MG132_RO3306_well2_point7_14min01_R3D_D3D_Z03_C0_T0.tif,8794.375,Expt2021_006_Set2_HeLaYFP-PP1_Nuf2-CFP_STLC_MG132_RO3306_well2_point7_14min01_R3D_D3D_Z03_C1_T0.tif,4527.048160893171,5986.214294090057,4318.585,5249.2775
61,4_1,5420.272727272727,Expt2021_006_Set2_HeLaYFP-PP1_Nuf2-CFP_STLC_MG132_RO3306_well2_point7_14min01_R3D_D3D_Z04_C0_T0.tif,9502.727272727272,Expt2021_006_Set2_HeLaYFP-PP1_Nuf2-CFP_STLC_MG132_RO3306_well2_point7_14min01_R3D_D3D_Z04_C1_T0.tif,4527.048160893171,5986.214294090057,4318.585,5249.2775
62,4_2,5534.375,Expt2021_006_Set2_HeLaYFP-PP1_Nuf2-CFP_STLC_MG132_RO3306_well2_point7_14min01_R3D_D3D_Z04_C0_T0.tif,8748.75,Expt2021_006_Set2_HeLaYFP-PP1_Nuf2-CFP_STLC_MG132_RO3306_well2_point7_14min01_R3D_D3D_Z04_C1_T0.tif,4527.048160893171,5986.214294090057,4318.585,5249.2775
63,4_3,5434.318181818182,Expt2021_006_Set2_HeLaYFP-PP1_Nuf2-CFP_STLC_MG132_RO3306_well2_point7_14min01_R3D_D3D_Z04_C0_T0.tif,9430.954545454546,Expt2021_006_Set2_HeLaYFP-PP1_Nuf2-CFP_STLC_MG132_RO3306_well2_point7_14min01_R3D_D3D_Z04_C1_T0.tif,4527.048160893171,5986.214294090057,4318.585,5249.2775
64,4_4,5364.0,Expt2021_006_Set2_HeLaYFP-PP1_Nuf2-CFP_STLC_MG132_RO3306_well2_point7_14min01_R3D_D3D_Z04_C0_T0.tif,9304.785714285714,Expt2021_006_Set2_HeLaYFP-PP1_Nuf2-CFP_STLC_MG132_RO3306_well2_point7_14min01_R3D_D3D_Z04_C1_T0.tif,4527.048160893171,5986.214294090057,4318.585,5249.2775
65,4_5,5539.333333333333,Expt2021_006_Set2_HeLaYFP-PP1_Nuf2-CFP_STLC_MG132_RO3306_well2_point7_14min01_R3D_D3D_Z04_C0_T0.tif,7927.2962962962965,Expt2021_006_Set2_HeLaYFP-PP1_Nuf2-CFP_STLC_MG132_RO3306_well2_point7_14min01_R3D_D3D_Z04_C1_T0.tif,4527.048160893171,5986.214294090057,4318.585,5249.2775
66,4_6,5480.5,Expt2021_006_Set2_HeLaYFP-PP1_Nuf2-CFP_STLC_MG132_RO3306_well2_point7_14min01_R3D_D3D_Z04_C0_T0.tif,8773.583333333334,Expt2021_006_Set2_HeLaYFP-PP1_Nuf2-CFP_STLC_MG132_RO3306_well2_point7_14min01_R3D_D3D_Z04_C1_T0.tif,4527.048160893171,5986.214294090057,4318.585,5249.2775
67,4_7,5492.625,Expt2021_006_Set2_HeLaYFP-PP1_Nuf2-CFP_STLC_MG132_RO3306_well2_point7_14min01_R3D_D3D_Z04_C0_T0.tif,8806.375,Expt2021_006_Set2_HeLaYFP-PP1_Nuf2-CFP_STLC_MG132_RO3306_well2_point7_14min01_R3D_D3D_Z04_C1_T0.tif,4527.048160893171,5986.214294090057,4318.585,5249.2775
68,4_8,5390.972222222223,Expt2021_006_Set2_HeLaYFP-PP1_Nuf2-CFP_STLC_MG132_RO3306_well2_point7_14min01_R3D_D3D_Z04_C0_T0.tif,9560.0,Expt2021_006_Set2_HeLaYFP-PP1_Nuf2-CFP_STLC_MG132_RO3306_well2_point7_14min01_R3D_D3D_Z04_C1_T0.tif,4527.048160893171,5986.214294090057,4318.585,5249.2775
69,4_9,5706.461538461538,Expt2021_006_Set2_HeLaYFP-PP1_Nuf2-CFP_STLC_MG132_RO3306_well2_point7_14min01_R3D_D3D_Z04_C0_T0.tif,9263.307692307691,Expt2021_006_Set2_HeLaYFP-PP1_Nuf2-CFP_STLC_MG132_RO3306_well2_point7_14min01_R3D_D3D_Z04_C1_T0.tif,4527.048160893171,5986.214294090057,4318.585,5249.2775
70,4_10,5334.375,Expt2021_006_Set2_HeLaYFP-PP1_Nuf2-CFP_STLC_MG132_RO3306_well2_point7_14min01_R3D_D3D_Z04_C0_T0.tif,9069.1875,Expt2021_006_Set2_HeLaYFP-PP1_Nuf2-CFP_STLC_MG132_RO3306_well2_point7_14min01_R3D_D3D_Z04_C1_T0.tif,4527.048160893171,5986.214294090057,4318.585,5249.2775
71,4_11,5543.5,Expt2021_006_Set2_HeLaYFP-PP1_Nuf2-CFP_STLC_MG132_RO3306_well2_point7_14min01_R3D_D3D_Z04_C0_T0.tif,9141.25,Expt2021_006_Set2_HeLaYFP-PP1_Nuf2-CFP_STLC_MG132_RO3306_well2_point7_14min01_R3D_D3D_Z04_C1_T0.tif,4527.048160893171,5986.214294090057,4318.585,5249.2775
72,4_12,5421.083333333333,Expt2021_006_Set2_HeLaYFP-PP1_Nuf2-CFP_STLC_MG132_RO3306_well2_point7_14min01_R3D_D3D_Z04_C0_T0.tif,8371.916666666666,Expt2021_006_Set2_HeLaYFP-PP1_Nuf2-CFP_STLC_MG132_RO3306_well2_point7_14min01_R3D_D3D_Z04_C1_T0.tif,4527.048160893171,5986.214294090057,4318.585,5249.2775
73,4_13,5424.0,Expt2021_006_Set2_HeLaYFP-PP1_Nuf2-CFP_STLC_MG132_RO3306_well2_point7_14min01_R3D_D3D_Z04_C0_T0.tif,9456.5,Expt2021_006_Set2_HeLaYFP-PP1_Nuf2-CFP_STLC_MG132_RO3306_well2_point7_14min01_R3D_D3D_Z04_C1_T0.tif,4527.048160893171,5986.214294090057,4318.585,5249.2775
74,4_14,5233.75,Expt2021_006_Set2_HeLaYFP-PP1_Nuf2-CFP_STLC_MG132_RO3306_well2_point7_14min01_R3D_D3D_Z04_C0_T0.tif,7772.5,Expt2021_006_Set2_HeLaYFP-PP1_Nuf2-CFP_STLC_MG132_RO3306_well2_point7_14min01_R3D_D3D_Z04_C1_T0.tif,4527.048160893171,5986.214294090057,4318.585,5249.2775
75,5_1,5254.5,Expt2021_006_Set2_HeLaYFP-PP1_Nuf2-CFP_STLC_MG132_RO3306_well2_point7_14min01_R3D_D3D_Z05_C0_T0.tif,3996.1071428571427,Expt2021_006_Set2_HeLaYFP-PP1_Nuf2-CFP_STLC_MG132_RO3306_well2_point7_14min01_R3D_D3D_Z05_C1_T0.tif,4527.048160893171,5986.214294090057,4318.585,5249.2775
76,5_2,5491.107142857143,Expt2021_006_Set2_HeLaYFP-PP1_Nuf2-CFP_STLC_MG132_RO3306_well2_point7_14min01_R3D_D3D_Z05_C0_T0.tif,9285.535714285714,Expt2021_006_Set2_HeLaYFP-PP1_Nuf2-CFP_STLC_MG132_RO3306_well2_point7_14min01_R3D_D3D_Z05_C1_T0.tif,4527.048160893171,5986.214294090057,4318.585,5249.2775
77,5_3,5431.25,Expt2021_006_Set2_HeLaYFP-PP1_Nuf2-CFP_STLC_MG132_RO3306_well2_point7_14min01_R3D_D3D_Z05_C0_T0.tif,8566.0,Expt2021_006_Set2_HeLaYFP-PP1_Nuf2-CFP_STLC_MG132_RO3306_well2_point7_14min01_R3D_D3D_Z05_C1_T0.tif,4527.048160893171,5986.214294090057,4318.585,5249.2775
78,5_4,5407.666666666667,Expt2021_006_Set2_HeLaYFP-PP1_Nuf2-CFP_STLC_MG132_RO3306_well2_point7_14min01_R3D_D3D_Z05_C0_T0.tif,8021.0,Expt2021_006_Set2_HeLaYFP-PP1_Nuf2-CFP_STLC_MG132_RO3306_well2_point7_14min01_R3D_D3D_Z05_C1_T0.tif,4527.048160893171,5986.214294090057,4318.585,5249.2775
79,5_5,5402.5,Expt2021_006_Set2_HeLaYFP-PP1_Nuf2-CFP_STLC_MG132_RO3306_well2_point7_14min01_R3D_D3D_Z05_C0_T0.tif,9058.25,Expt2021_006_Set2_HeLaYFP-PP1_Nuf2-CFP_STLC_MG132_RO3306_well2_point7_14min01_R3D_D3D_Z05_C1_T0.tif,4527.048160893171,5986.214294090057,4318.585,5249.2775
80,5_6,5287.5,Expt2021_006_Set2_HeLaYFP-PP1_Nuf2-CFP_STLC_MG132_RO3306_well2_point7_14min01_R3D_D3D_Z05_C0_T0.tif,9272.125,Expt2021_006_Set2_HeLaYFP-PP1_Nuf2-CFP_STLC_MG132_RO3306_well2_point7_14min01_R3D_D3D_Z05_C1_T0.tif,4527.048160893171,5986.214294090057,4318.585,5249.2775
81,5_7,5406.607843137255,Expt2021_006_Set2_HeLaYFP-PP1_Nuf2-CFP_STLC_MG132_RO3306_well2_point7_14min01_R3D_D3D_Z05_C0_T0.tif,8366.490196078432,Expt2021_006_Set2_HeLaYFP-PP1_Nuf2-CFP_STLC_MG132_RO3306_well2_point7_14min01_R3D_D3D_Z05_C1_T0.tif,4527.048160893171,5986.214294090057,4318.585,5249.2775
82,5_8,5434.5,Expt2021_006_Set2_HeLaYFP-PP1_Nuf2-CFP_STLC_MG132_RO3306_well2_point7_14min01_R3D_D3D_Z05_C0_T0.tif,9556.666666666666,Expt2021_006_Set2_HeLaYFP-PP1_Nuf2-CFP_STLC_MG132_RO3306_well2_point7_14min01_R3D_D3D_Z05_C1_T0.tif,4527.048160893171,5986.214294090057,4318.585,5249.2775
83,5_9,5265.125,Expt2021_006_Set2_HeLaYFP-PP1_Nuf2-CFP_STLC_MG132_RO3306_well2_point7_14min01_R3D_D3D_Z05_C0_T0.tif,9103.5,Expt2021_006_Set2_HeLaYFP-PP1_Nuf2-CFP_STLC_MG132_RO3306_well2_point7_14min01_R3D_D3D_Z05_C1_T0.tif,4527.048160893171,5986.214294090057,4318.585,5249.2775
84,5_10,5178.875,Expt2021_006_Set2_HeLaYFP-PP1_Nuf2-CFP_STLC_MG132_RO3306_well2_point7_14min01_R3D_D3D_Z05_C0_T0.tif,9182.25,Expt2021_006_Set2_HeLaYFP-PP1_Nuf2-CFP_STLC_MG132_RO3306_well2_point7_14min01_R3D_D3D_Z05_C1_T0.tif,4527.048160893171,5986.214294090057,4318.585,5249.2775
85,5_11,5357.962264150943,Expt2021_006_Set2_HeLaYFP-PP1_Nuf2-CFP_STLC_MG132_RO3306_well2_point7_14min01_R3D_D3D_Z05_C0_T0.tif,9587.622641509433,Expt2021_006_Set2_HeLaYFP-PP1_Nuf2-CFP_STLC_MG132_RO3306_well2_point7_14min01_R3D_D3D_Z05_C1_T0.tif,4527.048160893171,5986.214294090057,4318.585,5249.2775
86,5_12,5474.5,Expt2021_006_Set2_HeLaYFP-PP1_Nuf2-CFP_STLC_MG132_RO3306_well2_point7_14min01_R3D_D3D_Z05_C0_T0.tif,9171.617647058823,Expt2021_006_Set2_HeLaYFP-PP1_Nuf2-CFP_STLC_MG132_RO3306_well2_point7_14min01_R3D_D3D_Z05_C1_T0.tif,4527.048160893171,5986.214294090057,4318.585,5249.2775
87,5_13,5408.041666666667,Expt2021_006_Set2_HeLaYFP-PP1_Nuf2-CFP_STLC_MG132_RO3306_well2_point7_14min01_R3D_D3D_Z05_C0_T0.tif,9053.25,Expt2021_006_Set2_HeLaYFP-PP1_Nuf2-CFP_STLC_MG132_RO3306_well2_point7_14min01_R3D_D3D_Z05_C1_T0.tif,4527.048160893171,5986.214294090057,4318.585,5249.2775
88,5_14,5593.333333333333,Expt2021_006_Set2_HeLaYFP-PP1_Nuf2-CFP_STLC_MG132_RO3306_well2_point7_14min01_R3D_D3D_Z05_C0_T0.tif,9394.333333333334,Expt2021_006_Set2_HeLaYFP-PP1_Nuf2-CFP_STLC_MG132_RO3306_well2_point7_14min01_R3D_D3D_Z05_C1_T0.tif,4527.048160893171,5986.214294090057,4318.585,5249.2775
89,5_15,5347.583333333333,Expt2021_006_Set2_HeLaYFP-PP1_Nuf2-CFP_STLC_MG132_RO3306_well2_point7_14min01_R3D_D3D_Z05_C0_T0.tif,8823.666666666666,Expt2021_006_Set2_HeLaYFP-PP1_Nuf2-CFP_STLC_MG132_RO3306_well2_point7_14min01_R3D_D3D_Z05_C1_T0.tif,4527.048160893171,5986.214294090057,4318.585,5249.2775
90,5_16,5336.375,Expt2021_006_Set2_HeLaYFP-PP1_Nuf2-CFP_STLC_MG132_RO3306_well2_point7_14min01_R3D_D3D_Z05_C0_T0.tif,8949.1875,Expt2021_006_Set2_HeLaYFP-PP1_Nuf2-CFP_STLC_MG132_RO3306_well2_point7_14min01_R3D_D3D_Z05_C1_T0.tif,4527.048160893171,5986.214294090057,4318.585,5249.2775
91,5_17,5314.0625,Expt2021_006_Set2_HeLaYFP-PP1_Nuf2-CFP_STLC_MG132_RO3306_well2_point7_14min01_R3D_D3D_Z05_C0_T0.tif,8613.875,Expt2021_006_Set2_HeLaYFP-PP1_Nuf2-CFP_STLC_MG132_RO3306_well2_point7_14min01_R3D_D3D_Z05_C1_T0.tif,4527.048160893171,5986.214294090057,4318.585,5249.2775
92,5_18,5330.714285714285,Expt2021_006_Set2_HeLaYFP-PP1_Nuf2-CFP_STLC_MG132_RO3306_well2_point7_14min01_R3D_D3D_Z05_C0_T0.tif,9067.82142857143,Expt2021_006_Set2_HeLaYFP-PP1_Nuf2-CFP_STLC_MG132_RO3306_well2_point7_14min01_R3D_D3D_Z05_C1_T0.tif,4527.048160893171,5986.214294090057,4318.585,5249.2775
93,6_1,5404.416666666667,Expt2021_006_Set2_HeLaYFP-PP1_Nuf2-CFP_STLC_MG132_RO3306_well2_point7_14min01_R3D_D3D_Z06_C0_T0.tif,8863.555555555555,Expt2021_006_Set2_HeLaYFP-PP1_Nuf2-CFP_STLC_MG132_RO3306_well2_point7_14min01_R3D_D3D_Z06_C1_T0.tif,4527.048160893171,5986.214294090057,4318.585,5249.2775
94,6_2,5302.916666666667,Expt2021_006_Set2_HeLaYFP-PP1_Nuf2-CFP_STLC_MG132_RO3306_well2_point7_14min01_R3D_D3D_Z06_C0_T0.tif,8951.5,Expt2021_006_Set2_HeLaYFP-PP1_Nuf2-CFP_STLC_MG132_RO3306_well2_point7_14min01_R3D_D3D_Z06_C1_T0.tif,4527.048160893171,5986.214294090057,4318.585,5249.2775
95,6_3,5297.285714285715,Expt2021_006_Set2_HeLaYFP-PP1_Nuf2-CFP_STLC_MG132_RO3306_well2_point7_14min01_R3D_D3D_Z06_C0_T0.tif,8060.892857142857,Expt2021_006_Set2_HeLaYFP-PP1_Nuf2-CFP_STLC_MG132_RO3306_well2_point7_14min01_R3D_D3D_Z06_C1_T0.tif,4527.048160893171,5986.214294090057,4318.585,5249.2775
96,6_4,5212.583333333333,Expt2021_006_Set2_HeLaYFP-PP1_Nuf2-CFP_STLC_MG132_RO3306_well2_point7_14min01_R3D_D3D_Z06_C0_T0.tif,8952.916666666666,Expt2021_006_Set2_HeLaYFP-PP1_Nuf2-CFP_STLC_MG132_RO3306_well2_point7_14min01_R3D_D3D_Z06_C1_T0.tif,4527.048160893171,5986.214294090057,4318.585,5249.2775
97,6_5,5376.166666666667,Expt2021_006_Set2_HeLaYFP-PP1_Nuf2-CFP_STLC_MG132_RO3306_well2_point7_14min01_R3D_D3D_Z06_C0_T0.tif,8615.083333333334,Expt2021_006_Set2_HeLaYFP-PP1_Nuf2-CFP_STLC_MG132_RO3306_well2_point7_14min01_R3D_D3D_Z06_C1_T0.tif,4527.048160893171,5986.214294090057,4318.585,5249.2775
98,6_6,5376.833333333333,Expt2021_006_Set2_HeLaYFP-PP1_Nuf2-CFP_STLC_MG132_RO3306_well2_point7_14min01_R3D_D3D_Z06_C0_T0.tif,9069.2,Expt2021_006_Set2_HeLaYFP-PP1_Nuf2-CFP_STLC_MG132_RO3306_well2_point7_14min01_R3D_D3D_Z06_C1_T0.tif,4527.048160893171,5986.214294090057,4318.585,5249.2775
99,6_7,5316.108108108108,Expt2021_006_Set2_HeLaYFP-PP1_Nuf2-CFP_STLC_MG132_RO3306_well2_point7_14min01_R3D_D3D_Z06_C0_T0.tif,9004.18918918919,Expt2021_006_Set2_HeLaYFP-PP1_Nuf2-CFP_STLC_MG132_RO3306_well2_point7_14min01_R3D_D3D_Z06_C1_T0.tif,4527.048160893171,5986.214294090057,4318.585,5249.2775
100,6_8,5303.461538461538,Expt2021_006_Set2_HeLaYFP-PP1_Nuf2-CFP_STLC_MG132_RO3306_well2_point7_14min01_R3D_D3D_Z06_C0_T0.tif,9698.358974358975,Expt2021_006_Set2_HeLaYFP-PP1_Nuf2-CFP_STLC_MG132_RO3306_well2_point7_14min01_R3D_D3D_Z06_C1_T0.tif,4527.048160893171,5986.214294090057,4318.585,5249.2775
101,6_9,5121.25,Expt2021_006_Set2_HeLaYFP-PP1_Nuf2-CFP_STLC_MG132_RO3306_well2_point7_14min01_R3D_D3D_Z06_C0_T0.tif,9471.375,Expt2021_006_Set2_HeLaYFP-PP1_Nuf2-CFP_STLC_MG132_RO3306_well2_point7_14min01_R3D_D3D_Z06_C1_T0.tif,4527.048160893171,5986.214294090057,4318.585,5249.2775
102,6_10,5327.761904761905,Expt2021_006_Set2_HeLaYFP-PP1_Nuf2-CFP_STLC_MG132_RO3306_well2_point7_14min01_R3D_D3D_Z06_C0_T0.tif,9023.190476190477,Expt2021_006_Set2_HeLaYFP-PP1_Nuf2-CFP_STLC_MG132_RO3306_well2_point7_14min01_R3D_D3D_Z06_C1_T0.tif,4527.048160893171,5986.214294090057,4318.585,5249.2775
103,6_11,5280.208333333333,Expt2021_006_Set2_HeLaYFP-PP1_Nuf2-CFP_STLC_MG132_RO3306_well2_point7_14min01_R3D_D3D_Z06_C0_T0.tif,9085.125,Expt2021_006_Set2_HeLaYFP-PP1_Nuf2-CFP_STLC_MG132_RO3306_well2_point7_14min01_R3D_D3D_Z06_C1_T0.tif,4527.048160893171,5986.214294090057,4318.585,5249.2775
104,6_12,5147.125,Expt2021_006_Set2_HeLaYFP-PP1_Nuf2-CFP_STLC_MG132_RO3306_well2_point7_14min01_R3D_D3D_Z06_C0_T0.tif,8860.0,Expt2021_006_Set2_HeLaYFP-PP1_Nuf2-CFP_STLC_MG132_RO3306_well2_point7_14min01_R3D_D3D_Z06_C1_T0.tif,4527.048160893171,5986.214294090057,4318.585,5249.2775
105,6_13,5357.0625,Expt2021_006_Set2_HeLaYFP-PP1_Nuf2-CFP_STLC_MG132_RO3306_well2_point7_14min01_R3D_D3D_Z06_C0_T0.tif,8934.625,Expt2021_006_Set2_HeLaYFP-PP1_Nuf2-CFP_STLC_MG132_RO3306_well2_point7_14min01_R3D_D3D_Z06_C1_T0.tif,4527.048160893171,5986.214294090057,4318.585,5249.2775
106,7_1,5163.755102040816,Expt2021_006_Set2_HeLaYFP-PP1_Nuf2-CFP_STLC_MG132_RO3306_well2_point7_14min01_R3D_D3D_Z07_C0_T0.tif,3918.387755102041,Expt2021_006_Set2_HeLaYFP-PP1_Nuf2-CFP_STLC_MG132_RO3306_well2_point7_14min01_R3D_D3D_Z07_C1_T0.tif,4527.048160893171,5986.214294090057,4318.585,5249.2775
107,7_2,5047.526315789473,Expt2021_006_Set2_HeLaYFP-PP1_Nuf2-CFP_STLC_MG132_RO3306_well2_point7_14min01_R3D_D3D_Z07_C0_T0.tif,3846.0,Expt2021_006_Set2_HeLaYFP-PP1_Nuf2-CFP_STLC_MG132_RO3306_well2_point7_14min01_R3D_D3D_Z07_C1_T0.tif,4527.048160893171,5986.214294090057,4318.585,5249.2775
108,7_3,5042.0,Expt2021_006_Set2_HeLaYFP-PP1_Nuf2-CFP_STLC_MG132_RO3306_well2_point7_14min01_R3D_D3D_Z07_C0_T0.tif,3987.875,Expt2021_006_Set2_HeLaYFP-PP1_Nuf2-CFP_STLC_MG132_RO3306_well2_point7_14min01_R3D_D3D_Z07_C1_T0.tif,4527.048160893171,5986.214294090057,4318.585,5249.2775
109,7_4,5002.875,Expt2021_006_Set2_HeLaYFP-PP1_Nuf2-CFP_STLC_MG132_RO3306_well2_point7_14min01_R3D_D3D_Z07_C0_T0.tif,6526.75,Expt2021_006_Set2_HeLaYFP-PP1_Nuf2-CFP_STLC_MG132_RO3306_well2_point7_14min01_R3D_D3D_Z07_C1_T0.tif,4527.048160893171,5986.214294090057,4318.585,5249.2775
110,7_5,5056.875,Expt2021_006_Set2_HeLaYFP-PP1_Nuf2-CFP_STLC_MG132_RO3306_well2_point7_14min01_R3D_D3D_Z07_C0_T0.tif,6735.5,Expt2021_006_Set2_HeLaYFP-PP1_Nuf2-CFP_STLC_MG132_RO3306_well2_point7_14min01_R3D_D3D_Z07_C1_T0.tif,4527.048160893171,5986.214294090057,4318.585,5249.2775
111,7_6,5266.375,Expt2021_006_Set2_HeLaYFP-PP1_Nuf2-CFP_STLC_MG132_RO3306_well2_point7_14min01_R3D_D3D_Z07_C0_T0.tif,8621.395833333334,Expt2021_006_Set2_HeLaYFP-PP1_Nuf2-CFP_STLC_MG132_RO3306_well2_point7_14min01_R3D_D3D_Z07_C1_T0.tif,4527.048160893171,5986.214294090057,4318.585,5249.2775
112,7_7,4963.814814814815,Expt2021_006_Set2_HeLaYFP-PP1_Nuf2-CFP_STLC_MG132_RO3306_well2_point7_14min01_R3D_D3D_Z07_C0_T0.tif,8411.25925925926,Expt2021_006_Set2_HeLaYFP-PP1_Nuf2-CFP_STLC_MG132_RO3306_well2_point7_14min01_R3D_D3D_Z07_C1_T0.tif,4527.048160893171,5986.214294090057,4318.585,5249.2775
113,7_8,4907.727272727273,Expt2021_006_Set2_HeLaYFP-PP1_Nuf2-CFP_STLC_MG132_RO3306_well2_point7_14min01_R3D_D3D_Z07_C0_T0.tif,7646.454545454545,Expt2021_006_Set2_HeLaYFP-PP1_Nuf2-CFP_STLC_MG132_RO3306_well2_point7_14min01_R3D_D3D_Z07_C1_T0.tif,4527.048160893171,5986.214294090057,4318.585,5249.2775
114,7_9,5173.578947368421,Expt2021_006_Set2_HeLaYFP-PP1_Nuf2-CFP_STLC_MG132_RO3306_well2_point7_14min01_R3D_D3D_Z07_C0_T0.tif,9017.052631578947,Expt2021_006_Set2_HeLaYFP-PP1_Nuf2-CFP_STLC_MG132_RO3306_well2_point7_14min01_R3D_D3D_Z07_C1_T0.tif,4527.048160893171,5986.214294090057,4318.585,5249.2775
115,7_10,5144.3,Expt2021_006_Set2_HeLaYFP-PP1_Nuf2-CFP_STLC_MG132_RO3306_well2_point7_14min01_R3D_D3D_Z07_C0_T0.tif,8170.2,Expt2021_006_Set2_HeLaYFP-PP1_Nuf2-CFP_STLC_MG132_RO3306_well2_point7_14min01_R3D_D3D_Z07_C1_T0.tif,4527.048160893171,5986.214294090057,4318.585,5249.2775
116,7_11,4926.166666666667,Expt2021_006_Set2_HeLaYFP-PP1_Nuf2-CFP_STLC_MG132_RO3306_well2_point7_14min01_R3D_D3D_Z07_C0_T0.tif,9259.416666666666,Expt2021_006_Set2_HeLaYFP-PP1_Nuf2-CFP_STLC_MG132_RO3306_well2_point7_14min01_R3D_D3D_Z07_C1_T0.tif,4527.048160893171,5986.214294090057,4318.585,5249.2775
117,7_12,5060.628205128205,Expt2021_006_Set2_HeLaYFP-PP1_Nuf2-CFP_STLC_MG132_RO3306_well2_point7_14min01_R3D_D3D_Z07_C0_T0.tif,9283.0,Expt2021_006_Set2_HeLaYFP-PP1_Nuf2-CFP_STLC_MG132_RO3306_well2_point7_14min01_R3D_D3D_Z07_C1_T0.tif,4527.048160893171,5986.214294090057,4318.585,5249.2775
118,7_13,5109.857142857143,Expt2021_006_Set2_HeLaYFP-PP1_Nuf2-CFP_STLC_MG132_RO3306_well2_point7_14min01_R3D_D3D_Z07_C0_T0.tif,9041.380952380952,Expt2021_006_Set2_HeLaYFP-PP1_Nuf2-CFP_STLC_MG132_RO3306_well2_point7_14min01_R3D_D3D_Z07_C1_T0.tif,4527.048160893171,5986.214294090057,4318.585,5249.2775
119,7_14,5080.794871794872,Expt2021_006_Set2_HeLaYFP-PP1_Nuf2-CFP_STLC_MG132_RO3306_well2_point7_14min01_R3D_D3D_Z07_C0_T0.tif,8405.02564102564,Expt2021_006_Set2_HeLaYFP-PP1_Nuf2-CFP_STLC_MG132_RO3306_well2_point7_14min01_R3D_D3D_Z07_C1_T0.tif,4527.048160893171,5986.214294090057,4318.585,5249.2775
120,7_15,4991.333333333333,Expt2021_006_Set2_HeLaYFP-PP1_Nuf2-CFP_STLC_MG132_RO3306_well2_point7_14min01_R3D_D3D_Z07_C0_T0.tif,7492.75,Expt2021_006_Set2_HeLaYFP-PP1_Nuf2-CFP_STLC_MG132_RO3306_well2_point7_14min01_R3D_D3D_Z07_C1_T0.tif,4527.048160893171,5986.214294090057,4318.585,5249.2775
121,7_16,4867.0,Expt2021_006_Set2_HeLaYFP-PP1_Nuf2-CFP_STLC_MG132_RO3306_well2_point7_14min01_R3D_D3D_Z07_C0_T0.tif,6536.375,Expt2021_006_Set2_HeLaYFP-PP1_Nuf2-CFP_STLC_MG132_RO3306_well2_point7_14min01_R3D_D3D_Z07_C1_T0.tif,4527.048160893171,5986.214294090057,4318.585,5249.2775
122,7_17,5087.375,Expt2021_006_Set2_HeLaYFP-PP1_Nuf2-CFP_STLC_MG132_RO3306_well2_point7_14min01_R3D_D3D_Z07_C0_T0.tif,9269.625,Expt2021_006_Set2_HeLaYFP-PP1_Nuf2-CFP_STLC_MG132_RO3306_well2_point7_14min01_R3D_D3D_Z07_C1_T0.tif,4527.048160893171,5986.214294090057,4318.585,5249.2775
123,7_18,5054.0,Expt2021_006_Set2_HeLaYFP-PP1_Nuf2-CFP_STLC_MG132_RO3306_well2_point7_14min01_R3D_D3D_Z07_C0_T0.tif,9015.25,Expt2021_006_Set2_HeLaYFP-PP1_Nuf2-CFP_STLC_MG132_RO3306_well2_point7_14min01_R3D_D3D_Z07_C1_T0.tif,4527.048160893171,5986.214294090057,4318.585,5249.2775
124,7_19,5059.3,Expt2021_006_Set2_HeLaYFP-PP1_Nuf2-CFP_STLC_MG132_RO3306_well2_point7_14min01_R3D_D3D_Z07_C0_T0.tif,8470.6,Expt2021_006_Set2_HeLaYFP-PP1_Nuf2-CFP_STLC_MG132_RO3306_well2_point7_14min01_R3D_D3D_Z07_C1_T0.tif,4527.048160893171,5986.214294090057,4318.585,5249.2775
125,7_20,4934.5,Expt2021_006_Set2_HeLaYFP-PP1_Nuf2-CFP_STLC_MG132_RO3306_well2_point7_14min01_R3D_D3D_Z07_C0_T0.tif,9345.642857142857,Expt2021_006_Set2_HeLaYFP-PP1_Nuf2-CFP_STLC_MG132_RO3306_well2_point7_14min01_R3D_D3D_Z07_C1_T0.tif,4527.048160893171,5986.214294090057,4318.585,5249.2775
126,7_21,5074.25,Expt2021_006_Set2_HeLaYFP-PP1_Nuf2-CFP_STLC_MG132_RO3306_well2_point7_14min01_R3D_D3D_Z07_C0_T0.tif,8844.5,Expt2021_006_Set2_HeLaYFP-PP1_Nuf2-CFP_STLC_MG132_RO3306_well2_point7_14min01_R3D_D3D_Z07_C1_T0.tif,4527.048160893171,5986.214294090057,4318.585,5249.2775
127,7_22,5000.125,Expt2021_006_Set2_HeLaYFP-PP1_Nuf2-CFP_STLC_MG132_RO3306_well2_point7_14min01_R3D_D3D_Z07_C0_T0.tif,9463.75,Expt2021_006_Set2_HeLaYFP-PP1_Nuf2-CFP_STLC_MG132_RO3306_well2_point7_14min01_R3D_D3D_Z07_C1_T0.tif,4527.048160893171,5986.214294090057,4318.585,5249.2775
128,7_23,5079.5192307692305,Expt2021_006_Set2_HeLaYFP-PP1_Nuf2-CFP_STLC_MG132_RO3306_well2_point7_14min01_R3D_D3D_Z07_C0_T0.tif,8605.134615384615,Expt2021_006_Set2_HeLaYFP-PP1_Nuf2-CFP_STLC_MG132_RO3306_well2_point7_14min01_R3D_D3D_Z07_C1_T0.tif,4527.048160893171,5986.214294090057,4318.585,5249.2775
129,7_24,5177.35294117647,Expt2021_006_Set2_HeLaYFP-PP1_Nuf2-CFP_STLC_MG132_RO3306_well2_point7_14min01_R3D_D3D_Z07_C0_T0.tif,9492.85294117647,Expt2021_006_Set2_HeLaYFP-PP1_Nuf2-CFP_STLC_MG132_RO3306_well2_point7_14min01_R3D_D3D_Z07_C1_T0.tif,4527.048160893171,5986.214294090057,4318.585,5249.2775
130,7_25,5077.714285714285,Expt2021_006_Set2_HeLaYFP-PP1_Nuf2-CFP_STLC_MG132_RO3306_well2_point7_14min01_R3D_D3D_Z07_C0_T0.tif,8854.857142857143,Expt2021_006_Set2_HeLaYFP-PP1_Nuf2-CFP_STLC_MG132_RO3306_well2_point7_14min01_R3D_D3D_Z07_C1_T0.tif,4527.048160893171,5986.214294090057,4318.585,5249.2775
131,7_26,5121.625,Expt2021_006_Set2_HeLaYFP-PP1_Nuf2-CFP_STLC_MG132_RO3306_well2_point7_14min01_R3D_D3D_Z07_C0_T0.tif,7880.75,Expt2021_006_Set2_HeLaYFP-PP1_Nuf2-CFP_STLC_MG132_RO3306_well2_point7_14min01_R3D_D3D_Z07_C1_T0.tif,4527.048160893171,5986.214294090057,4318.585,5249.2775
132,7_27,5060.619047619048,Expt2021_006_Set2_HeLaYFP-PP1_Nuf2-CFP_STLC_MG132_RO3306_well2_point7_14min01_R3D_D3D_Z07_C0_T0.tif,9191.904761904761,Expt2021_006_Set2_HeLaYFP-PP1_Nuf2-CFP_STLC_MG132_RO3306_well2_point7_14min01_R3D_D3D_Z07_C1_T0.tif,4527.048160893171,5986.214294090057,4318.585,5249.2775
133,7_28,5031.5,Expt2021_006_Set2_HeLaYFP-PP1_Nuf2-CFP_STLC_MG132_RO3306_well2_point7_14min01_R3D_D3D_Z07_C0_T0.tif,9330.875,Expt2021_006_Set2_HeLaYFP-PP1_Nuf2-CFP_STLC_MG132_RO3306_well2_point7_14min01_R3D_D3D_Z07_C1_T0.tif,4527.048160893171,5986.214294090057,4318.585,5249.2775
134,7_29,5039.82,Expt2021_006_Set2_HeLaYFP-PP1_Nuf2-CFP_STLC_MG132_RO3306_well2_point7_14min01_R3D_D3D_Z07_C0_T0.tif,8631.86,Expt2021_006_Set2_HeLaYFP-PP1_Nuf2-CFP_STLC_MG132_RO3306_well2_point7_14min01_R3D_D3D_Z07_C1_T0.tif,4527.048160893171,5986.214294090057,4318.585,5249.2775
135,7_30,4984.5,Expt2021_006_Set2_HeLaYFP-PP1_Nuf2-CFP_STLC_MG132_RO3306_well2_point7_14min01_R3D_D3D_Z07_C0_T0.tif,6776.125,Expt2021_006_Set2_HeLaYFP-PP1_Nuf2-CFP_STLC_MG132_RO3306_well2_point7_14min01_R3D_D3D_Z07_C1_T0.tif,4527.048160893171,5986.214294090057,4318.585,5249.2775
136,7_31,4988.625,Expt2021_006_Set2_HeLaYFP-PP1_Nuf2-CFP_STLC_MG132_RO3306_well2_point7_14min01_R3D_D3D_Z07_C0_T0.tif,8785.875,Expt2021_006_Set2_HeLaYFP-PP1_Nuf2-CFP_STLC_MG132_RO3306_well2_point7_14min01_R3D_D3D_Z07_C1_T0.tif,4527.048160893171,5986.214294090057,4318.585,5249.2775
137,7_32,5056.7692307692305,Expt2021_006_Set2_HeLaYFP-PP1_Nuf2-CFP_STLC_MG132_RO3306_well2_point7_14min01_R3D_D3D_Z07_C0_T0.tif,8828.807692307691,Expt2021_006_Set2_HeLaYFP-PP1_Nuf2-CFP_STLC_MG132_RO3306_well2_point7_14min01_R3D_D3D_Z07_C1_T0.tif,4527.048160893171,5986.214294090057,4318.585,5249.2775
138,7_33,4999.0,Expt2021_006_Set2_HeLaYFP-PP1_Nuf2-CFP_STLC_MG132_RO3306_well2_point7_14min01_R3D_D3D_Z07_C0_T0.tif,9485.0,Expt2021_006_Set2_HeLaYFP-PP1_Nuf2-CFP_STLC_MG132_RO3306_well2_point7_14min01_R3D_D3D_Z07_C1_T0.tif,4527.048160893171,5986.214294090057,4318.585,5249.2775
139,7_34,5217.71875,Expt2021_006_Set2_HeLaYFP-PP1_Nuf2-CFP_STLC_MG132_RO3306_well2_point7_14min01_R3D_D3D_Z07_C0_T0.tif,9324.34375,Expt2021_006_Set2_HeLaYFP-PP1_Nuf2-CFP_STLC_MG132_RO3306_well2_point7_14min01_R3D_D3D_Z07_C1_T0.tif,4527.048160893171,5986.214294090057,4318.585,5249.2775
140,7_35,5026.0,Expt2021_006_Set2_HeLaYFP-PP1_Nuf2-CFP_STLC_MG132_RO3306_well2_point7_14min01_R3D_D3D_Z07_C0_T0.tif,8814.92857142857,Expt2021_006_Set2_HeLaYFP-PP1_Nuf2-CFP_STLC_MG132_RO3306_well2_point7_14min01_R3D_D3D_Z07_C1_T0.tif,4527.048160893171,5986.214294090057,4318.585,5249.2775
141,7_36,4864.666666666667,Expt2021_006_Set2_HeLaYFP-PP1_Nuf2-CFP_STLC_MG132_RO3306_well2_point7_14min01_R3D_D3D_Z07_C0_T0.tif,8540.083333333334,Expt2021_006_Set2_HeLaYFP-PP1_Nuf2-CFP_STLC_MG132_RO3306_well2_point7_14min01_R3D_D3D_Z07_C1_T0.tif,4527.048160893171,5986.214294090057,4318.585,5249.2775
142,7_37,5057.642857142857,Expt2021_006_Set2_HeLaYFP-PP1_Nuf2-CFP_STLC_MG132_RO3306_well2_point7_14min01_R3D_D3D_Z07_C0_T0.tif,8752.857142857143,Expt2021_006_Set2_HeLaYFP-PP1_Nuf2-CFP_STLC_MG132_RO3306_well2_point7_14min01_R3D_D3D_Z07_C1_T0.tif,4527.048160893171,5986.214294090057,4318.585,5249.2775
143,7_38,5054.282051282052,Expt2021_006_Set2_HeLaYFP-PP1_Nuf2-CFP_STLC_MG132_RO3306_well2_point7_14min01_R3D_D3D_Z07_C0_T0.tif,8851.333333333334,Expt2021_006_Set2_HeLaYFP-PP1_Nuf2-CFP_STLC_MG132_RO3306_well2_point7_14min01_R3D_D3D_Z07_C1_T0.tif,4527.048160893171,5986.214294090057,4318.585,5249.2775
144,7_39,5034.75,Expt2021_006_Set2_HeLaYFP-PP1_Nuf2-CFP_STLC_MG132_RO3306_well2_point7_14min01_R3D_D3D_Z07_C0_T0.tif,8592.875,Expt2021_006_Set2_HeLaYFP-PP1_Nuf2-CFP_STLC_MG132_RO3306_well2_point7_14min01_R3D_D3D_Z07_C1_T0.tif,4527.048160893171,5986.214294090057,4318.585,5249.2775
145,7_40,5053.238095238095,Expt2021_006_Set2_HeLaYFP-PP1_Nuf2-CFP_STLC_MG132_RO3306_well2_point7_14min01_R3D_D3D_Z07_C0_T0.tif,9081.761904761905,Expt2021_006_Set2_HeLaYFP-PP1_Nuf2-CFP_STLC_MG132_RO3306_well2_point7_14min01_R3D_D3D_Z07_C1_T0.tif,4527.048160893171,5986.214294090057,4318.585,5249.2775
146,7_41,5011.88,Expt2021_006_Set2_HeLaYFP-PP1_Nuf2-CFP_STLC_MG132_RO3306_well2_point7_14min01_R3D_D3D_Z07_C0_T0.tif,8594.06,Expt2021_006_Set2_HeLaYFP-PP1_Nuf2-CFP_STLC_MG132_RO3306_well2_point7_14min01_R3D_D3D_Z07_C1_T0.tif,4527.048160893171,5986.214294090057,4318.585,5249.2775
147,7_42,4914.75,Expt2021_006_Set2_HeLaYFP-PP1_Nuf2-CFP_STLC_MG132_RO3306_well2_point7_14min01_R3D_D3D_Z07_C0_T0.tif,4708.5,Expt2021_006_Set2_HeLaYFP-PP1_Nuf2-CFP_STLC_MG132_RO3306_well2_point7_14min01_R3D_D3D_Z07_C1_T0.tif,4527.048160893171,5986.214294090057,4318.585,5249.2775
148,7_43,4925.181818181818,Expt2021_006_Set2_HeLaYFP-PP1_Nuf2-CFP_STLC_MG132_RO3306_well2_point7_14min01_R3D_D3D_Z07_C0_T0.tif,8724.90909090909,Expt2021_006_Set2_HeLaYFP-PP1_Nuf2-CFP_STLC_MG132_RO3306_well2_point7_14min01_R3D_D3D_Z07_C1_T0.tif,4527.048160893171,5986.214294090057,4318.585,5249.2775
149,7_44,5025.25,Expt2021_006_Set2_HeLaYFP-PP1_Nuf2-CFP_STLC_MG132_RO3306_well2_point7_14min01_R3D_D3D_Z07_C0_T0.tif,6553.875,Expt2021_006_Set2_HeLaYFP-PP1_Nuf2-CFP_STLC_MG132_RO3306_well2_point7_14min01_R3D_D3D_Z07_C1_T0.tif,4527.048160893171,5986.214294090057,4318.585,5249.2775
150,7_45,4914.75,Expt2021_006_Set2_HeLaYFP-PP1_Nuf2-CFP_STLC_MG132_RO3306_well2_point7_14min01_R3D_D3D_Z07_C0_T0.tif,7902.75,Expt2021_006_Set2_HeLaYFP-PP1_Nuf2-CFP_STLC_MG132_RO3306_well2_point7_14min01_R3D_D3D_Z07_C1_T0.tif,4527.048160893171,5986.214294090057,4318.585,5249.2775
151,7_46,5060.0,Expt2021_006_Set2_HeLaYFP-PP1_Nuf2-CFP_STLC_MG132_RO3306_well2_point7_14min01_R3D_D3D_Z07_C0_T0.tif,6180.25,Expt2021_006_Set2_HeLaYFP-PP1_Nuf2-CFP_STLC_MG132_RO3306_well2_point7_14min01_R3D_D3D_Z07_C1_T0.tif,4527.048160893171,5986.214294090057,4318.585,5249.2775
152,8_1,5384.9473684210525,Expt2021_006_Set2_HeLaYFP-PP1_Nuf2-CFP_STLC_MG132_RO3306_well2_point7_14min01_R3D_D3D_Z08_C0_T0.tif,3890.4736842105262,Expt2021_006_Set2_HeLaYFP-PP1_Nuf2-CFP_STLC_MG132_RO3306_well2_point7_14min01_R3D_D3D_Z08_C1_T0.tif,4527.048160893171,5986.214294090057,4318.585,5249.2775
153,8_2,5130.166666666667,Expt2021_006_Set2_HeLaYFP-PP1_Nuf2-CFP_STLC_MG132_RO3306_well2_point7_14min01_R3D_D3D_Z08_C0_T0.tif,3978.9166666666665,Expt2021_006_Set2_HeLaYFP-PP1_Nuf2-CFP_STLC_MG132_RO3306_well2_point7_14min01_R3D_D3D_Z08_C1_T0.tif,4527.048160893171,5986.214294090057,4318.585,5249.2775
154,8_3,5125.64705882353,Expt2021_006_Set2_HeLaYFP-PP1_Nuf2-CFP_STLC_MG132_RO3306_well2_point7_14min01_R3D_D3D_Z08_C0_T0.tif,8639.588235294117,Expt2021_006_Set2_HeLaYFP-PP1_Nuf2-CFP_STLC_MG132_RO3306_well2_point7_14min01_R3D_D3D_Z08_C1_T0.tif,4527.048160893171,5986.214294090057,4318.585,5249.2775
155,8_4,5317.5,Expt2021_006_Set2_HeLaYFP-PP1_Nuf2-CFP_STLC_MG132_RO3306_well2_point7_14min01_R3D_D3D_Z08_C0_T0.tif,8779.875,Expt2021_006_Set2_HeLaYFP-PP1_Nuf2-CFP_STLC_MG132_RO3306_well2_point7_14min01_R3D_D3D_Z08_C1_T0.tif,4527.048160893171,5986.214294090057,4318.585,5249.2775
156,8_5,5343.285714285715,Expt2021_006_Set2_HeLaYFP-PP1_Nuf2-CFP_STLC_MG132_RO3306_well2_point7_14min01_R3D_D3D_Z08_C0_T0.tif,8486.785714285714,Expt2021_006_Set2_HeLaYFP-PP1_Nuf2-CFP_STLC_MG132_RO3306_well2_point7_14min01_R3D_D3D_Z08_C1_T0.tif,4527.048160893171,5986.214294090057,4318.585,5249.2775
157,8_6,5411.884615384615,Expt2021_006_Set2_HeLaYFP-PP1_Nuf2-CFP_STLC_MG132_RO3306_well2_point7_14min01_R3D_D3D_Z08_C0_T0.tif,9129.115384615385,Expt2021_006_Set2_HeLaYFP-PP1_Nuf2-CFP_STLC_MG132_RO3306_well2_point7_14min01_R3D_D3D_Z08_C1_T0.tif,4527.048160893171,5986.214294090057,4318.585,5249.2775
158,8_7,5378.0,Expt2021_006_Set2_HeLaYFP-PP1_Nuf2-CFP_STLC_MG132_RO3306_well2_point7_14min01_R3D_D3D_Z08_C0_T0.tif,9281.636363636364,Expt2021_006_Set2_HeLaYFP-PP1_Nuf2-CFP_STLC_MG132_RO3306_well2_point7_14min01_R3D_D3D_Z08_C1_T0.tif,4527.048160893171,5986.214294090057,4318.585,5249.2775
159,8_8,5119.518518518518,Expt2021_006_Set2_HeLaYFP-PP1_Nuf2-CFP_STLC_MG132_RO3306_well2_point7_14min01_R3D_D3D_Z08_C0_T0.tif,8859.0,Expt2021_006_Set2_HeLaYFP-PP1_Nuf2-CFP_STLC_MG132_RO3306_well2_point7_14min01_R3D_D3D_Z08_C1_T0.tif,4527.048160893171,5986.214294090057,4318.585,5249.2775
160,8_9,5247.1578947368425,Expt2021_006_Set2_HeLaYFP-PP1_Nuf2-CFP_STLC_MG132_RO3306_well2_point7_14min01_R3D_D3D_Z08_C0_T0.tif,9126.052631578947,Expt2021_006_Set2_HeLaYFP-PP1_Nuf2-CFP_STLC_MG132_RO3306_well2_point7_14min01_R3D_D3D_Z08_C1_T0.tif,4527.048160893171,5986.214294090057,4318.585,5249.2775
161,8_10,5255.833333333333,Expt2021_006_Set2_HeLaYFP-PP1_Nuf2-CFP_STLC_MG132_RO3306_well2_point7_14min01_R3D_D3D_Z08_C0_T0.tif,8555.0,Expt2021_006_Set2_HeLaYFP-PP1_Nuf2-CFP_STLC_MG132_RO3306_well2_point7_14min01_R3D_D3D_Z08_C1_T0.tif,4527.048160893171,5986.214294090057,4318.585,5249.2775
162,8_11,5218.125,Expt2021_006_Set2_HeLaYFP-PP1_Nuf2-CFP_STLC_MG132_RO3306_well2_point7_14min01_R3D_D3D_Z08_C0_T0.tif,8527.0,Expt2021_006_Set2_HeLaYFP-PP1_Nuf2-CFP_STLC_MG132_RO3306_well2_point7_14min01_R3D_D3D_Z08_C1_T0.tif,4527.048160893171,5986.214294090057,4318.585,5249.2775
163,8_12,5239.272727272727,Expt2021_006_Set2_HeLaYFP-PP1_Nuf2-CFP_STLC_MG132_RO3306_well2_point7_14min01_R3D_D3D_Z08_C0_T0.tif,8299.0,Expt2021_006_Set2_HeLaYFP-PP1_Nuf2-CFP_STLC_MG132_RO3306_well2_point7_14min01_R3D_D3D_Z08_C1_T0.tif,4527.048160893171,5986.214294090057,4318.585,5249.2775
164,8_13,5279.421052631579,Expt2021_006_Set2_HeLaYFP-PP1_Nuf2-CFP_STLC_MG132_RO3306_well2_point7_14min01_R3D_D3D_Z08_C0_T0.tif,10080.526315789473,Expt2021_006_Set2_HeLaYFP-PP1_Nuf2-CFP_STLC_MG132_RO3306_well2_point7_14min01_R3D_D3D_Z08_C1_T0.tif,4527.048160893171,5986.214294090057,4318.585,5249.2775
165,8_14,5092.625,Expt2021_006_Set2_HeLaYFP-PP1_Nuf2-CFP_STLC_MG132_RO3306_well2_point7_14min01_R3D_D3D_Z08_C0_T0.tif,8596.0,Expt2021_006_Set2_HeLaYFP-PP1_Nuf2-CFP_STLC_MG132_RO3306_well2_point7_14min01_R3D_D3D_Z08_C1_T0.tif,4527.048160893171,5986.214294090057,4318.585,5249.2775
166,8_15,5179.8125,Expt2021_006_Set2_HeLaYFP-PP1_Nuf2-CFP_STLC_MG132_RO3306_well2_point7_14min01_R3D_D3D_Z08_C0_T0.tif,8504.5,Expt2021_006_Set2_HeLaYFP-PP1_Nuf2-CFP_STLC_MG132_RO3306_well2_point7_14min01_R3D_D3D_Z08_C1_T0.tif,4527.048160893171,5986.214294090057,4318.585,5249.2775
167,8_16,5261.941176470588,Expt2021_006_Set2_HeLaYFP-PP1_Nuf2-CFP_STLC_MG132_RO3306_well2_point7_14min01_R3D_D3D_Z08_C0_T0.tif,9683.411764705883,Expt2021_006_Set2_HeLaYFP-PP1_Nuf2-CFP_STLC_MG132_RO3306_well2_point7_14min01_R3D_D3D_Z08_C1_T0.tif,4527.048160893171,5986.214294090057,4318.585,5249.2775
168,8_17,5239.4,Expt2021_006_Set2_HeLaYFP-PP1_Nuf2-CFP_STLC_MG132_RO3306_well2_point7_14min01_R3D_D3D_Z08_C0_T0.tif,8857.4,Expt2021_006_Set2_HeLaYFP-PP1_Nuf2-CFP_STLC_MG132_RO3306_well2_point7_14min01_R3D_D3D_Z08_C1_T0.tif,4527.048160893171,5986.214294090057,4318.585,5249.2775
169,8_18,5221.5,Expt2021_006_Set2_HeLaYFP-PP1_Nuf2-CFP_STLC_MG132_RO3306_well2_point7_14min01_R3D_D3D_Z08_C0_T0.tif,8476.375,Expt2021_006_Set2_HeLaYFP-PP1_Nuf2-CFP_STLC_MG132_RO3306_well2_point7_14min01_R3D_D3D_Z08_C1_T0.tif,4527.048160893171,5986.214294090057,4318.585,5249.2775
170,8_19,5199.5,Expt2021_006_Set2_HeLaYFP-PP1_Nuf2-CFP_STLC_MG132_RO3306_well2_point7_14min01_R3D_D3D_Z08_C0_T0.tif,8563.375,Expt2021_006_Set2_HeLaYFP-PP1_Nuf2-CFP_STLC_MG132_RO3306_well2_point7_14min01_R3D_D3D_Z08_C1_T0.tif,4527.048160893171,5986.214294090057,4318.585,5249.2775
171,9_1,5212.428571428572,Expt2021_006_Set2_HeLaYFP-PP1_Nuf2-CFP_STLC_MG132_RO3306_well2_point7_14min01_R3D_D3D_Z09_C0_T0.tif,4034.1428571428573,Expt2021_006_Set2_HeLaYFP-PP1_Nuf2-CFP_STLC_MG132_RO3306_well2_point7_14min01_R3D_D3D_Z09_C1_T0.tif,4527.048160893171,5986.214294090057,4318.585,5249.2775
172,9_2,5089.210526315789,Expt2021_006_Set2_HeLaYFP-PP1_Nuf2-CFP_STLC_MG132_RO3306_well2_point7_14min01_R3D_D3D_Z09_C0_T0.tif,8604.21052631579,Expt2021_006_Set2_HeLaYFP-PP1_Nuf2-CFP_STLC_MG132_RO3306_well2_point7_14min01_R3D_D3D_Z09_C1_T0.tif,4527.048160893171,5986.214294090057,4318.585,5249.2775
173,9_3,5248.851851851852,Expt2021_006_Set2_HeLaYFP-PP1_Nuf2-CFP_STLC_MG132_RO3306_well2_point7_14min01_R3D_D3D_Z09_C0_T0.tif,8945.185185185184,Expt2021_006_Set2_HeLaYFP-PP1_Nuf2-CFP_STLC_MG132_RO3306_well2_point7_14min01_R3D_D3D_Z09_C1_T0.tif,4527.048160893171,5986.214294090057,4318.585,5249.2775
174,9_4,5471.4375,Expt2021_006_Set2_HeLaYFP-PP1_Nuf2-CFP_STLC_MG132_RO3306_well2_point7_14min01_R3D_D3D_Z09_C0_T0.tif,9057.9375,Expt2021_006_Set2_HeLaYFP-PP1_Nuf2-CFP_STLC_MG132_RO3306_well2_point7_14min01_R3D_D3D_Z09_C1_T0.tif,4527.048160893171,5986.214294090057,4318.585,5249.2775
175,9_5,5329.0,Expt2021_006_Set2_HeLaYFP-PP1_Nuf2-CFP_STLC_MG132_RO3306_well2_point7_14min01_R3D_D3D_Z09_C0_T0.tif,8913.6,Expt2021_006_Set2_HeLaYFP-PP1_Nuf2-CFP_STLC_MG132_RO3306_well2_point7_14min01_R3D_D3D_Z09_C1_T0.tif,4527.048160893171,5986.214294090057,4318.585,5249.2775
176,9_6,5226.2,Expt2021_006_Set2_HeLaYFP-PP1_Nuf2-CFP_STLC_MG132_RO3306_well2_point7_14min01_R3D_D3D_Z09_C0_T0.tif,8862.742857142857,Expt2021_006_Set2_HeLaYFP-PP1_Nuf2-CFP_STLC_MG132_RO3306_well2_point7_14min01_R3D_D3D_Z09_C1_T0.tif,4527.048160893171,5986.214294090057,4318.585,5249.2775
177,9_7,5236.5,Expt2021_006_Set2_HeLaYFP-PP1_Nuf2-CFP_STLC_MG132_RO3306_well2_point7_14min01_R3D_D3D_Z09_C0_T0.tif,8062.875,Expt2021_006_Set2_HeLaYFP-PP1_Nuf2-CFP_STLC_MG132_RO3306_well2_point7_14min01_R3D_D3D_Z09_C1_T0.tif,4527.048160893171,5986.214294090057,4318.585,5249.2775
178,9_8,5186.105263157895,Expt2021_006_Set2_HeLaYFP-PP1_Nuf2-CFP_STLC_MG132_RO3306_well2_point7_14min01_R3D_D3D_Z09_C0_T0.tif,8277.052631578947,Expt2021_006_Set2_HeLaYFP-PP1_Nuf2-CFP_STLC_MG132_RO3306_well2_point7_14min01_R3D_D3D_Z09_C1_T0.tif,4527.048160893171,5986.214294090057,4318.585,5249.2775
179,9_9,5159.0,Expt2021_006_Set2_HeLaYFP-PP1_Nuf2-CFP_STLC_MG132_RO3306_well2_point7_14min01_R3D_D3D_Z09_C0_T0.tif,8759.5,Expt2021_006_Set2_HeLaYFP-PP1_Nuf2-CFP_STLC_MG132_RO3306_well2_point7_14min01_R3D_D3D_Z09_C1_T0.tif,4527.048160893171,5986.214294090057,4318.585,5249.2775
180,9_10,5417.25,Expt2021_006_Set2_HeLaYFP-PP1_Nuf2-CFP_STLC_MG132_RO3306_well2_point7_14min01_R3D_D3D_Z09_C0_T0.tif,8795.5,Expt2021_006_Set2_HeLaYFP-PP1_Nuf2-CFP_STLC_MG132_RO3306_well2_point7_14min01_R3D_D3D_Z09_C1_T0.tif,4527.048160893171,5986.214294090057,4318.585,5249.2775
181,10_1,5125.5,Expt2021_006_Set2_HeLaYFP-PP1_Nuf2-CFP_STLC_MG132_RO3306_well2_point7_14min01_R3D_D3D_Z10_C0_T0.tif,4048.4375,Expt2021_006_Set2_HeLaYFP-PP1_Nuf2-CFP_STLC_MG132_RO3306_well2_point7_14min01_R3D_D3D_Z10_C1_T0.tif,4527.048160893171,5986.214294090057,4318.585,5249.2775
182,10_2,5158.642857142857,Expt2021_006_Set2_HeLaYFP-PP1_Nuf2-CFP_STLC_MG132_RO3306_well2_point7_14min01_R3D_D3D_Z10_C0_T0.tif,8541.785714285714,Expt2021_006_Set2_HeLaYFP-PP1_Nuf2-CFP_STLC_MG132_RO3306_well2_point7_14min01_R3D_D3D_Z10_C1_T0.tif,4527.048160893171,5986.214294090057,4318.585,5249.2775
183,10_3,5385.057142857143,Expt2021_006_Set2_HeLaYFP-PP1_Nuf2-CFP_STLC_MG132_RO3306_well2_point7_14min01_R3D_D3D_Z10_C0_T0.tif,8863.314285714287,Expt2021_006_Set2_HeLaYFP-PP1_Nuf2-CFP_STLC_MG132_RO3306_well2_point7_14min01_R3D_D3D_Z10_C1_T0.tif,4527.048160893171,5986.214294090057,4318.585,5249.2775
184,10_4,5261.857142857143,Expt2021_006_Set2_HeLaYFP-PP1_Nuf2-CFP_STLC_MG132_RO3306_well2_point7_14min01_R3D_D3D_Z10_C0_T0.tif,9169.52380952381,Expt2021_006_Set2_HeLaYFP-PP1_Nuf2-CFP_STLC_MG132_RO3306_well2_point7_14min01_R3D_D3D_Z10_C1_T0.tif,4527.048160893171,5986.214294090057,4318.585,5249.2775
185,10_5,5303.944444444444,Expt2021_006_Set2_HeLaYFP-PP1_Nuf2-CFP_STLC_MG132_RO3306_well2_point7_14min01_R3D_D3D_Z10_C0_T0.tif,8979.388888888889,Expt2021_006_Set2_HeLaYFP-PP1_Nuf2-CFP_STLC_MG132_RO3306_well2_point7_14min01_R3D_D3D_Z10_C1_T0.tif,4527.048160893171,5986.214294090057,4318.585,5249.2775
186,10_6,5274.9375,Expt2021_006_Set2_HeLaYFP-PP1_Nuf2-CFP_STLC_MG132_RO3306_well2_point7_14min01_R3D_D3D_Z10_C0_T0.tif,8461.25,Expt2021_006_Set2_HeLaYFP-PP1_Nuf2-CFP_STLC_MG132_RO3306_well2_point7_14min01_R3D_D3D_Z10_C1_T0.tif,4527.048160893171,5986.214294090057,4318.585,5249.2775
187,10_7,5124.857142857143,Expt2021_006_Set2_HeLaYFP-PP1_Nuf2-CFP_STLC_MG132_RO3306_well2_point7_14min01_R3D_D3D_Z10_C0_T0.tif,8756.5,Expt2021_006_Set2_HeLaYFP-PP1_Nuf2-CFP_STLC_MG132_RO3306_well2_point7_14min01_R3D_D3D_Z10_C1_T0.tif,4527.048160893171,5986.214294090057,4318.585,5249.2775
188,10_8,5283.0,Expt2021_006_Set2_HeLaYFP-PP1_Nuf2-CFP_STLC_MG132_RO3306_well2_point7_14min01_R3D_D3D_Z10_C0_T0.tif,8369.75,Expt2021_006_Set2_HeLaYFP-PP1_Nuf2-CFP_STLC_MG132_RO3306_well2_point7_14min01_R3D_D3D_Z10_C1_T0.tif,4527.048160893171,5986.214294090057,4318.585,5249.2775
189,10_9,5265.882352941177,Expt2021_006_Set2_HeLaYFP-PP1_Nuf2-CFP_STLC_MG132_RO3306_well2_point7_14min01_R3D_D3D_Z10_C0_T0.tif,8278.823529411764,Expt2021_006_Set2_HeLaYFP-PP1_Nuf2-CFP_STLC_MG132_RO3306_well2_point7_14min01_R3D_D3D_Z10_C1_T0.tif,4527.048160893171,5986.214294090057,4318.585,5249.2775
190,10_10,5160.25,Expt2021_006_Set2_HeLaYFP-PP1_Nuf2-CFP_STLC_MG132_RO3306_well2_point7_14min01_R3D_D3D_Z10_C0_T0.tif,8744.75,Expt2021_006_Set2_HeLaYFP-PP1_Nuf2-CFP_STLC_MG132_RO3306_well2_point7_14min01_R3D_D3D_Z10_C1_T0.tif,4527.048160893171,5986.214294090057,4318.585,5249.2775
191,10_11,5229.25,Expt2021_006_Set2_HeLaYFP-PP1_Nuf2-CFP_STLC_MG132_RO3306_well2_point7_14min01_R3D_D3D_Z10_C0_T0.tif,8852.0,Expt2021_006_Set2_HeLaYFP-PP1_Nuf2-CFP_STLC_MG132_RO3306_well2_point7_14min01_R3D_D3D_Z10_C1_T0.tif,4527.048160893171,5986.214294090057,4318.585,5249.2775
192,10_12,5197.75,Expt2021_006_Set2_HeLaYFP-PP1_Nuf2-CFP_STLC_MG132_RO3306_well2_point7_14min01_R3D_D3D_Z10_C0_T0.tif,8094.75,Expt2021_006_Set2_HeLaYFP-PP1_Nuf2-CFP_STLC_MG132_RO3306_well2_point7_14min01_R3D_D3D_Z10_C1_T0.tif,4527.048160893171,5986.214294090057,4318.585,5249.2775
193,11_1,5086.74358974359,Expt2021_006_Set2_HeLaYFP-PP1_Nuf2-CFP_STLC_MG132_RO3306_well2_point7_14min01_R3D_D3D_Z11_C0_T0.tif,8498.71794871795,Expt2021_006_Set2_HeLaYFP-PP1_Nuf2-CFP_STLC_MG132_RO3306_well2_point7_14min01_R3D_D3D_Z11_C1_T0.tif,4527.048160893171,5986.214294090057,4318.585,5249.2775
194,11_2,5210.416666666667,Expt2021_006_Set2_HeLaYFP-PP1_Nuf2-CFP_STLC_MG132_RO3306_well2_point7_14min01_R3D_D3D_Z11_C0_T0.tif,8497.5,Expt2021_006_Set2_HeLaYFP-PP1_Nuf2-CFP_STLC_MG132_RO3306_well2_point7_14min01_R3D_D3D_Z11_C1_T0.tif,4527.048160893171,5986.214294090057,4318.585,5249.2775
195,11_3,5195.7037037037035,Expt2021_006_Set2_HeLaYFP-PP1_Nuf2-CFP_STLC_MG132_RO3306_well2_point7_14min01_R3D_D3D_Z11_C0_T0.tif,8644.185185185184,Expt2021_006_Set2_HeLaYFP-PP1_Nuf2-CFP_STLC_MG132_RO3306_well2_point7_14min01_R3D_D3D_Z11_C1_T0.tif,4527.048160893171,5986.214294090057,4318.585,5249.2775
196,11_4,5250.128205128205,Expt2021_006_Set2_HeLaYFP-PP1_Nuf2-CFP_STLC_MG132_RO3306_well2_point7_14min01_R3D_D3D_Z11_C0_T0.tif,8795.948717948719,Expt2021_006_Set2_HeLaYFP-PP1_Nuf2-CFP_STLC_MG132_RO3306_well2_point7_14min01_R3D_D3D_Z11_C1_T0.tif,4527.048160893171,5986.214294090057,4318.585,5249.2775
197,11_5,5176.558139534884,Expt2021_006_Set2_HeLaYFP-PP1_Nuf2-CFP_STLC_MG132_RO3306_well2_point7_14min01_R3D_D3D_Z11_C0_T0.tif,8829.906976744185,Expt2021_006_Set2_HeLaYFP-PP1_Nuf2-CFP_STLC_MG132_RO3306_well2_point7_14min01_R3D_D3D_Z11_C1_T0.tif,4527.048160893171,5986.214294090057,4318.585,5249.2775
198,11_6,5210.233333333334,Expt2021_006_Set2_HeLaYFP-PP1_Nuf2-CFP_STLC_MG132_RO3306_well2_point7_14min01_R3D_D3D_Z11_C0_T0.tif,8669.333333333334,Expt2021_006_Set2_HeLaYFP-PP1_Nuf2-CFP_STLC_MG132_RO3306_well2_point7_14min01_R3D_D3D_Z11_C1_T0.tif,4527.048160893171,5986.214294090057,4318.585,5249.2775
199,11_7,5310.4,Expt2021_006_Set2_HeLaYFP-PP1_Nuf2-CFP_STLC_MG132_RO3306_well2_point7_14min01_R3D_D3D_Z11_C0_T0.tif,8593.0,Expt2021_006_Set2_HeLaYFP-PP1_Nuf2-CFP_STLC_MG132_RO3306_well2_point7_14min01_R3D_D3D_Z11_C1_T0.tif,4527.048160893171,5986.214294090057,4318.585,5249.2775
200,11_8,5213.4,Expt2021_006_Set2_HeLaYFP-PP1_Nuf2-CFP_STLC_MG132_RO3306_well2_point7_14min01_R3D_D3D_Z11_C0_T0.tif,7949.6,Expt2021_006_Set2_HeLaYFP-PP1_Nuf2-CFP_STLC_MG132_RO3306_well2_point7_14min01_R3D_D3D_Z11_C1_T0.tif,4527.048160893171,5986.214294090057,4318.585,5249.2775
201,11_9,5085.384615384615,Expt2021_006_Set2_HeLaYFP-PP1_Nuf2-CFP_STLC_MG132_RO3306_well2_point7_14min01_R3D_D3D_Z11_C0_T0.tif,8423.26923076923,Expt2021_006_Set2_HeLaYFP-PP1_Nuf2-CFP_STLC_MG132_RO3306_well2_point7_14min01_R3D_D3D_Z11_C1_T0.tif,4527.048160893171,5986.214294090057,4318.585,5249.2775
202,11_10,5074.111111111111,Expt2021_006_Set2_HeLaYFP-PP1_Nuf2-CFP_STLC_MG132_RO3306_well2_point7_14min01_R3D_D3D_Z11_C0_T0.tif,8773.166666666666,Expt2021_006_Set2_HeLaYFP-PP1_Nuf2-CFP_STLC_MG132_RO3306_well2_point7_14min01_R3D_D3D_Z11_C1_T0.tif,4527.048160893171,5986.214294090057,4318.585,5249.2775
203,11_11,5058.0,Expt2021_006_Set2_HeLaYFP-PP1_Nuf2-CFP_STLC_MG132_RO3306_well2_point7_14min01_R3D_D3D_Z11_C0_T0.tif,8540.70588235294,Expt2021_006_Set2_HeLaYFP-PP1_Nuf2-CFP_STLC_MG132_RO3306_well2_point7_14min01_R3D_D3D_Z11_C1_T0.tif,4527.048160893171,5986.214294090057,4318.585,5249.2775
204,11_12,5052.9,Expt2021_006_Set2_HeLaYFP-PP1_Nuf2-CFP_STLC_MG132_RO3306_well2_point7_14min01_R3D_D3D_Z11_C0_T0.tif,8659.0,Expt2021_006_Set2_HeLaYFP-PP1_Nuf2-CFP_STLC_MG132_RO3306_well2_point7_14min01_R3D_D3D_Z11_C1_T0.tif,4527.048160893171,5986.214294090057,4318.585,5249.2775
205,11_13,5135.5625,Expt2021_006_Set2_HeLaYFP-PP1_Nuf2-CFP_STLC_MG132_RO3306_well2_point7_14min01_R3D_D3D_Z11_C0_T0.tif,8746.25,Expt2021_006_Set2_HeLaYFP-PP1_Nuf2-CFP_STLC_MG132_RO3306_well2_point7_14min01_R3D_D3D_Z11_C1_T0.tif,4527.048160893171,5986.214294090057,4318.585,5249.2775
206,11_14,5017.0,Expt2021_006_Set2_HeLaYFP-PP1_Nuf2-CFP_STLC_MG132_RO3306_well2_point7_14min01_R3D_D3D_Z11_C0_T0.tif,9108.125,Expt2021_006_Set2_HeLaYFP-PP1_Nuf2-CFP_STLC_MG132_RO3306_well2_point7_14min01_R3D_D3D_Z11_C1_T0.tif,4527.048160893171,5986.214294090057,4318.585,5249.2775
207,11_15,5149.125,Expt2021_006_Set2_HeLaYFP-PP1_Nuf2-CFP_STLC_MG132_RO3306_well2_point7_14min01_R3D_D3D_Z11_C0_T0.tif,8479.125,Expt2021_006_Set2_HeLaYFP-PP1_Nuf2-CFP_STLC_MG132_RO3306_well2_point7_14min01_R3D_D3D_Z11_C1_T0.tif,4527.048160893171,5986.214294090057,4318.585,5249.2775
208,11_16,5164.875,Expt2021_006_Set2_HeLaYFP-PP1_Nuf2-CFP_STLC_MG132_RO3306_well2_point7_14min01_R3D_D3D_Z11_C0_T0.tif,8339.1875,Expt2021_006_Set2_HeLaYFP-PP1_Nuf2-CFP_STLC_MG132_RO3306_well2_point7_14min01_R3D_D3D_Z11_C1_T0.tif,4527.048160893171,5986.214294090057,4318.585,5249.2775
209,11_17,4963.75,Expt2021_006_Set2_HeLaYFP-PP1_Nuf2-CFP_STLC_MG132_RO3306_well2_point7_14min01_R3D_D3D_Z11_C0_T0.tif,8406.25,Expt2021_006_Set2_HeLaYFP-PP1_Nuf2-CFP_STLC_MG132_RO3306_well2_point7_14min01_R3D_D3D_Z11_C1_T0.tif,4527.048160893171,5986.214294090057,4318.585,5249.2775
210,11_18,5045.772727272727,Expt2021_006_Set2_HeLaYFP-PP1_Nuf2-CFP_STLC_MG132_RO3306_well2_point7_14min01_R3D_D3D_Z11_C0_T0.tif,8285.954545454546,Expt2021_006_Set2_HeLaYFP-PP1_Nuf2-CFP_STLC_MG132_RO3306_well2_point7_14min01_R3D_D3D_Z11_C1_T0.tif,4527.048160893171,5986.214294090057,4318.585,5249.2775
211,11_19,5128.5,Expt2021_006_Set2_HeLaYFP-PP1_Nuf2-CFP_STLC_MG132_RO3306_well2_point7_14min01_R3D_D3D_Z11_C0_T0.tif,7953.583333333333,Expt2021_006_Set2_HeLaYFP-PP1_Nuf2-CFP_STLC_MG132_RO3306_well2_point7_14min01_R3D_D3D_Z11_C1_T0.tif,4527.048160893171,5986.214294090057,4318.585,5249.2775
212,11_20,5090.64705882353,Expt2021_006_Set2_HeLaYFP-PP1_Nuf2-CFP_STLC_MG132_RO3306_well2_point7_14min01_R3D_D3D_Z11_C0_T0.tif,8647.823529411764,Expt2021_006_Set2_HeLaYFP-PP1_Nuf2-CFP_STLC_MG132_RO3306_well2_point7_14min01_R3D_D3D_Z11_C1_T0.tif,4527.048160893171,5986.214294090057,4318.585,5249.2775
213,11_21,5034.125,Expt2021_006_Set2_HeLaYFP-PP1_Nuf2-CFP_STLC_MG132_RO3306_well2_point7_14min01_R3D_D3D_Z11_C0_T0.tif,6584.75,Expt2021_006_Set2_HeLaYFP-PP1_Nuf2-CFP_STLC_MG132_RO3306_well2_point7_14min01_R3D_D3D_Z11_C1_T0.tif,4527.048160893171,5986.214294090057,4318.585,5249.2775
214,12_1,5224.333333333333,Expt2021_006_Set2_HeLaYFP-PP1_Nuf2-CFP_STLC_MG132_RO3306_well2_point7_14min01_R3D_D3D_Z12_C0_T0.tif,8142.666666666667,Expt2021_006_Set2_HeLaYFP-PP1_Nuf2-CFP_STLC_MG132_RO3306_well2_point7_14min01_R3D_D3D_Z12_C1_T0.tif,4527.048160893171,5986.214294090057,4318.585,5249.2775
215,12_2,5350.6,Expt2021_006_Set2_HeLaYFP-PP1_Nuf2-CFP_STLC_MG132_RO3306_well2_point7_14min01_R3D_D3D_Z12_C0_T0.tif,8204.8,Expt2021_006_Set2_HeLaYFP-PP1_Nuf2-CFP_STLC_MG132_RO3306_well2_point7_14min01_R3D_D3D_Z12_C1_T0.tif,4527.048160893171,5986.214294090057,4318.585,5249.2775
216,12_3,5318.25,Expt2021_006_Set2_HeLaYFP-PP1_Nuf2-CFP_STLC_MG132_RO3306_well2_point7_14min01_R3D_D3D_Z12_C0_T0.tif,8510.75,Expt2021_006_Set2_HeLaYFP-PP1_Nuf2-CFP_STLC_MG132_RO3306_well2_point7_14min01_R3D_D3D_Z12_C1_T0.tif,4527.048160893171,5986.214294090057,4318.585,5249.2775
217,12_4,5348.583333333333,Expt2021_006_Set2_HeLaYFP-PP1_Nuf2-CFP_STLC_MG132_RO3306_well2_point7_14min01_R3D_D3D_Z12_C0_T0.tif,8795.416666666666,Expt2021_006_Set2_HeLaYFP-PP1_Nuf2-CFP_STLC_MG132_RO3306_well2_point7_14min01_R3D_D3D_Z12_C1_T0.tif,4527.048160893171,5986.214294090057,4318.585,5249.2775
218,12_5,5374.764705882353,Expt2021_006_Set2_HeLaYFP-PP1_Nuf2-CFP_STLC_MG132_RO3306_well2_point7_14min01_R3D_D3D_Z12_C0_T0.tif,8810.529411764706,Expt2021_006_Set2_HeLaYFP-PP1_Nuf2-CFP_STLC_MG132_RO3306_well2_point7_14min01_R3D_D3D_Z12_C1_T0.tif,4527.048160893171,5986.214294090057,4318.585,5249.2775
219,12_6,5225.583333333333,Expt2021_006_Set2_HeLaYFP-PP1_Nuf2-CFP_STLC_MG132_RO3306_well2_point7_14min01_R3D_D3D_Z12_C0_T0.tif,8734.5,Expt2021_006_Set2_HeLaYFP-PP1_Nuf2-CFP_STLC_MG132_RO3306_well2_point7_14min01_R3D_D3D_Z12_C1_T0.tif,4527.048160893171,5986.214294090057,4318.585,5249.2775
220,12_7,5329.5625,Expt2021_006_Set2_HeLaYFP-PP1_Nuf2-CFP_STLC_MG132_RO3306_well2_point7_14min01_R3D_D3D_Z12_C0_T0.tif,8983.0625,Expt2021_006_Set2_HeLaYFP-PP1_Nuf2-CFP_STLC_MG132_RO3306_well2_point7_14min01_R3D_D3D_Z12_C1_T0.tif,4527.048160893171,5986.214294090057,4318.585,5249.2775
221,12_8,5340.931034482759,Expt2021_006_Set2_HeLaYFP-PP1_Nuf2-CFP_STLC_MG132_RO3306_well2_point7_14min01_R3D_D3D_Z12_C0_T0.tif,8369.172413793103,Expt2021_006_Set2_HeLaYFP-PP1_Nuf2-CFP_STLC_MG132_RO3306_well2_point7_14min01_R3D_D3D_Z12_C1_T0.tif,4527.048160893171,5986.214294090057,4318.585,5249.2775
222,12_9,5166.0,Expt2021_006_Set2_HeLaYFP-PP1_Nuf2-CFP_STLC_MG132_RO3306_well2_point7_14min01_R3D_D3D_Z12_C0_T0.tif,8423.666666666666,Expt2021_006_Set2_HeLaYFP-PP1_Nuf2-CFP_STLC_MG132_RO3306_well2_point7_14min01_R3D_D3D_Z12_C1_T0.tif,4527.048160893171,5986.214294090057,4318.585,5249.2775
223,13_1,5417.75,Expt2021_006_Set2_HeLaYFP-PP1_Nuf2-CFP_STLC_MG132_RO3306_well2_point7_14min01_R3D_D3D_Z13_C0_T0.tif,7901.75,Expt2021_006_Set2_HeLaYFP-PP1_Nuf2-CFP_STLC_MG132_RO3306_well2_point7_14min01_R3D_D3D_Z13_C1_T0.tif,4527.048160893171,5986.214294090057,4318.585,5249.2775
224,13_2,5223.333333333333,Expt2021_006_Set2_HeLaYFP-PP1_Nuf2-CFP_STLC_MG132_RO3306_well2_point7_14min01_R3D_D3D_Z13_C0_T0.tif,8372.25,Expt2021_006_Set2_HeLaYFP-PP1_Nuf2-CFP_STLC_MG132_RO3306_well2_point7_14min01_R3D_D3D_Z13_C1_T0.tif,4527.048160893171,5986.214294090057,4318.585,5249.2775
225,13_3,5368.875,Expt2021_006_Set2_HeLaYFP-PP1_Nuf2-CFP_STLC_MG132_RO3306_well2_point7_14min01_R3D_D3D_Z13_C0_T0.tif,8936.25,Expt2021_006_Set2_HeLaYFP-PP1_Nuf2-CFP_STLC_MG132_RO3306_well2_point7_14min01_R3D_D3D_Z13_C1_T0.tif,4527.048160893171,5986.214294090057,4318.585,5249.2775
226,13_4,5292.235294117647,Expt2021_006_Set2_HeLaYFP-PP1_Nuf2-CFP_STLC_MG132_RO3306_well2_point7_14min01_R3D_D3D_Z13_C0_T0.tif,8465.64705882353,Expt2021_006_Set2_HeLaYFP-PP1_Nuf2-CFP_STLC_MG132_RO3306_well2_point7_14min01_R3D_D3D_Z13_C1_T0.tif,4527.048160893171,5986.214294090057,4318.585,5249.2775
227,13_5,5332.55,Expt2021_006_Set2_HeLaYFP-PP1_Nuf2-CFP_STLC_MG132_RO3306_well2_point7_14min01_R3D_D3D_Z13_C0_T0.tif,8688.05,Expt2021_006_Set2_HeLaYFP-PP1_Nuf2-CFP_STLC_MG132_RO3306_well2_point7_14min01_R3D_D3D_Z13_C1_T0.tif,4527.048160893171,5986.214294090057,4318.585,5249.2775
228,13_6,5345.603174603175,Expt2021_006_Set2_HeLaYFP-PP1_Nuf2-CFP_STLC_MG132_RO3306_well2_point7_14min01_R3D_D3D_Z13_C0_T0.tif,8445.619047619048,Expt2021_006_Set2_HeLaYFP-PP1_Nuf2-CFP_STLC_MG132_RO3306_well2_point7_14min01_R3D_D3D_Z13_C1_T0.tif,4527.048160893171,5986.214294090057,4318.585,5249.2775
229,13_7,5188.083333333333,Expt2021_006_Set2_HeLaYFP-PP1_Nuf2-CFP_STLC_MG132_RO3306_well2_point7_14min01_R3D_D3D_Z13_C0_T0.tif,8909.666666666666,Expt2021_006_Set2_HeLaYFP-PP1_Nuf2-CFP_STLC_MG132_RO3306_well2_point7_14min01_R3D_D3D_Z13_C1_T0.tif,4527.048160893171,5986.214294090057,4318.585,5249.2775
230,13_8,5167.375,Expt2021_006_Set2_HeLaYFP-PP1_Nuf2-CFP_STLC_MG132_RO3306_well2_point7_14min01_R3D_D3D_Z13_C0_T0.tif,8021.625,Expt2021_006_Set2_HeLaYFP-PP1_Nuf2-CFP_STLC_MG132_RO3306_well2_point7_14min01_R3D_D3D_Z13_C1_T0.tif,4527.048160893171,5986.214294090057,4318.585,5249.2775
231,13_9,5292.888888888889,Expt2021_006_Set2_HeLaYFP-PP1_Nuf2-CFP_STLC_MG132_RO3306_well2_point7_14min01_R3D_D3D_Z13_C0_T0.tif,7999.944444444444,Expt2021_006_Set2_HeLaYFP-PP1_Nuf2-CFP_STLC_MG132_RO3306_well2_point7_14min01_R3D_D3D_Z13_C1_T0.tif,4527.048160893171,5986.214294090057,4318.585,5249.2775
232,14_1,5283.166666666667,Expt2021_006_Set2_HeLaYFP-PP1_Nuf2-CFP_STLC_MG132_RO3306_well2_point7_14min01_R3D_D3D_Z14_C0_T0.tif,9175.958333333334,Expt2021_006_Set2_HeLaYFP-PP1_Nuf2-CFP_STLC_MG132_RO3306_well2_point7_14min01_R3D_D3D_Z14_C1_T0.tif,4527.048160893171,5986.214294090057,4318.585,5249.2775
233,14_2,5329.263157894737,Expt2021_006_Set2_HeLaYFP-PP1_Nuf2-CFP_STLC_MG132_RO3306_well2_point7_14min01_R3D_D3D_Z14_C0_T0.tif,8820.157894736842,Expt2021_006_Set2_HeLaYFP-PP1_Nuf2-CFP_STLC_MG132_RO3306_well2_point7_14min01_R3D_D3D_Z14_C1_T0.tif,4527.048160893171,5986.214294090057,4318.585,5249.2775
234,14_3,5270.9375,Expt2021_006_Set2_HeLaYFP-PP1_Nuf2-CFP_STLC_MG132_RO3306_well2_point7_14min01_R3D_D3D_Z14_C0_T0.tif,8947.375,Expt2021_006_Set2_HeLaYFP-PP1_Nuf2-CFP_STLC_MG132_RO3306_well2_point7_14min01_R3D_D3D_Z14_C1_T0.tif,4527.048160893171,5986.214294090057,4318.585,5249.2775
235,14_4,5407.083333333333,Expt2021_006_Set2_HeLaYFP-PP1_Nuf2-CFP_STLC_MG132_RO3306_well2_point7_14min01_R3D_D3D_Z14_C0_T0.tif,8771.666666666666,Expt2021_006_Set2_HeLaYFP-PP1_Nuf2-CFP_STLC_MG132_RO3306_well2_point7_14min01_R3D_D3D_Z14_C1_T0.tif,4527.048160893171,5986.214294090057,4318.585,5249.2775
236,14_5,5460.66,Expt2021_006_Set2_HeLaYFP-PP1_Nuf2-CFP_STLC_MG132_RO3306_well2_point7_14min01_R3D_D3D_Z14_C0_T0.tif,8306.26,Expt2021_006_Set2_HeLaYFP-PP1_Nuf2-CFP_STLC_MG132_RO3306_well2_point7_14min01_R3D_D3D_Z14_C1_T0.tif,4527.048160893171,5986.214294090057,4318.585,5249.2775
237,14_6,5276.875,Expt2021_006_Set2_HeLaYFP-PP1_Nuf2-CFP_STLC_MG132_RO3306_well2_point7_14min01_R3D_D3D_Z14_C0_T0.tif,9177.625,Expt2021_006_Set2_HeLaYFP-PP1_Nuf2-CFP_STLC_MG132_RO3306_well2_point7_14min01_R3D_D3D_Z14_C1_T0.tif,4527.048160893171,5986.214294090057,4318.585,5249.2775
238,14_7,5296.310344827586,Expt2021_006_Set2_HeLaYFP-PP1_Nuf2-CFP_STLC_MG132_RO3306_well2_point7_14min01_R3D_D3D_Z14_C0_T0.tif,8608.206896551725,Expt2021_006_Set2_HeLaYFP-PP1_Nuf2-CFP_STLC_MG132_RO3306_well2_point7_14min01_R3D_D3D_Z14_C1_T0.tif,4527.048160893171,5986.214294090057,4318.585,5249.2775
239,14_8,5215.375,Expt2021_006_Set2_HeLaYFP-PP1_Nuf2-CFP_STLC_MG132_RO3306_well2_point7_14min01_R3D_D3D_Z14_C0_T0.tif,8848.375,Expt2021_006_Set2_HeLaYFP-PP1_Nuf2-CFP_STLC_MG132_RO3306_well2_point7_14min01_R3D_D3D_Z14_C1_T0.tif,4527.048160893171,5986.214294090057,4318.585,5249.2775
240,15_1,5710.121212121212,Expt2021_006_Set2_HeLaYFP-PP1_Nuf2-CFP_STLC_MG132_RO3306_well2_point7_14min01_R3D_D3D_Z15_C0_T0.tif,8523.90909090909,Expt2021_006_Set2_HeLaYFP-PP1_Nuf2-CFP_STLC_MG132_RO3306_well2_point7_14min01_R3D_D3D_Z15_C1_T0.tif,4527.048160893171,5986.214294090057,4318.585,5249.2775
241,15_2,5529.083333333333,Expt2021_006_Set2_HeLaYFP-PP1_Nuf2-CFP_STLC_MG132_RO3306_well2_point7_14min01_R3D_D3D_Z15_C0_T0.tif,8767.083333333334,Expt2021_006_Set2_HeLaYFP-PP1_Nuf2-CFP_STLC_MG132_RO3306_well2_point7_14min01_R3D_D3D_Z15_C1_T0.tif,4527.048160893171,5986.214294090057,4318.585,5249.2775
242,16_1,5323.75,Expt2021_006_Set2_HeLaYFP-PP1_Nuf2-CFP_STLC_MG132_RO3306_well2_point7_14min01_R3D_D3D_Z16_C0_T0.tif,8438.75,Expt2021_006_Set2_HeLaYFP-PP1_Nuf2-CFP_STLC_MG132_RO3306_well2_point7_14min01_R3D_D3D_Z16_C1_T0.tif,4527.048160893171,5986.214294090057,4318.585,5249.2775
243,16_2,5455.75,Expt2021_006_Set2_HeLaYFP-PP1_Nuf2-CFP_STLC_MG132_RO3306_well2_point7_14min01_R3D_D3D_Z16_C0_T0.tif,6037.0,Expt2021_006_Set2_HeLaYFP-PP1_Nuf2-CFP_STLC_MG132_RO3306_well2_point7_14min01_R3D_D3D_Z16_C1_T0.tif,4527.048160893171,5986.214294090057,4318.585,5249.2775
244,16_3,5625.142857142857,Expt2021_006_Set2_HeLaYFP-PP1_Nuf2-CFP_STLC_MG132_RO3306_well2_point7_14min01_R3D_D3D_Z16_C0_T0.tif,8595.285714285714,Expt2021_006_Set2_HeLaYFP-PP1_Nuf2-CFP_STLC_MG132_RO3306_well2_point7_14min01_R3D_D3D_Z16_C1_T0.tif,4527.048160893171,5986.214294090057,4318.585,5249.2775
245,16_4,5273.666666666667,Expt2021_006_Set2_HeLaYFP-PP1_Nuf2-CFP_STLC_MG132_RO3306_well2_point7_14min01_R3D_D3D_Z16_C0_T0.tif,8244.916666666666,Expt2021_006_Set2_HeLaYFP-PP1_Nuf2-CFP_STLC_MG132_RO3306_well2_point7_14min01_R3D_D3D_Z16_C1_T0.tif,4527.048160893171,5986.214294090057,4318.585,5249.2775
246,16_5,5473.375,Expt2021_006_Set2_HeLaYFP-PP1_Nuf2-CFP_STLC_MG132_RO3306_well2_point7_14min01_R3D_D3D_Z16_C0_T0.tif,8453.75,Expt2021_006_Set2_HeLaYFP-PP1_Nuf2-CFP_STLC_MG132_RO3306_well2_point7_14min01_R3D_D3D_Z16_C1_T0.tif,4527.048160893171,5986.214294090057,4318.585,5249.2775
247,17_1,5196.814814814815,Expt2021_006_Set2_HeLaYFP-PP1_Nuf2-CFP_STLC_MG132_RO3306_well2_point7_14min01_R3D_D3D_Z17_C0_T0.tif,8500.62962962963,Expt2021_006_Set2_HeLaYFP-PP1_Nuf2-CFP_STLC_MG132_RO3306_well2_point7_14min01_R3D_D3D_Z17_C1_T0.tif,4527.048160893171,5986.214294090057,4318.585,5249.2775
248,17_2,5319.40625,Expt2021_006_Set2_HeLaYFP-PP1_Nuf2-CFP_STLC_MG132_RO3306_well2_point7_14min01_R3D_D3D_Z17_C0_T0.tif,6058.84375,Expt2021_006_Set2_HeLaYFP-PP1_Nuf2-CFP_STLC_MG132_RO3306_well2_point7_14min01_R3D_D3D_Z17_C1_T0.tif,4527.048160893171,5986.214294090057,4318.585,5249.2775
249,17_3,5210.5,Expt2021_006_Set2_HeLaYFP-PP1_Nuf2-CFP_STLC_MG132_RO3306_well2_point7_14min01_R3D_D3D_Z17_C0_T0.tif,9407.916666666666,Expt2021_006_Set2_HeLaYFP-PP1_Nuf2-CFP_STLC_MG132_RO3306_well2_point7_14min01_R3D_D3D_Z17_C1_T0.tif,4527.048160893171,5986.214294090057,4318.585,5249.2775
250,17_4,5471.953488372093,Expt2021_006_Set2_HeLaYFP-PP1_Nuf2-CFP_STLC_MG132_RO3306_well2_point7_14min01_R3D_D3D_Z17_C0_T0.tif,8289.813953488372,Expt2021_006_Set2_HeLaYFP-PP1_Nuf2-CFP_STLC_MG132_RO3306_well2_point7_14min01_R3D_D3D_Z17_C1_T0.tif,4527.048160893171,5986.214294090057,4318.585,5249.2775
251,17_5,5248.125,Expt2021_006_Set2_HeLaYFP-PP1_Nuf2-CFP_STLC_MG132_RO3306_well2_point7_14min01_R3D_D3D_Z17_C0_T0.tif,9099.75,Expt2021_006_Set2_HeLaYFP-PP1_Nuf2-CFP_STLC_MG132_RO3306_well2_point7_14min01_R3D_D3D_Z17_C1_T0.tif,4527.048160893171,5986.214294090057,4318.585,5249.2775
252,17_6,5183.875,Expt2021_006_Set2_HeLaYFP-PP1_Nuf2-CFP_STLC_MG132_RO3306_well2_point7_14min01_R3D_D3D_Z17_C0_T0.tif,8127.875,Expt2021_006_Set2_HeLaYFP-PP1_Nuf2-CFP_STLC_MG132_RO3306_well2_point7_14min01_R3D_D3D_Z17_C1_T0.tif,4527.048160893171,5986.214294090057,4318.585,5249.2775
253,17_7,5104.666666666667,Expt2021_006_Set2_HeLaYFP-PP1_Nuf2-CFP_STLC_MG132_RO3306_well2_point7_14min01_R3D_D3D_Z17_C0_T0.tif,8699.333333333334,Expt2021_006_Set2_HeLaYFP-PP1_Nuf2-CFP_STLC_MG132_RO3306_well2_point7_14min01_R3D_D3D_Z17_C1_T0.tif,4527.048160893171,5986.214294090057,4318.585,5249.2775
254,17_8,5396.8125,Expt2021_006_Set2_HeLaYFP-PP1_Nuf2-CFP_STLC_MG132_RO3306_well2_point7_14min01_R3D_D3D_Z17_C0_T0.tif,8198.5625,Expt2021_006_Set2_HeLaYFP-PP1_Nuf2-CFP_STLC_MG132_RO3306_well2_point7_14min01_R3D_D3D_Z17_C1_T0.tif,4527.048160893171,5986.214294090057,4318.585,5249.2775
255,17_9,5197.625,Expt2021_006_Set2_HeLaYFP-PP1_Nuf2-CFP_STLC_MG132_RO3306_well2_point7_14min01_R3D_D3D_Z17_C0_T0.tif,8264.375,Expt2021_006_Set2_HeLaYFP-PP1_Nuf2-CFP_STLC_MG132_RO3306_well2_point7_14min01_R3D_D3D_Z17_C1_T0.tif,4527.048160893171,5986.214294090057,4318.585,5249.2775
256,17_10,5261.208333333333,Expt2021_006_Set2_HeLaYFP-PP1_Nuf2-CFP_STLC_MG132_RO3306_well2_point7_14min01_R3D_D3D_Z17_C0_T0.tif,6597.0,Expt2021_006_Set2_HeLaYFP-PP1_Nuf2-CFP_STLC_MG132_RO3306_well2_point7_14min01_R3D_D3D_Z17_C1_T0.tif,4527.048160893171,5986.214294090057,4318.585,5249.2775
257,18_1,5166.607142857143,Expt2021_006_Set2_HeLaYFP-PP1_Nuf2-CFP_STLC_MG132_RO3306_well2_point7_14min01_R3D_D3D_Z18_C0_T0.tif,8363.642857142857,Expt2021_006_Set2_HeLaYFP-PP1_Nuf2-CFP_STLC_MG132_RO3306_well2_point7_14min01_R3D_D3D_Z18_C1_T0.tif,4527.048160893171,5986.214294090057,4318.585,5249.2775
258,18_2,5294.590909090909,Expt2021_006_Set2_HeLaYFP-PP1_Nuf2-CFP_STLC_MG132_RO3306_well2_point7_14min01_R3D_D3D_Z18_C0_T0.tif,8739.318181818182,Expt2021_006_Set2_HeLaYFP-PP1_Nuf2-CFP_STLC_MG132_RO3306_well2_point7_14min01_R3D_D3D_Z18_C1_T0.tif,4527.048160893171,5986.214294090057,4318.585,5249.2775
259,18_3,5197.15,Expt2021_006_Set2_HeLaYFP-PP1_Nuf2-CFP_STLC_MG132_RO3306_well2_point7_14min01_R3D_D3D_Z18_C0_T0.tif,6262.5,Expt2021_006_Set2_HeLaYFP-PP1_Nuf2-CFP_STLC_MG132_RO3306_well2_point7_14min01_R3D_D3D_Z18_C1_T0.tif,4527.048160893171,5986.214294090057,4318.585,5249.2775
260,18_4,4975.142857142857,Expt2021_006_Set2_HeLaYFP-PP1_Nuf2-CFP_STLC_MG132_RO3306_well2_point7_14min01_R3D_D3D_Z18_C0_T0.tif,8017.714285714285,Expt2021_006_Set2_HeLaYFP-PP1_Nuf2-CFP_STLC_MG132_RO3306_well2_point7_14min01_R3D_D3D_Z18_C1_T0.tif,4527.048160893171,5986.214294090057,4318.585,5249.2775
261,18_5,5304.580645161291,Expt2021_006_Set2_HeLaYFP-PP1_Nuf2-CFP_STLC_MG132_RO3306_well2_point7_14min01_R3D_D3D_Z18_C0_T0.tif,8019.580645161291,Expt2021_006_Set2_HeLaYFP-PP1_Nuf2-CFP_STLC_MG132_RO3306_well2_point7_14min01_R3D_D3D_Z18_C1_T0.tif,4527.048160893171,5986.214294090057,4318.585,5249.2775
262,18_6,5301.75,Expt2021_006_Set2_HeLaYFP-PP1_Nuf2-CFP_STLC_MG132_RO3306_well2_point7_14min01_R3D_D3D_Z18_C0_T0.tif,8988.75,Expt2021_006_Set2_HeLaYFP-PP1_Nuf2-CFP_STLC_MG132_RO3306_well2_point7_14min01_R3D_D3D_Z18_C1_T0.tif,4527.048160893171,5986.214294090057,4318.585,5249.2775
263,18_7,5213.25,Expt2021_006_Set2_HeLaYFP-PP1_Nuf2-CFP_STLC_MG132_RO3306_well2_point7_14min01_R3D_D3D_Z18_C0_T0.tif,8242.625,Expt2021_006_Set2_HeLaYFP-PP1_Nuf2-CFP_STLC_MG132_RO3306_well2_point7_14min01_R3D_D3D_Z18_C1_T0.tif,4527.048160893171,5986.214294090057,4318.585,5249.2775
264,18_8,5189.181818181818,Expt2021_006_Set2_HeLaYFP-PP1_Nuf2-CFP_STLC_MG132_RO3306_well2_point7_14min01_R3D_D3D_Z18_C0_T0.tif,8504.09090909091,Expt2021_006_Set2_HeLaYFP-PP1_Nuf2-CFP_STLC_MG132_RO3306_well2_point7_14min01_R3D_D3D_Z18_C1_T0.tif,4527.048160893171,5986.214294090057,4318.585,5249.2775
265,18_9,5219.2962962962965,Expt2021_006_Set2_HeLaYFP-PP1_Nuf2-CFP_STLC_MG132_RO3306_well2_point7_14min01_R3D_D3D_Z18_C0_T0.tif,8572.62962962963,Expt2021_006_Set2_HeLaYFP-PP1_Nuf2-CFP_STLC_MG132_RO3306_well2_point7_14min01_R3D_D3D_Z18_C1_T0.tif,4527.048160893171,5986.214294090057,4318.585,5249.2775
266,18_10,5016.333333333333,Expt2021_006_Set2_HeLaYFP-PP1_Nuf2-CFP_STLC_MG132_RO3306_well2_point7_14min01_R3D_D3D_Z18_C0_T0.tif,8189.75,Expt2021_006_Set2_HeLaYFP-PP1_Nuf2-CFP_STLC_MG132_RO3306_well2_point7_14min01_R3D_D3D_Z18_C1_T0.tif,4527.048160893171,5986.214294090057,4318.585,5249.2775
267,18_11,5159.2,Expt2021_006_Set2_HeLaYFP-PP1_Nuf2-CFP_STLC_MG132_RO3306_well2_point7_14min01_R3D_D3D_Z18_C0_T0.tif,6475.5,Expt2021_006_Set2_HeLaYFP-PP1_Nuf2-CFP_STLC_MG132_RO3306_well2_point7_14min01_R3D_D3D_Z18_C1_T0.tif,4527.048160893171,5986.214294090057,4318.585,5249.2775
268,18_12,5263.333333333333,Expt2021_006_Set2_HeLaYFP-PP1_Nuf2-CFP_STLC_MG132_RO3306_well2_point7_14min01_R3D_D3D_Z18_C0_T0.tif,6401.0,Expt2021_006_Set2_HeLaYFP-PP1_Nuf2-CFP_STLC_MG132_RO3306_well2_point7_14min01_R3D_D3D_Z18_C1_T0.tif,4527.048160893171,5986.214294090057,4318.585,5249.2775
269,18_13,5069.125,Expt2021_006_Set2_HeLaYFP-PP1_Nuf2-CFP_STLC_MG132_RO3306_well2_point7_14min01_R3D_D3D_Z18_C0_T0.tif,7237.625,Expt2021_006_Set2_HeLaYFP-PP1_Nuf2-CFP_STLC_MG132_RO3306_well2_point7_14min01_R3D_D3D_Z18_C1_T0.tif,4527.048160893171,5986.214294090057,4318.585,5249.2775
270,19_1,5177.583333333333,Expt2021_006_Set2_HeLaYFP-PP1_Nuf2-CFP_STLC_MG132_RO3306_well2_point7_14min01_R3D_D3D_Z19_C0_T0.tif,8028.166666666667,Expt2021_006_Set2_HeLaYFP-PP1_Nuf2-CFP_STLC_MG132_RO3306_well2_point7_14min01_R3D_D3D_Z19_C1_T0.tif,4527.048160893171,5986.214294090057,4318.585,5249.2775
271,19_2,5285.8125,Expt2021_006_Set2_HeLaYFP-PP1_Nuf2-CFP_STLC_MG132_RO3306_well2_point7_14min01_R3D_D3D_Z19_C0_T0.tif,8600.25,Expt2021_006_Set2_HeLaYFP-PP1_Nuf2-CFP_STLC_MG132_RO3306_well2_point7_14min01_R3D_D3D_Z19_C1_T0.tif,4527.048160893171,5986.214294090057,4318.585,5249.2775
272,19_3,5334.1875,Expt2021_006_Set2_HeLaYFP-PP1_Nuf2-CFP_STLC_MG132_RO3306_well2_point7_14min01_R3D_D3D_Z19_C0_T0.tif,8601.5,Expt2021_006_Set2_HeLaYFP-PP1_Nuf2-CFP_STLC_MG132_RO3306_well2_point7_14min01_R3D_D3D_Z19_C1_T0.tif,4527.048160893171,5986.214294090057,4318.585,5249.2775
273,19_4,5231.0,Expt2021_006_Set2_HeLaYFP-PP1_Nuf2-CFP_STLC_MG132_RO3306_well2_point7_14min01_R3D_D3D_Z19_C0_T0.tif,7681.0,Expt2021_006_Set2_HeLaYFP-PP1_Nuf2-CFP_STLC_MG132_RO3306_well2_point7_14min01_R3D_D3D_Z19_C1_T0.tif,4527.048160893171,5986.214294090057,4318.585,5249.2775
274,19_5,5275.5,Expt2021_006_Set2_HeLaYFP-PP1_Nuf2-CFP_STLC_MG132_RO3306_well2_point7_14min01_R3D_D3D_Z19_C0_T0.tif,8282.857142857143,Expt2021_006_Set2_HeLaYFP-PP1_Nuf2-CFP_STLC_MG132_RO3306_well2_point7_14min01_R3D_D3D_Z19_C1_T0.tif,4527.048160893171,5986.214294090057,4318.585,5249.2775
275,19_6,5280.083333333333,Expt2021_006_Set2_HeLaYFP-PP1_Nuf2-CFP_STLC_MG132_RO3306_well2_point7_14min01_R3D_D3D_Z19_C0_T0.tif,8112.916666666667,Expt2021_006_Set2_HeLaYFP-PP1_Nuf2-CFP_STLC_MG132_RO3306_well2_point7_14min01_R3D_D3D_Z19_C1_T0.tif,4527.048160893171,5986.214294090057,4318.585,5249.2775
276,19_7,5183.25,Expt2021_006_Set2_HeLaYFP-PP1_Nuf2-CFP_STLC_MG132_RO3306_well2_point7_14min01_R3D_D3D_Z19_C0_T0.tif,6717.0,Expt2021_006_Set2_HeLaYFP-PP1_Nuf2-CFP_STLC_MG132_RO3306_well2_point7_14min01_R3D_D3D_Z19_C1_T0.tif,4527.048160893171,5986.214294090057,4318.585,5249.2775
277,19_8,5294.875,Expt2021_006_Set2_HeLaYFP-PP1_Nuf2-CFP_STLC_MG132_RO3306_well2_point7_14min01_R3D_D3D_Z19_C0_T0.tif,8476.875,Expt2021_006_Set2_HeLaYFP-PP1_Nuf2-CFP_STLC_MG132_RO3306_well2_point7_14min01_R3D_D3D_Z19_C1_T0.tif,4527.048160893171,5986.214294090057,4318.585,5249.2775
278,19_9,5264.40625,Expt2021_006_Set2_HeLaYFP-PP1_Nuf2-CFP_STLC_MG132_RO3306_well2_point7_14min01_R3D_D3D_Z19_C0_T0.tif,8053.90625,Expt2021_006_Set2_HeLaYFP-PP1_Nuf2-CFP_STLC_MG132_RO3306_well2_point7_14min01_R3D_D3D_Z19_C1_T0.tif,4527.048160893171,5986.214294090057,4318.585,5249.2775
279,19_10,5262.125,Expt2021_006_Set2_HeLaYFP-PP1_Nuf2-CFP_STLC_MG132_RO3306_well2_point7_14min01_R3D_D3D_Z19_C0_T0.tif,8189.375,Expt2021_006_Set2_HeLaYFP-PP1_Nuf2-CFP_STLC_MG132_RO3306_well2_point7_14min01_R3D_D3D_Z19_C1_T0.tif,4527.048160893171,5986.214294090057,4318.585,5249.2775
280,19_11,5239.785714285715,Expt2021_006_Set2_HeLaYFP-PP1_Nuf2-CFP_STLC_MG132_RO3306_well2_point7_14min01_R3D_D3D_Z19_C0_T0.tif,6388.642857142857,Expt2021_006_Set2_HeLaYFP-PP1_Nuf2-CFP_STLC_MG132_RO3306_well2_point7_14min01_R3D_D3D_Z19_C1_T0.tif,4527.048160893171,5986.214294090057,4318.585,5249.2775
281,19_12,5025.625,Expt2021_006_Set2_HeLaYFP-PP1_Nuf2-CFP_STLC_MG132_RO3306_well2_point7_14min01_R3D_D3D_Z19_C0_T0.tif,5844.625,Expt2021_006_Set2_HeLaYFP-PP1_Nuf2-CFP_STLC_MG132_RO3306_well2_point7_14min01_R3D_D3D_Z19_C1_T0.tif,4527.048160893171,5986.214294090057,4318.585,5249.2775
