,fname_green,label,area,eccentricity,perimeter,mean_intensity_green,bg_value_mask,bg_value_channel,fname_red,mean_intensity_red,intensity_ratio
0,Z00_C0_T0.tif,0_1,39.0,0.7217172759744914,20.48528137423857,6249.626410256408,2036.55,,,,
1,Z00_C0_T0.tif,0_2,32.0,0.8143721125851344,19.071067811865476,5812.463749999999,2036.55,,,,
2,Z00_C0_T0.tif,0_3,26.0,0.5440588203494177,15.65685424949238,6710.946923076923,2036.55,,,,
3,Z00_C0_T0.tif,0_4,26.0,0.5440588203494177,15.65685424949238,6045.600769230769,2036.55,,,,
4,Z00_C0_T0.tif,0_5,28.0,0.8396955598131208,15.899494936611665,5456.905714285714,2036.55,,,,
5,Z00_C0_T0.tif,0_6,12.0,0.0,9.65685424949238,5441.120000000001,2036.55,,,,
6,Z00_C0_T0.tif,0_7,12.0,0.0,9.65685424949238,5000.12,2036.55,,,,
7,Z00_C0_T0.tif,0_8,16.0,0.5773502691896258,11.65685424949238,5710.307499999999,2036.55,,,,
8,Z00_C0_T0.tif,0_9,30.0,0.4509717590117594,17.071067811865476,5824.636666666666,2036.55,,,,
9,Z00_C0_T0.tif,0_10,30.0,0.4509717590117594,17.071067811865476,8112.136666666666,2036.55,,,,
10,Z00_C0_T0.tif,0_11,26.0,0.5440588203494177,15.65685424949238,6705.023846153846,2036.55,,,,
11,Z00_C0_T0.tif,0_12,26.0,0.5440588203494177,15.65685424949238,6407.331538461538,2036.55,,,,
12,Z00_C0_T0.tif,0_13,29.0,0.6943207788666131,17.071067811865476,5774.714827586206,2036.55,,,,
13,Z00_C0_T0.tif,0_14,16.0,0.5773502691896258,11.65685424949238,5492.869999999999,2036.55,,,,
14,Z00_C0_T0.tif,0_15,16.0,0.0,11.313708498984761,5328.369999999999,2036.55,,,,
15,Z00_C0_T0.tif,0_16,36.0,0.54390564390978,19.071067811865476,7398.869999999999,2036.55,,,,
16,Z00_C0_T0.tif,0_17,26.0,0.5440588203494177,15.65685424949238,7245.331538461538,2036.55,,,,
17,Z00_C0_T0.tif,0_18,32.0,0.0,17.65685424949238,7882.026249999999,2036.55,,,,
18,Z00_C0_T0.tif,0_19,32.0,0.0,17.65685424949238,7668.807500000001,2036.55,,,,
19,Z01_C0_T0.tif,1_1,36.0,0.5439056439097798,19.071067811865476,7639.228888888891,2036.55,,,,
20,Z01_C0_T0.tif,1_2,32.0,0.8143721125851344,19.071067811865476,5729.99625,2036.55,,,,
21,Z01_C0_T0.tif,1_3,28.0,0.5512332438804064,17.071067811865476,5770.5542857142855,2036.55,,,,
22,Z01_C0_T0.tif,1_4,26.0,0.5440588203494177,15.65685424949238,5117.859230769231,2036.55,,,,
23,Z01_C0_T0.tif,1_5,32.0,0.7191949522280762,18.485281374238568,5624.6525,2036.55,,,,
24,Z01_C0_T0.tif,1_6,34.0,0.777448424821581,16.48528137423857,5136.59,2036.55,,,,
25,Z01_C0_T0.tif,1_7,21.0,0.0,13.65685424949238,4452.06619047619,2036.55,,,,
26,Z01_C0_T0.tif,1_8,21.0,0.0,13.65685424949238,4617.256666666666,2036.55,,,,
27,Z01_C0_T0.tif,1_9,69.0,0.9217989046386474,36.72792206135785,5693.44507246377,2036.55,,,,
28,Z01_C0_T0.tif,1_10,26.0,0.5440588203494177,15.65685424949238,6798.9361538461535,2036.55,,,,
29,Z01_C0_T0.tif,1_11,32.0,0.0,17.65685424949238,6002.4025,2036.55,,,,
30,Z01_C0_T0.tif,1_12,8.0,0.5773502691896258,7.65685424949238,5293.09,2036.55,,,,
31,Z01_C0_T0.tif,1_13,8.0,0.5773502691896258,7.65685424949238,4918.715,2036.55,,,,
32,Z01_C0_T0.tif,1_14,32.0,0.0,17.65685424949238,8168.24625,2036.55,,,,
33,Z01_C0_T0.tif,1_15,32.0,0.0,17.65685424949238,7241.43375,2036.55,,,,
34,Z01_C0_T0.tif,1_16,8.0,0.5773502691896258,7.65685424949238,5516.965,2036.55,,,,
35,Z01_C0_T0.tif,1_17,8.0,0.5773502691896258,7.65685424949238,5044.84,2036.55,,,,
36,Z01_C0_T0.tif,1_18,36.0,0.5439056439097798,19.071067811865476,6430.451111111111,2036.55,,,,
37,Z01_C0_T0.tif,1_19,32.0,0.0,17.65685424949238,7777.68375,2036.55,,,,
38,Z02_C0_T0.tif,2_1,46.0,0.6269615001823099,22.48528137423857,6368.066521739129,2036.55,,,,
39,Z02_C0_T0.tif,2_2,26.0,0.5440588203494177,15.65685424949238,3480.994615384615,2036.55,,,,
40,Z02_C0_T0.tif,2_3,43.0,0.8053117243847554,22.48528137423857,4723.505348837209,2036.55,,,,
41,Z02_C0_T0.tif,2_4,52.0,0.7913834549981034,24.727922061357855,4021.321538461538,2036.55,,,,
42,Z02_C0_T0.tif,2_5,30.0,0.4509717590117594,17.071067811865476,4427.8099999999995,2036.55,,,,
43,Z02_C0_T0.tif,2_6,21.0,0.0,13.65685424949238,3513.157619047619,2036.55,,,,
44,Z02_C0_T0.tif,2_7,40.0,0.7211128762963257,21.071067811865476,5204.81,2036.55,,,,
45,Z02_C0_T0.tif,2_8,57.0,0.7887775705528577,26.727922061357855,4320.408245614035,2036.55,,,,
46,Z02_C0_T0.tif,2_9,30.0,0.4509717590117593,17.071067811865476,3945.976666666667,2036.55,,,,
47,Z02_C0_T0.tif,2_10,33.0,0.8708724021630233,21.31370849898476,3501.382727272727,2036.55,,,,
48,Z02_C0_T0.tif,2_11,32.0,0.0,17.65685424949238,3600.4849999999997,2036.55,,,,
49,Z02_C0_T0.tif,2_12,83.0,0.903449446561298,36.97056274847714,4115.543734939758,2036.55,,,,
50,Z02_C0_T0.tif,2_13,32.0,0.0,17.65685424949238,6646.078750000001,2036.55,,,,
51,Z02_C0_T0.tif,2_14,41.0,0.5511782546095505,20.48528137423857,4349.085609756098,2036.55,,,,
52,Z02_C0_T0.tif,2_15,26.0,0.5440588203494177,15.65685424949238,3820.7638461538454,2036.55,,,,
53,Z02_C0_T0.tif,2_16,25.0,0.5902043986853099,12.485281374238571,3586.0299999999993,2036.55,,,,
54,Z02_C0_T0.tif,2_17,95.0,0.9245675079533525,43.55634918610405,4501.004736842105,2036.55,,,,
55,Z02_C0_T0.tif,2_18,72.0,0.9192934873366645,37.72792206135785,6546.929444444445,2036.55,,,,
56,Z02_C0_T0.tif,2_19,49.0,0.4987507113066781,23.071067811865476,4533.334489795919,2036.55,,,,
57,Z03_C0_T0.tif,3_1,39.0,0.41530014054349734,19.899494936611667,6972.765128205129,2036.55,,,,
58,Z03_C0_T0.tif,3_2,21.0,0.0,13.65685424949238,5602.226666666666,2036.55,,,,
59,Z03_C0_T0.tif,3_3,26.0,0.5440588203494177,15.65685424949238,6128.867692307692,2036.55,,,,
60,Z03_C0_T0.tif,3_4,26.0,0.5440588203494177,15.65685424949238,5452.752307692308,2036.55,,,,
61,Z03_C0_T0.tif,3_5,16.0,0.5773502691896258,11.65685424949238,5851.9974999999995,2036.55,,,,
62,Z03_C0_T0.tif,3_6,32.0,0.8143721125851344,19.071067811865476,6360.6849999999995,2036.55,,,,
63,Z03_C0_T0.tif,3_7,46.0,0.8011032757772122,23.31370849898476,6778.603478260869,2036.55,,,,
64,Z03_C0_T0.tif,3_8,21.0,0.0,13.65685424949238,5303.036190476189,2036.55,,,,
65,Z03_C0_T0.tif,3_9,12.0,0.0,9.65685424949238,5989.559999999999,2036.55,,,,
66,Z03_C0_T0.tif,3_10,16.0,0.5773502691896258,11.65685424949238,5058.2474999999995,2036.55,,,,
67,Z03_C0_T0.tif,3_11,21.0,0.8266825431633266,15.071067811865476,5607.51238095238,2036.55,,,,
68,Z03_C0_T0.tif,3_12,31.0,0.6933752452815365,17.65685424949238,7311.366451612903,2036.55,,,,
69,Z03_C0_T0.tif,3_13,26.0,0.5440588203494177,15.65685424949238,5230.483076923077,2036.55,,,,
70,Z03_C0_T0.tif,3_14,12.0,0.0,9.65685424949238,5804.809999999999,2036.55,,,,
71,Z03_C0_T0.tif,3_15,16.0,0.5773502691896258,11.65685424949238,5176.4349999999995,2036.55,,,,
72,Z03_C0_T0.tif,3_16,32.0,0.0,17.65685424949238,7495.4037499999995,2036.55,,,,
73,Z03_C0_T0.tif,3_17,26.0,0.5440588203494177,15.65685424949238,8770.636923076923,2036.55,,,,
74,Z03_C0_T0.tif,3_18,24.0,0.5849866175853743,15.071067811865476,5433.018333333333,2036.55,,,,
75,Z03_C0_T0.tif,3_19,32.0,0.0,17.65685424949238,7594.622500000001,2036.55,,,,
76,Z04_C0_T0.tif,4_1,35.0,0.5242879597102021,19.071067811865476,6229.0642857142875,2036.55,,,,
77,Z04_C0_T0.tif,4_2,26.0,0.5440588203494177,15.65685424949238,5765.026923076924,2036.55,,,,
78,Z04_C0_T0.tif,4_3,30.0,0.4509717590117594,17.071067811865476,4753.783333333335,2036.55,,,,
79,Z04_C0_T0.tif,4_4,26.0,0.5440588203494177,15.65685424949238,5851.1038461538465,2036.55,,,,
80,Z04_C0_T0.tif,4_5,26.0,0.5440588203494177,15.65685424949238,5292.796153846154,2036.55,,,,
81,Z04_C0_T0.tif,4_6,36.0,0.7761987323164664,19.65685424949238,4935.922222222224,2036.55,,,,
82,Z04_C0_T0.tif,4_7,50.0,0.742844612964648,23.899494936611667,6428.91,2036.55,,,,
83,Z04_C0_T0.tif,4_8,21.0,0.0,13.65685424949238,4643.664285714285,2036.55,,,,
84,Z04_C0_T0.tif,4_9,40.0,0.859825337434843,23.31370849898476,4620.4,2036.55,,,,
85,Z04_C0_T0.tif,4_10,26.0,0.5440588203494177,15.65685424949238,5212.180769230769,2036.55,,,,
86,Z04_C0_T0.tif,4_11,31.0,0.6933752452815365,17.65685424949238,7114.079032258067,2036.55,,,,
87,Z04_C0_T0.tif,4_12,26.0,0.5440588203494177,15.65685424949238,5110.834615384616,2036.55,,,,
88,Z04_C0_T0.tif,4_13,31.0,0.6933752452815365,17.65685424949238,5273.788709677422,2036.55,,,,
89,Z04_C0_T0.tif,4_14,26.0,0.5440588203494177,15.65685424949238,5230.757692307693,2036.55,,,,
90,Z04_C0_T0.tif,4_15,30.0,0.4509717590117594,17.071067811865476,4518.216666666666,2036.55,,,,
91,Z04_C0_T0.tif,4_16,34.0,0.4678596948487089,18.48528137423857,6086.979411764707,2036.55,,,,
92,Z04_C0_T0.tif,4_17,38.0,0.511237358145545,19.65685424949238,6320.634210526318,2036.55,,,,
93,Z04_C0_T0.tif,4_18,19.0,0.5207037318817047,13.071067811865476,4642.423684210526,2036.55,,,,
94,Z04_C0_T0.tif,4_19,26.0,0.5440588203494177,15.65685424949238,5039.911538461538,2036.55,,,,
95,Z04_C0_T0.tif,4_20,12.0,0.0,9.65685424949238,4651.783333333332,2036.55,,,,
96,Z04_C0_T0.tif,4_21,36.0,0.5439056439097798,19.071067811865476,7642.588888888891,2036.55,,,,
97,Z05_C0_T0.tif,5_1,26.0,0.5440588203494177,15.65685424949238,5616.506153846154,2036.55,,,,
98,Z05_C0_T0.tif,5_2,26.0,0.5440588203494177,15.65685424949238,6031.198461538462,2036.55,,,,
99,Z05_C0_T0.tif,5_3,16.0,0.0,11.313708498984761,4729.035,2036.55,,,,
100,Z05_C0_T0.tif,5_4,26.0,0.5440588203494177,15.65685424949238,5513.775384615385,2036.55,,,,
101,Z05_C0_T0.tif,5_5,30.0,0.4509717590117593,17.071067811865476,5286.56,2036.55,,,,
102,Z05_C0_T0.tif,5_6,8.0,0.5773502691896258,7.65685424949238,4739.785,2036.55,,,,
103,Z05_C0_T0.tif,5_7,42.0,0.6137010019836989,21.31370849898476,5967.874285714286,2036.55,,,,
104,Z05_C0_T0.tif,5_8,12.0,0.0,9.65685424949238,5031.910000000001,2036.55,,,,
105,Z05_C0_T0.tif,5_9,40.0,0.859825337434843,23.31370849898476,4539.0599999999995,2036.55,,,,
106,Z05_C0_T0.tif,5_10,26.0,0.5440588203494177,15.65685424949238,6384.890769230769,2036.55,,,,
107,Z05_C0_T0.tif,5_11,21.0,0.0,13.65685424949238,4477.18380952381,2036.55,,,,
108,Z05_C0_T0.tif,5_12,21.0,0.0,13.65685424949238,4686.898095238096,2036.55,,,,
109,Z05_C0_T0.tif,5_13,34.0,0.6277433712160546,18.48528137423857,6293.542352941176,2036.55,,,,
110,Z05_C0_T0.tif,5_14,14.0,0.6292889820590859,11.071067811865474,5135.874285714287,2036.55,,,,
111,Z05_C0_T0.tif,5_15,21.0,0.0,13.65685424949238,4630.469523809525,2036.55,,,,
112,Z05_C0_T0.tif,5_16,30.0,0.4509717590117594,17.071067811865476,7355.693333333334,2036.55,,,,
113,Z05_C0_T0.tif,5_17,30.0,0.4509717590117594,17.071067811865476,7484.26,2036.55,,,,
114,Z05_C0_T0.tif,5_18,30.0,0.4509717590117594,17.071067811865476,5791.126666666667,2036.55,,,,
115,Z05_C0_T0.tif,5_19,12.0,0.0,9.65685424949238,5277.493333333335,2036.55,,,,
116,Z05_C0_T0.tif,5_20,16.0,0.5773502691896258,11.65685424949238,5073.4725,2036.55,,,,
117,Z05_C0_T0.tif,5_21,38.0,0.511237358145545,19.65685424949238,6309.896842105263,2036.55,,,,
118,Z05_C0_T0.tif,5_22,51.0,0.8778198158941477,28.14213562373095,5163.522745098038,2036.55,,,,
119,Z05_C0_T0.tif,5_23,36.0,0.5439056439097799,19.071067811865476,6479.16,2036.55,,,,
120,Z05_C0_T0.tif,5_24,8.0,0.5773502691896258,7.65685424949238,5156.785,2036.55,,,,
121,Z05_C0_T0.tif,5_25,22.0,0.537318610054862,14.48528137423857,5137.341818181819,2036.55,,,,
122,Z06_C0_T0.tif,6_1,12.0,0.0,9.65685424949238,3909.7566666666658,2036.55,,,,
123,Z06_C0_T0.tif,6_2,21.0,0.0,13.65685424949238,4375.197142857142,2036.55,,,,
124,Z06_C0_T0.tif,6_3,16.0,0.5773502691896258,11.65685424949238,4686.715,2036.55,,,,
125,Z06_C0_T0.tif,6_4,8.0,0.5773502691896258,7.65685424949238,4366.715,2036.55,,,,
126,Z06_C0_T0.tif,6_5,37.0,0.6828366201200802,19.899494936611667,4665.394054054053,2036.55,,,,
127,Z06_C0_T0.tif,6_6,8.0,0.5773502691896258,7.65685424949238,4137.465,2036.55,,,,
128,Z06_C0_T0.tif,6_7,39.0,0.6287332803901478,19.899494936611664,5245.750256410256,2036.55,,,,
129,Z06_C0_T0.tif,6_8,28.0,0.6201736729460422,16.48528137423857,4196.411428571429,2036.55,,,,
130,Z06_C0_T0.tif,6_9,28.0,0.7678266437944962,17.899494936611667,4050.5542857142855,2036.55,,,,
131,Z06_C0_T0.tif,6_10,21.0,0.0,13.65685424949238,3946.863809523809,2036.55,,,,
132,Z06_C0_T0.tif,6_11,42.0,0.4606664598958905,21.071067811865476,4548.935238095238,2036.55,,,,
133,Z06_C0_T0.tif,6_12,26.0,0.5440588203494177,15.65685424949238,3356.263076923077,2036.55,,,,
134,Z06_C0_T0.tif,6_13,36.0,0.8223852832461833,21.31370849898476,4516.0344444444445,2036.55,,,,
135,Z06_C0_T0.tif,6_14,16.0,0.5773502691896258,11.65685424949238,3714.2775,2036.55,,,,
136,Z06_C0_T0.tif,6_15,32.0,0.0,17.65685424949238,5232.465,2036.55,,,,
137,Z06_C0_T0.tif,6_16,26.0,0.5440588203494177,15.65685424949238,4728.609230769231,2036.55,,,,
138,Z06_C0_T0.tif,6_17,26.0,0.5440588203494177,15.65685424949238,4815.34,2036.55,,,,
139,Z06_C0_T0.tif,6_18,24.0,0.8111071056538127,15.65685424949238,4634.131666666667,2036.55,,,,
140,Z06_C0_T0.tif,6_19,41.0,0.5511782546095505,20.48528137423857,5584.437560975609,2036.55,,,,
141,Z06_C0_T0.tif,6_20,30.0,0.4509717590117594,17.071067811865476,4687.139999999999,2036.55,,,,
142,Z06_C0_T0.tif,6_21,41.0,0.13491358179982915,20.48528137423857,7305.657073170732,2036.55,,,,
143,Z06_C0_T0.tif,6_22,38.0,0.511237358145545,19.65685424949238,5154.392631578947,2036.55,,,,
144,Z06_C0_T0.tif,6_23,30.0,0.4509717590117594,17.071067811865476,5510.406666666666,2036.55,,,,
145,Z06_C0_T0.tif,6_24,40.0,0.7673462632724394,21.31370849898476,4677.49,2036.55,,,,
146,Z06_C0_T0.tif,6_25,21.0,0.0,13.65685424949238,4475.29238095238,2036.55,,,,
147,Z06_C0_T0.tif,6_26,32.0,0.0,17.65685424949238,6434.93375,2036.55,,,,
148,Z06_C0_T0.tif,6_27,53.0,0.8820494391546253,28.72792206135785,5373.170188679248,2036.55,,,,
149,Z06_C0_T0.tif,6_28,26.0,0.5440588203494177,15.65685424949238,4589.724615384615,2036.55,,,,
150,Z06_C0_T0.tif,6_29,38.0,0.511237358145545,19.65685424949238,5233.866315789473,2036.55,,,,
151,Z06_C0_T0.tif,6_30,54.0,0.8569764014646648,27.31370849898476,4881.062222222222,2036.55,,,,
152,Z07_C0_T0.tif,7_1,21.0,0.0,13.65685424949238,4969.45,2036.55,,,,
153,Z07_C0_T0.tif,7_2,21.0,0.0,13.65685424949238,5215.878571428571,2036.55,,,,
154,Z07_C0_T0.tif,7_3,21.0,0.0,13.65685424949238,4021.1642857142856,2036.55,,,,
155,Z07_C0_T0.tif,7_4,8.0,0.5773502691896258,7.65685424949238,4519.2,2036.55,,,,
156,Z07_C0_T0.tif,7_5,16.0,0.5773502691896258,11.65685424949238,4852.262500000001,2036.55,,,,
157,Z07_C0_T0.tif,7_6,26.0,0.5440588203494177,15.65685424949238,6310.680769230769,2036.55,,,,
158,Z07_C0_T0.tif,7_7,45.0,0.5549213363938115,21.899494936611667,5010.227777777779,2036.55,,,,
159,Z07_C0_T0.tif,7_8,40.0,0.859825337434843,23.31370849898476,4019.425,2036.55,,,,
160,Z07_C0_T0.tif,7_9,16.0,0.5773502691896258,11.65685424949238,5286.575000000001,2036.55,,,,
161,Z07_C0_T0.tif,7_10,16.0,0.5773502691896258,11.65685424949238,4245.7625,2036.55,,,,
162,Z07_C0_T0.tif,7_11,16.0,0.5773502691896258,11.65685424949238,5008.700000000001,2036.55,,,,
163,Z07_C0_T0.tif,7_12,12.0,0.0,9.65685424949238,4998.533333333332,2036.55,,,,
164,Z07_C0_T0.tif,7_13,21.0,0.0,13.65685424949238,4678.973809523809,2036.55,,,,
165,Z07_C0_T0.tif,7_14,26.0,0.5440588203494177,15.65685424949238,4363.834615384615,2036.55,,,,
166,Z07_C0_T0.tif,7_15,26.0,0.5440588203494177,15.65685424949238,5548.873076923077,2036.55,,,,
167,Z07_C0_T0.tif,7_16,30.0,0.4509717590117593,17.071067811865476,4861.583333333335,2036.55,,,,
168,Z07_C0_T0.tif,7_17,32.0,0.0,17.65685424949238,5272.262500000001,2036.55,,,,
169,Z07_C0_T0.tif,7_18,32.0,0.0,17.65685424949238,5176.356250000001,2036.55,,,,
170,Z07_C0_T0.tif,7_19,26.0,0.5440588203494177,15.65685424949238,7097.680769230769,2036.55,,,,
171,Z07_C0_T0.tif,7_20,46.0,0.30684498717405545,22.48528137423857,7490.776086956524,2036.55,,,,
172,Z07_C0_T0.tif,7_21,26.0,0.5440588203494177,15.65685424949238,5684.5653846153855,2036.55,,,,
173,Z07_C0_T0.tif,7_22,30.0,0.4509717590117594,17.071067811865476,4846.216666666668,2036.55,,,,
174,Z07_C0_T0.tif,7_23,38.0,0.6736927545596272,19.899494936611667,4754.2394736842125,2036.55,,,,
175,Z07_C0_T0.tif,7_24,24.0,0.5849866175853743,15.071067811865476,4600.325,2036.55,,,,
176,Z07_C0_T0.tif,7_25,36.0,0.5439056439097799,19.071067811865476,5407.172222222224,2036.55,,,,
177,Z07_C0_T0.tif,7_26,51.0,0.8513757486654105,28.14213562373095,5180.018627450981,2036.55,,,,
178,Z07_C0_T0.tif,7_27,24.0,0.5849866175853743,15.071067811865476,4680.95,2036.55,,,,
179,Z07_C0_T0.tif,7_28,34.0,0.6277433712160546,18.48528137423857,5300.332352941178,2036.55,,,,
180,Z07_C0_T0.tif,7_29,48.0,0.8829432988280732,23.899494936611667,4967.116666666667,2036.55,,,,
181,Z08_C0_T0.tif,8_1,8.0,0.5773502691896258,7.65685424949238,4614.82,2036.55,,,,
182,Z08_C0_T0.tif,8_2,24.0,0.5849866175853743,15.071067811865476,5825.82,2036.55,,,,
183,Z08_C0_T0.tif,8_3,5.0,0.0,5.656854249492381,4461.17,2036.55,,,,
184,Z08_C0_T0.tif,8_4,25.0,0.4629100498862759,16.485281374238568,5187.09,2036.55,,,,
185,Z08_C0_T0.tif,8_5,21.0,0.0,13.65685424949238,5572.808095238097,2036.55,,,,
186,Z08_C0_T0.tif,8_6,21.0,0.0,13.65685424949238,4065.6176190476203,2036.55,,,,
187,Z08_C0_T0.tif,8_7,32.0,0.0,17.65685424949238,4943.5075,2036.55,,,,
188,Z08_C0_T0.tif,8_8,37.0,0.6828366201200802,19.899494936611667,4732.678108108109,2036.55,,,,
189,Z08_C0_T0.tif,8_9,38.0,0.8026629577746287,21.31370849898476,4808.227894736843,2036.55,,,,
190,Z08_C0_T0.tif,8_10,12.0,0.0,9.65685424949238,5691.236666666667,2036.55,,,,
191,Z08_C0_T0.tif,8_11,34.0,0.8623862675079814,20.727922061357855,4406.628823529412,2036.55,,,,
192,Z08_C0_T0.tif,8_12,33.0,0.7917419033628079,19.071067811865476,4990.509393939394,2036.55,,,,
193,Z08_C0_T0.tif,8_13,32.0,0.0,17.65685424949238,5208.60125,2036.55,,,,
194,Z08_C0_T0.tif,8_14,26.0,0.5440588203494177,15.65685424949238,5689.877692307693,2036.55,,,,
195,Z08_C0_T0.tif,8_15,41.0,0.5511782546095505,20.48528137423857,5997.911463414634,2036.55,,,,
196,Z08_C0_T0.tif,8_16,24.0,0.7082885223008102,15.899494936611665,4531.528333333333,2036.55,,,,
197,Z08_C0_T0.tif,8_17,14.0,0.629288982059086,11.071067811865474,4806.141428571428,2036.55,,,,
198,Z08_C0_T0.tif,8_18,36.0,0.5439056439097801,19.071067811865476,6434.764444444445,2036.55,,,,
199,Z08_C0_T0.tif,8_19,56.0,0.8333062153063266,21.899494936611667,6944.677142857144,2036.55,,,,
200,Z08_C0_T0.tif,8_20,21.0,0.0,13.65685424949238,4205.712857142858,2036.55,,,,
201,Z08_C0_T0.tif,8_21,16.0,0.5773502691896258,11.65685424949238,4395.32,2036.55,,,,
202,Z08_C0_T0.tif,8_22,32.0,0.0,17.65685424949238,5781.445,2036.55,,,,
203,Z08_C0_T0.tif,8_23,26.0,0.5440588203494177,15.65685424949238,4902.493076923077,2036.55,,,,
204,Z08_C0_T0.tif,8_24,47.0,0.5875078068196092,22.48528137423857,5388.016808510639,2036.55,,,,
205,Z08_C0_T0.tif,8_25,52.0,0.9127480931131982,28.72792206135785,4652.416153846154,2036.55,,,,
206,Z08_C0_T0.tif,8_26,54.0,0.8831968789613528,28.72792206135785,6315.347777777778,2036.55,,,,
207,Z08_C0_T0.tif,8_27,39.0,0.7217172759744914,20.48528137423857,5408.416153846155,2036.55,,,,
208,Z08_C0_T0.tif,8_28,21.0,0.0,13.65685424949238,4625.712857142858,2036.55,,,,
209,Z08_C0_T0.tif,8_29,61.0,0.7533650118000109,27.31370849898476,5842.242131147541,2036.55,,,,
210,Z09_C0_T0.tif,9_1,54.0,0.8352873356218838,27.31370849898476,4480.772592592592,2036.55,,,,
211,Z09_C0_T0.tif,9_2,41.0,0.828517156108491,21.65685424949238,4702.4239024390245,2036.55,,,,
212,Z09_C0_T0.tif,9_3,44.0,0.9153187100273789,27.31370849898476,3427.020909090909,2036.55,,,,
213,Z09_C0_T0.tif,9_4,32.0,0.0,17.65685424949238,4632.39875,2036.55,,,,
214,Z09_C0_T0.tif,9_5,32.0,0.0,17.65685424949238,4605.08625,2036.55,,,,
215,Z09_C0_T0.tif,9_6,35.0,0.6028356776063443,19.071067811865476,4713.722857142857,2036.55,,,,
216,Z09_C0_T0.tif,9_7,40.0,0.7868362110839227,17.31370849898476,4362.455,2036.55,,,,
217,Z09_C0_T0.tif,9_8,16.0,0.5773502691896258,11.65685424949238,3413.6800000000003,2036.55,,,,
218,Z09_C0_T0.tif,9_9,51.0,0.8087543818164492,25.31370849898476,3909.885882352941,2036.55,,,,
219,Z09_C0_T0.tif,9_10,41.0,0.828517156108491,21.65685424949238,4887.301951219512,2036.55,,,,
220,Z09_C0_T0.tif,9_11,8.0,0.5773502691896258,7.65685424949238,3711.8050000000003,2036.55,,,,
221,Z09_C0_T0.tif,9_12,38.0,0.511237358145545,19.65685424949238,4459.679999999999,2036.55,,,,
222,Z09_C0_T0.tif,9_13,41.0,0.8428061887175053,23.31370849898476,4189.204390243903,2036.55,,,,
223,Z09_C0_T0.tif,9_14,54.0,0.8261319373887995,27.31370849898476,6325.828148148147,2036.55,,,,
224,Z09_C0_T0.tif,9_15,47.0,0.7572292314315325,23.071067811865476,4579.243829787233,2036.55,,,,
225,Z09_C0_T0.tif,9_16,16.0,0.5773502691896258,11.65685424949238,3580.3675000000003,2036.55,,,,
226,Z09_C0_T0.tif,9_17,49.0,0.6725478064551434,23.899494936611664,5668.363673469388,2036.55,,,,
227,Z09_C0_T0.tif,9_18,77.0,0.6876901941947781,30.727922061357855,6280.128051948051,2036.55,,,,
228,Z09_C0_T0.tif,9_19,26.0,0.5440588203494177,15.65685424949238,4083.9492307692303,2036.55,,,,
229,Z09_C0_T0.tif,9_20,36.0,0.5439056439097801,19.071067811865476,3965.5411111111107,2036.55,,,,
230,Z09_C0_T0.tif,9_21,39.0,0.4153001405434975,19.899494936611667,6192.9748717948705,2036.55,,,,
231,Z09_C0_T0.tif,9_22,34.0,0.5082559240684966,18.48528137423857,4831.356470588235,2036.55,,,,
232,Z09_C0_T0.tif,9_23,62.0,0.6456063284603876,27.31370849898476,4911.373548387096,2036.55,,,,
233,Z09_C0_T0.tif,9_24,63.0,0.875302656520562,31.556349186104043,4371.3704761904755,2036.55,,,,
234,Z09_C0_T0.tif,9_25,68.0,0.8681732199161909,30.485281374238568,6534.6947058823525,2036.55,,,,
235,Z09_C0_T0.tif,9_26,49.0,0.556487068359829,23.071067811865476,5723.2616326530615,2036.55,,,,
236,Z09_C0_T0.tif,9_27,79.0,0.7843306049608247,31.31370849898476,5674.939493670885,2036.55,,,,
237,Z10_C0_T0.tif,10_1,43.0,0.8202328653374465,23.31370849898476,6170.279534883722,2036.55,,,,
238,Z10_C0_T0.tif,10_2,32.0,0.8143721125851344,19.071067811865476,5497.608749999999,2036.55,,,,
239,Z10_C0_T0.tif,10_3,21.0,0.0,13.65685424949238,6780.282857142859,2036.55,,,,
240,Z10_C0_T0.tif,10_4,16.0,0.5773502691896258,11.65685424949238,5016.702499999999,2036.55,,,,
241,Z10_C0_T0.tif,10_5,26.0,0.5440588203494177,15.65685424949238,4942.678461538461,2036.55,,,,
242,Z10_C0_T0.tif,10_6,20.0,0.7302967433402214,13.65685424949238,6004.839999999999,2036.55,,,,
243,Z10_C0_T0.tif,10_7,26.0,0.5440588203494177,15.65685424949238,4876.216923076923,2036.55,,,,
244,Z10_C0_T0.tif,10_8,10.0,0.6164414002968978,9.071067811865476,5628.039999999999,2036.55,,,,
245,Z10_C0_T0.tif,10_9,24.0,0.5849866175853743,15.071067811865476,4790.389999999999,2036.55,,,,
246,Z10_C0_T0.tif,10_10,31.0,0.6933752452815365,17.65685424949238,5568.430322580648,2036.55,,,,
247,Z10_C0_T0.tif,10_11,26.0,0.5440588203494177,15.65685424949238,6087.0630769230775,2036.55,,,,
248,Z10_C0_T0.tif,10_12,33.0,0.8829789580418236,20.485281374238568,4926.230909090909,2036.55,,,,
249,Z10_C0_T0.tif,10_13,55.0,0.8696707572268126,27.899494936611664,6948.158181818183,2036.55,,,,
250,Z10_C0_T0.tif,10_14,5.0,0.0,5.656854249492381,5273.9400000000005,2036.55,,,,
251,Z10_C0_T0.tif,10_15,25.0,0.5078772048026179,15.899494936611664,5191.06,2036.55,,,,
252,Z10_C0_T0.tif,10_16,26.0,0.5440588203494177,15.65685424949238,8292.755384615386,2036.55,,,,
253,Z10_C0_T0.tif,10_17,62.0,0.544468863727326,26.48528137423857,7913.47870967742,2036.55,,,,
254,Z10_C0_T0.tif,10_18,16.0,0.5773502691896258,11.65685424949238,5997.139999999999,2036.55,,,,
255,Z10_C0_T0.tif,10_19,32.0,0.5344883724417774,17.899494936611667,5462.514999999999,2036.55,,,,
256,Z10_C0_T0.tif,10_20,30.0,0.4509717590117593,17.071067811865476,7586.040000000003,2036.55,,,,
257,Z10_C0_T0.tif,10_21,26.0,0.5440588203494177,15.65685424949238,5536.486153846155,2036.55,,,,
258,Z10_C0_T0.tif,10_22,38.0,0.4790080821576625,19.899494936611667,5744.245263157896,2036.55,,,,
259,Z10_C0_T0.tif,10_23,38.0,0.511237358145545,19.65685424949238,7259.587368421055,2036.55,,,,
260,Z10_C0_T0.tif,10_24,67.0,0.8703508702016617,30.48528137423857,7294.632537313433,2036.55,,,,
261,Z10_C0_T0.tif,10_25,41.0,0.6915587314774512,21.071067811865476,6557.84731707317,2036.55,,,,
262,Z10_C0_T0.tif,10_26,57.0,0.6308899787318957,25.071067811865476,7269.6838596491225,2036.55,,,,
263,Z11_C0_T0.tif,11_1,21.0,0.0,13.65685424949238,4695.912380952382,2036.55,,,,
264,Z11_C0_T0.tif,11_2,43.0,0.8202328653374467,23.31370849898476,5826.657674418603,2036.55,,,,
265,Z11_C0_T0.tif,11_3,29.0,0.6943207788666131,17.071067811865476,5699.925517241377,2036.55,,,,
266,Z11_C0_T0.tif,11_4,24.0,0.5849866175853743,15.071067811865476,5511.834999999999,2036.55,,,,
267,Z11_C0_T0.tif,11_5,12.0,0.0,9.65685424949238,4199.626666666666,2036.55,,,,
268,Z11_C0_T0.tif,11_6,12.0,0.0,9.65685424949238,5016.71,2036.55,,,,
269,Z11_C0_T0.tif,11_7,16.0,0.5773502691896258,11.65685424949238,4496.7725,2036.55,,,,
270,Z11_C0_T0.tif,11_8,19.0,0.5207037318817047,13.071067811865476,5015.17052631579,2036.55,,,,
271,Z11_C0_T0.tif,11_9,21.0,0.0,13.65685424949238,5345.817142857143,2036.55,,,,
272,Z11_C0_T0.tif,11_10,26.0,0.5440588203494177,15.65685424949238,5384.075384615383,2036.55,,,,
273,Z11_C0_T0.tif,11_11,21.0,0.0,13.65685424949238,5727.150476190476,2036.55,,,,
274,Z11_C0_T0.tif,11_12,60.0,0.8505844806378361,28.485281374238568,6858.160000000001,2036.55,,,,
275,Z11_C0_T0.tif,11_13,12.0,0.0,9.65685424949238,4600.71,2036.55,,,,
276,Z11_C0_T0.tif,11_14,24.0,0.5849866175853743,15.071067811865476,5822.459999999999,2036.55,,,,
277,Z11_C0_T0.tif,11_15,26.0,0.5440588203494177,15.65685424949238,4972.498461538462,2036.55,,,,
278,Z11_C0_T0.tif,11_16,48.0,0.7407964398133979,23.31370849898476,6210.876666666666,2036.55,,,,
279,Z11_C0_T0.tif,11_17,57.0,0.7111921975422404,25.31370849898476,8958.59157894737,2036.55,,,,
280,Z11_C0_T0.tif,11_18,30.0,0.4509717590117594,17.071067811865476,4615.86,2036.55,,,,
281,Z11_C0_T0.tif,11_19,32.0,0.0,17.65685424949238,6159.397499999999,2036.55,,,,
282,Z11_C0_T0.tif,11_20,30.0,0.4509717590117594,17.071067811865476,7629.693333333331,2036.55,,,,
283,Z11_C0_T0.tif,11_21,30.0,0.4509717590117594,17.071067811865476,4949.793333333331,2036.55,,,,
284,Z11_C0_T0.tif,11_22,21.0,0.0,13.65685424949238,5645.150476190477,2036.55,,,,
285,Z11_C0_T0.tif,11_23,65.0,0.8859604580527347,30.485281374238568,6960.498461538461,2036.55,,,,
286,Z11_C0_T0.tif,11_24,38.0,0.511237358145545,19.65685424949238,7969.881052631582,2036.55,,,,
287,Z11_C0_T0.tif,11_25,49.0,0.556487068359829,23.071067811865476,6542.694693877551,2036.55,,,,
288,Z11_C0_T0.tif,11_26,60.0,0.7376065463336657,26.48528137423857,7853.410000000002,2036.55,,,,
289,Z12_C0_T0.tif,12_1,26.0,0.5440588203494177,15.65685424949238,5511.413846153847,2036.55,,,,
290,Z12_C0_T0.tif,12_2,26.0,0.5440588203494177,15.65685424949238,5331.567692307693,2036.55,,,,
291,Z12_C0_T0.tif,12_3,21.0,0.0,13.65685424949238,4876.879047619046,2036.55,,,,
292,Z12_C0_T0.tif,12_4,21.0,0.0,13.65685424949238,4882.879047619046,2036.55,,,,
293,Z12_C0_T0.tif,12_5,16.0,0.5773502691896258,11.65685424949238,4707.0725,2036.55,,,,
294,Z12_C0_T0.tif,12_6,21.0,0.0,13.65685424949238,5260.307619047618,2036.55,,,,
295,Z12_C0_T0.tif,12_7,16.0,0.5773502691896258,11.65685424949238,5733.5725,2036.55,,,,
296,Z12_C0_T0.tif,12_8,21.0,0.0,13.65685424949238,6039.974285714285,2036.55,,,,
297,Z12_C0_T0.tif,12_9,53.0,0.8716365467739868,27.31370849898476,6493.127924528303,2036.55,,,,
298,Z12_C0_T0.tif,12_10,21.0,0.0,13.65685424949238,6337.164761904762,2036.55,,,,
299,Z12_C0_T0.tif,12_11,16.0,0.5773502691896258,11.65685424949238,5776.9475,2036.55,,,,
300,Z12_C0_T0.tif,12_12,26.0,0.5440588203494177,15.65685424949238,5971.298461538462,2036.55,,,,
301,Z12_C0_T0.tif,12_13,12.0,0.0,9.65685424949238,4932.343333333334,2036.55,,,,
302,Z12_C0_T0.tif,12_14,46.0,0.8425812874898833,22.52081528017131,6081.93391304348,2036.55,,,,
303,Z12_C0_T0.tif,12_15,55.0,0.7353779308386655,25.31370849898476,9023.169090909092,2036.55,,,,
304,Z12_C0_T0.tif,12_16,26.0,0.5440588203494177,15.65685424949238,6780.529230769231,2036.55,,,,
305,Z12_C0_T0.tif,12_17,21.0,0.0,13.65685424949238,4797.021904761904,2036.55,,,,
306,Z12_C0_T0.tif,12_18,35.0,0.5242879597102021,19.071067811865476,7367.9171428571435,2036.55,,,,
307,Z12_C0_T0.tif,12_19,58.0,0.8945311305183856,32.89949493661166,6902.277241379312,2036.55,,,,
308,Z12_C0_T0.tif,12_20,8.0,0.5773502691896258,7.65685424949238,4763.76,2036.55,,,,
309,Z12_C0_T0.tif,12_21,34.0,0.5082559240684966,18.48528137423857,8598.84823529412,2036.55,,,,
310,Z12_C0_T0.tif,12_22,55.0,0.8706742761052525,27.899494936611664,7687.714545454547,2036.55,,,,
311,Z12_C0_T0.tif,12_23,50.0,0.5700134417690371,23.31370849898476,6398.460000000001,2036.55,,,,
312,Z12_C0_T0.tif,12_24,62.0,0.8146499545222025,27.899494936611664,7492.77612903226,2036.55,,,,
313,Z13_C0_T0.tif,13_1,16.0,0.5773502691896258,11.65685424949238,7527.59,2036.55,,,,
314,Z13_C0_T0.tif,13_2,12.0,0.0,9.65685424949238,9637.839999999998,2036.55,,,,
315,Z13_C0_T0.tif,13_3,16.0,0.5773502691896258,11.65685424949238,10801.09,2036.55,,,,
316,Z13_C0_T0.tif,13_4,16.0,0.5773502691896258,11.65685424949238,9503.6525,2036.55,,,,
317,Z13_C0_T0.tif,13_5,21.0,0.0,13.65685424949238,8424.554285714285,2036.55,,,,
318,Z13_C0_T0.tif,13_6,12.0,0.0,9.65685424949238,10978.006666666666,2036.55,,,,
319,Z13_C0_T0.tif,13_7,26.0,0.5440588203494177,15.65685424949238,8497.647692307692,2036.55,,,,
320,Z13_C0_T0.tif,13_8,35.0,0.6028356776063443,19.071067811865476,10811.725714285716,2036.55,,,,
321,Z13_C0_T0.tif,13_9,12.0,0.0,9.65685424949238,12608.173333333332,2036.55,,,,
322,Z13_C0_T0.tif,13_10,8.0,0.5773502691896258,7.65685424949238,8763.09,2036.55,,,,
323,Z13_C0_T0.tif,13_11,21.0,0.0,13.65685424949238,9760.554285714285,2036.55,,,,
324,Z13_C0_T0.tif,13_12,12.0,0.0,9.65685424949238,9220.006666666666,2036.55,,,,
325,Z13_C0_T0.tif,13_13,26.0,0.5440588203494177,15.65685424949238,9754.10923076923,2036.55,,,,
326,Z13_C0_T0.tif,13_14,12.0,0.0,9.65685424949238,9879.006666666666,2036.55,,,,
327,Z13_C0_T0.tif,13_15,31.0,0.6933752452815365,17.65685424949238,10614.291612903233,2036.55,,,,
328,Z13_C0_T0.tif,13_16,35.0,0.9222853577386745,22.485281374238568,9525.21142857143,2036.55,,,,
329,Z13_C0_T0.tif,13_17,29.0,0.6943207788666134,17.071067811865476,9233.874482758622,2036.55,,,,
330,Z14_C0_T0.tif,14_1,21.0,0.0,13.65685424949238,8041.722380952378,2036.55,,,,
331,Z14_C0_T0.tif,14_2,16.0,0.5773502691896258,11.65685424949238,8977.9575,2036.55,,,,
332,Z14_C0_T0.tif,14_3,21.0,0.0,13.65685424949238,8687.531904761903,2036.55,,,,
333,Z14_C0_T0.tif,14_4,16.0,0.5773502691896258,11.65685424949238,8433.0825,2036.55,,,,
334,Z14_C0_T0.tif,14_5,21.0,0.0,13.65685424949238,7876.389047619045,2036.55,,,,
335,Z14_C0_T0.tif,14_6,12.0,0.0,9.65685424949238,6234.270000000001,2036.55,,,,
336,Z14_C0_T0.tif,14_7,19.0,0.5207037318817046,13.071067811865476,9316.664736842104,2036.55,,,,
337,Z14_C0_T0.tif,14_8,26.0,0.5440588203494177,15.65685424949238,8729.231538461538,2036.55,,,,
338,Z14_C0_T0.tif,14_9,51.0,0.915431532964662,28.727922061357855,8660.691568627453,2036.55,,,,
339,Z14_C0_T0.tif,14_10,26.0,0.5440588203494177,15.65685424949238,7038.53923076923,2036.55,,,,
340,Z14_C0_T0.tif,14_11,16.0,0.5773502691896258,11.65685424949238,7392.4575,2036.55,,,,
341,Z14_C0_T0.tif,14_12,21.0,0.0,13.65685424949238,10223.10333333333,2036.55,,,,
342,Z14_C0_T0.tif,14_13,26.0,0.5440588203494177,15.65685424949238,9214.962307692305,2036.55,,,,
343,Z14_C0_T0.tif,14_14,21.0,0.0,13.65685424949238,6838.008095238096,2036.55,,,,
344,Z14_C0_T0.tif,14_15,8.0,0.5773502691896258,7.65685424949238,7763.52,2036.55,,,,
345,Z14_C0_T0.tif,14_16,34.0,0.5082559240684967,18.48528137423857,11092.152352941179,2036.55,,,,
346,Z14_C0_T0.tif,14_17,22.0,0.7984628652451923,15.899494936611665,7697.406363636363,2036.55,,,,
347,Z14_C0_T0.tif,14_18,19.0,0.5207037318817047,13.071067811865476,7834.875263157894,2036.55,,,,
348,Z15_C0_T0.tif,15_1,22.0,0.9026277726791611,17.31370849898476,5881.940000000001,2036.55,,,,
349,Z15_C0_T0.tif,15_2,8.0,0.5773502691896258,7.65685424949238,6405.3150000000005,2036.55,,,,
350,Z15_C0_T0.tif,15_3,8.0,0.5773502691896258,7.65685424949238,7176.5650000000005,2036.55,,,,
351,Z15_C0_T0.tif,15_4,12.0,0.0,9.65685424949238,6349.523333333334,2036.55,,,,
352,Z15_C0_T0.tif,15_5,12.0,0.0,9.65685424949238,7545.8566666666675,2036.55,,,,
353,Z15_C0_T0.tif,15_6,8.0,0.5773502691896258,7.65685424949238,7871.1900000000005,2036.55,,,,
354,Z15_C0_T0.tif,15_7,37.0,0.8824569343798785,23.31370849898476,7366.953513513514,2036.55,,,,
355,Z15_C0_T0.tif,15_8,21.0,0.0,13.65685424949238,6236.916190476191,2036.55,,,,
356,Z15_C0_T0.tif,15_9,10.0,0.6164414002968978,9.071067811865476,7441.9400000000005,2036.55,,,,
357,Z15_C0_T0.tif,15_10,13.0,0.7060180864974626,8.485281374238571,5332.516923076924,2036.55,,,,
358,Z15_C0_T0.tif,15_11,16.0,0.5773502691896258,11.65685424949238,7159.2525000000005,2036.55,,,,
359,Z15_C0_T0.tif,15_12,21.0,0.0,13.65685424949238,7490.725714285714,2036.55,,,,
360,Z15_C0_T0.tif,15_13,32.0,0.0,17.65685424949238,7033.78375,2036.55,,,,
361,Z15_C0_T0.tif,15_14,38.0,0.511237358145545,19.65685424949238,8575.571578947367,2036.55,,,,
362,Z15_C0_T0.tif,15_15,26.0,0.5440588203494177,15.65685424949238,6929.593846153846,2036.55,,,,
363,Z15_C0_T0.tif,15_16,21.0,0.0,13.65685424949238,8570.439999999999,2036.55,,,,
364,Z15_C0_T0.tif,15_17,21.0,0.0,13.65685424949238,6871.916190476191,2036.55,,,,
365,Z15_C0_T0.tif,15_18,21.0,0.0,13.65685424949238,8241.392380952382,2036.55,,,,
366,Z15_C0_T0.tif,15_19,26.0,0.5440588203494177,15.65685424949238,6812.170769230769,2036.55,,,,
367,Z15_C0_T0.tif,15_20,30.0,0.9028857349851787,21.31370849898476,6758.906666666667,2036.55,,,,
368,Z15_C0_T0.tif,15_21,12.0,0.0,9.65685424949238,8731.273333333334,2036.55,,,,
369,Z15_C0_T0.tif,15_22,21.0,0.0,13.65685424949238,6916.4400000000005,2036.55,,,,
370,Z15_C0_T0.tif,15_23,32.0,0.0,17.65685424949238,11449.627500000002,2036.55,,,,
371,Z15_C0_T0.tif,15_24,12.0,0.0,9.65685424949238,9064.94,2036.55,,,,
372,Z15_C0_T0.tif,15_25,16.0,0.5773502691896258,11.65685424949238,7359.3775000000005,2036.55,,,,
373,Z16_C0_T0.tif,16_1,24.0,0.8831760866327847,17.31370849898476,5905.98,2036.55,,,,
374,Z16_C0_T0.tif,16_2,8.0,0.5773502691896258,7.65685424949238,5925.355,2036.55,,,,
375,Z16_C0_T0.tif,16_3,12.0,0.0,9.65685424949238,6456.479999999999,2036.55,,,,
376,Z16_C0_T0.tif,16_4,8.0,0.5773502691896258,7.65685424949238,6916.98,2036.55,,,,
377,Z16_C0_T0.tif,16_5,8.0,0.5773502691896258,7.65685424949238,6606.23,2036.55,,,,
378,Z16_C0_T0.tif,16_6,16.0,0.5773502691896258,11.65685424949238,6158.355,2036.55,,,,
379,Z16_C0_T0.tif,16_7,21.0,0.0,13.65685424949238,5596.551428571427,2036.55,,,,
380,Z16_C0_T0.tif,16_8,28.0,0.8752928459307583,19.31370849898476,6667.408571428573,2036.55,,,,
381,Z16_C0_T0.tif,16_9,21.0,0.0,13.65685424949238,5865.503809523808,2036.55,,,,
382,Z16_C0_T0.tif,16_10,21.0,0.0,13.65685424949238,6529.98,2036.55,,,,
383,Z16_C0_T0.tif,16_11,21.0,0.0,13.65685424949238,6913.980000000002,2036.55,,,,
384,Z16_C0_T0.tif,16_12,20.0,0.6376509859489177,11.899494936611665,7038.4800000000005,2036.55,,,,
385,Z16_C0_T0.tif,16_13,16.0,0.0,11.313708498984761,6486.605,2036.55,,,,
386,Z16_C0_T0.tif,16_14,12.0,0.0,9.65685424949238,6817.146666666665,2036.55,,,,
387,Z16_C0_T0.tif,16_15,19.0,0.5207037318817047,13.071067811865476,7009.55894736842,2036.55,,,,
388,Z16_C0_T0.tif,16_16,34.0,0.4678596948487089,18.48528137423857,8066.097647058822,2036.55,,,,
389,Z16_C0_T0.tif,16_17,21.0,0.0,13.65685424949238,7822.741904761907,2036.55,,,,
390,Z16_C0_T0.tif,16_18,21.0,0.0,13.65685424949238,7232.932380952383,2036.55,,,,
391,Z16_C0_T0.tif,16_19,21.0,0.0,13.65685424949238,7754.59904761905,2036.55,,,,
392,Z16_C0_T0.tif,16_20,21.0,0.0,13.65685424949238,7147.694285714288,2036.55,,,,
393,Z16_C0_T0.tif,16_21,43.0,0.8459361291556716,23.31370849898476,7770.677674418603,2036.55,,,,
394,Z16_C0_T0.tif,16_22,21.0,0.0,13.65685424949238,8558.265714285717,2036.55,,,,
395,Z16_C0_T0.tif,16_23,32.0,0.0,17.65685424949238,8456.13625,2036.55,,,,
396,Z16_C0_T0.tif,16_24,26.0,0.5440588203494177,15.65685424949238,6385.056923076923,2036.55,,,,
397,Z16_C0_T0.tif,16_25,25.0,0.7990884318633741,16.48528137423857,6956.82,2036.55,,,,
398,Z17_C0_T0.tif,17_1,34.0,0.7592792544063642,20.52081528017131,4023.074117647059,2036.55,,,,
399,Z17_C0_T0.tif,17_2,8.0,0.5773502691896258,7.65685424949238,4181.905000000001,2036.55,,,,
400,Z17_C0_T0.tif,17_3,21.0,0.0,13.65685424949238,4923.732380952381,2036.55,,,,
401,Z17_C0_T0.tif,17_4,19.0,0.5207037318817047,13.071067811865476,4298.411578947369,2036.55,,,,
402,Z17_C0_T0.tif,17_5,38.0,0.8529595260660072,21.899494936611664,4331.332631578948,2036.55,,,,
403,Z17_C0_T0.tif,17_6,20.0,0.7302967433402214,13.65685424949238,3903.6800000000003,2036.55,,,,
404,Z17_C0_T0.tif,17_7,28.0,0.1904761904761901,16.48528137423857,4179.458571428571,2036.55,,,,
405,Z17_C0_T0.tif,17_8,26.0,0.5440588203494177,15.65685424949238,4272.203076923077,2036.55,,,,
406,Z17_C0_T0.tif,17_9,44.0,0.8204658080806242,20.48528137423857,4856.53,2036.55,,,,
407,Z17_C0_T0.tif,17_10,28.0,0.7338539565650274,17.071067811865476,3924.6014285714286,2036.55,,,,
408,Z17_C0_T0.tif,17_11,89.0,0.762465214828925,45.21320343559643,4294.521573033708,2036.55,,,,
409,Z17_C0_T0.tif,17_12,67.0,0.7259752313580142,28.142135623730947,4647.8994029850755,2036.55,,,,
410,Z17_C0_T0.tif,17_13,16.0,0.8696263565463043,12.828427124746192,4303.092500000001,2036.55,,,,
411,Z17_C0_T0.tif,17_14,36.0,0.5439056439097799,19.071067811865476,5594.557777777778,2036.55,,,,
412,Z17_C0_T0.tif,17_15,48.0,0.767922701861374,23.31370849898476,5110.988333333334,2036.55,,,,
413,Z17_C0_T0.tif,17_16,26.0,0.5440588203494177,15.65685424949238,5134.126153846155,2036.55,,,,
414,Z17_C0_T0.tif,17_17,117.0,0.927439470247076,51.21320343559643,5755.942393162394,2036.55,,,,
415,Z17_C0_T0.tif,17_18,45.0,0.5596540302118516,21.899494936611667,4331.135555555556,2036.55,,,,
416,Z17_C0_T0.tif,17_19,30.0,0.4509717590117593,17.071067811865476,4488.246666666668,2036.55,,,,
417,Z17_C0_T0.tif,17_20,30.0,0.4509717590117594,17.071067811865476,6096.346666666666,2036.55,,,,
418,Z17_C0_T0.tif,17_21,32.0,0.0,17.65685424949238,5299.280000000001,2036.55,,,,
419,Z17_C0_T0.tif,17_22,54.0,0.8119307931958911,25.899494936611664,6267.983703703707,2036.55,,,,
420,Z17_C0_T0.tif,17_23,30.0,0.4509717590117594,17.071067811865476,5686.946666666667,2036.55,,,,
421,Z17_C0_T0.tif,17_24,92.0,0.851761844766274,35.55634918610404,5102.008260869567,2036.55,,,,
422,Z17_C0_T0.tif,17_25,52.0,0.3789511595670073,23.899494936611664,5442.491538461541,2036.55,,,,
423,Z17_C0_T0.tif,17_26,31.0,0.6933752452815365,17.65685424949238,5219.521935483871,2036.55,,,,
424,Z17_C0_T0.tif,17_27,16.0,0.5773502691896258,11.65685424949238,4897.155000000001,2036.55,,,,
425,Z17_C0_T0.tif,17_28,12.0,0.0,9.65685424949238,4466.113333333334,2036.55,,,,
426,Z18_C0_T0.tif,18_1,10.0,0.6164414002968978,9.071067811865476,4725.660000000001,2036.55,,,,
427,Z18_C0_T0.tif,18_2,10.0,0.6164414002968978,9.071067811865476,4778.960000000001,2036.55,,,,
428,Z18_C0_T0.tif,18_3,24.0,0.5849866175853744,15.071067811865476,4821.943333333334,2036.55,,,,
429,Z18_C0_T0.tif,18_4,21.0,0.0,13.65685424949238,4289.121904761905,2036.55,,,,
430,Z18_C0_T0.tif,18_5,16.0,0.5773502691896258,11.65685424949238,4318.985000000001,2036.55,,,,
431,Z18_C0_T0.tif,18_6,16.0,0.5773502691896258,11.65685424949238,4727.735000000001,2036.55,,,,
432,Z18_C0_T0.tif,18_7,16.0,0.5773502691896258,11.65685424949238,4413.422500000001,2036.55,,,,
433,Z18_C0_T0.tif,18_8,29.0,0.8318687724918054,19.31370849898476,5611.256551724136,2036.55,,,,
434,Z18_C0_T0.tif,18_9,38.0,0.712399574667691,20.48528137423857,4137.491578947367,2036.55,,,,
435,Z18_C0_T0.tif,18_10,56.0,0.9191892011952145,32.142135623730944,5002.181428571429,2036.55,,,,
436,Z18_C0_T0.tif,18_11,61.0,0.7205709169532606,26.72792206135785,5372.294426229508,2036.55,,,,
437,Z18_C0_T0.tif,18_12,13.0,0.8064425896179158,10.82842712474619,5038.59076923077,2036.55,,,,
438,Z18_C0_T0.tif,18_13,29.0,0.6943207788666134,17.071067811865476,4562.291034482759,2036.55,,,,
439,Z18_C0_T0.tif,18_14,32.0,0.0,17.65685424949238,6154.172500000001,2036.55,,,,
440,Z18_C0_T0.tif,18_15,30.0,0.6469425812128989,15.899494936611665,4923.8933333333325,2036.55,,,,
441,Z18_C0_T0.tif,18_16,26.0,0.5440588203494177,15.65685424949238,5896.013846153845,2036.55,,,,
442,Z18_C0_T0.tif,18_17,16.0,0.5773502691896258,11.65685424949238,4348.235000000001,2036.55,,,,
443,Z18_C0_T0.tif,18_18,60.0,0.7720427684594949,27.899494936611664,6790.943333333333,2036.55,,,,
444,Z18_C0_T0.tif,18_19,29.0,0.6943207788666131,17.071067811865476,4147.670344827587,2036.55,,,,
445,Z18_C0_T0.tif,18_20,46.0,0.6517973804514567,22.48528137423857,5094.207826086955,2036.55,,,,
446,Z18_C0_T0.tif,18_21,12.0,0.0,9.65685424949238,3994.943333333334,2036.55,,,,
447,Z18_C0_T0.tif,18_22,26.0,0.5440588203494177,15.65685424949238,4862.321538461539,2036.55,,,,
448,Z18_C0_T0.tif,18_23,12.0,0.0,9.65685424949238,4429.610000000001,2036.55,,,,
449,Z18_C0_T0.tif,18_24,45.0,0.7692776155211739,22.48528137423857,5452.915555555554,2036.55,,,,
450,Z18_C0_T0.tif,18_25,16.0,0.5773502691896258,11.65685424949238,4114.110000000001,2036.55,,,,
451,Z18_C0_T0.tif,18_26,34.0,0.7709858622576776,19.071067811865476,4789.007058823529,2036.55,,,,
452,Z18_C0_T0.tif,18_27,72.0,0.8061332570048287,30.727922061357855,5346.596111111112,2036.55,,,,
453,Z18_C0_T0.tif,18_28,26.0,0.5440588203494177,15.65685424949238,6895.283076923077,2036.55,,,,
454,Z18_C0_T0.tif,18_29,21.0,0.0,13.65685424949238,5166.121904761905,2036.55,,,,
455,Z19_C0_T0.tif,19_1,27.0,0.882966777165466,18.485281374238568,4341.116666666666,2036.55,,,,
456,Z19_C0_T0.tif,19_2,29.0,0.5162451143930841,17.071067811865476,4899.967241379312,2036.55,,,,
457,Z19_C0_T0.tif,19_3,12.0,0.0,9.65685424949238,5192.033333333332,2036.55,,,,
458,Z19_C0_T0.tif,19_4,8.0,0.5773502691896258,7.65685424949238,5081.95,2036.55,,,,
459,Z19_C0_T0.tif,19_5,20.0,0.6376509859489177,11.899494936611665,4845.05,2036.55,,,,
460,Z19_C0_T0.tif,19_6,19.0,0.5207037318817047,13.071067811865476,5357.66052631579,2036.55,,,,
461,Z19_C0_T0.tif,19_7,31.0,0.6933752452815365,17.65685424949238,5737.482258064519,2036.55,,,,
462,Z19_C0_T0.tif,19_8,30.0,0.4509717590117594,17.071067811865476,5452.383333333335,2036.55,,,,
463,Z19_C0_T0.tif,19_9,65.0,0.7661743876633784,28.142135623730947,5952.096153846153,2036.55,,,,
464,Z19_C0_T0.tif,19_10,6.0,0.8703882797784891,6.414213562373095,5801.45,2036.55,,,,
465,Z19_C0_T0.tif,19_11,46.0,0.864063848822313,23.65685424949238,6241.210869565219,2036.55,,,,
466,Z19_C0_T0.tif,19_12,16.0,0.5773502691896258,11.65685424949238,4560.450000000001,2036.55,,,,
467,Z19_C0_T0.tif,19_13,30.0,0.4509717590117594,17.071067811865476,5703.350000000002,2036.55,,,,
468,Z19_C0_T0.tif,19_14,21.0,0.0,13.65685424949238,5194.830952380952,2036.55,,,,
469,Z19_C0_T0.tif,19_15,21.0,0.0,13.65685424949238,5988.7357142857145,2036.55,,,,
470,Z19_C0_T0.tif,19_16,38.0,0.511237358145545,19.65685424949238,10394.792105263161,2036.55,,,,
471,Z19_C0_T0.tif,19_17,51.0,0.6642463385448304,23.899494936611667,6093.45,2036.55,,,,
472,Z19_C0_T0.tif,19_18,12.0,0.0,9.65685424949238,4899.366666666666,2036.55,,,,
473,Z19_C0_T0.tif,19_19,14.0,0.6292889820590859,11.071067811865474,5109.164285714285,2036.55,,,,
474,Z19_C0_T0.tif,19_20,16.0,0.5773502691896258,11.65685424949238,5239.825000000001,2036.55,,,,
475,Z19_C0_T0.tif,19_21,33.0,0.791741903362808,19.071067811865476,5694.601515151516,2036.55,,,,
476,Z19_C0_T0.tif,19_22,32.0,0.0,17.65685424949238,7541.012500000001,2036.55,,,,
477,Z19_C0_T0.tif,19_23,26.0,0.5440588203494177,15.65685424949238,5531.757692307694,2036.55,,,,
478,,0_1,39.0,0.7217172759744914,20.48528137423857,,,2153.69,Z00_C1_T0.tif,246.64205128205148,
479,,0_2,32.0,0.8143721125851344,19.071067811865476,,,2153.69,Z00_C1_T0.tif,70.07875000000013,
480,,0_3,26.0,0.5440588203494177,15.65685424949238,,,2153.69,Z00_C1_T0.tif,-737.4861538461537,
481,,0_4,26.0,0.5440588203494177,15.65685424949238,,,2153.69,Z00_C1_T0.tif,363.55230769230786,
482,,0_5,28.0,0.8396955598131208,15.899494936611665,,,2153.69,Z00_C1_T0.tif,-180.24714285714273,
483,,0_6,12.0,0.0,9.65685424949238,,,2153.69,Z00_C1_T0.tif,-152.47333333333322,
484,,0_7,12.0,0.0,9.65685424949238,,,2153.69,Z00_C1_T0.tif,-627.8899999999998,
485,,0_8,16.0,0.5773502691896258,11.65685424949238,,,2153.69,Z00_C1_T0.tif,-715.3899999999999,
486,,0_9,30.0,0.4509717590117594,17.071067811865476,,,2153.69,Z00_C1_T0.tif,-236.4733333333331,
487,,0_10,30.0,0.4509717590117594,17.071067811865476,,,2153.69,Z00_C1_T0.tif,1031.76,
488,,0_11,26.0,0.5440588203494177,15.65685424949238,,,2153.69,Z00_C1_T0.tif,352.3984615384617,
489,,0_12,26.0,0.5440588203494177,15.65685424949238,,,2153.69,Z00_C1_T0.tif,547.0523076923079,
490,,0_13,29.0,0.6943207788666131,17.071067811865476,,,2153.69,Z00_C1_T0.tif,655.946206896552,
491,,0_14,16.0,0.5773502691896258,11.65685424949238,,,2153.69,Z00_C1_T0.tif,657.3600000000001,
492,,0_15,16.0,0.0,11.313708498984761,,,2153.69,Z00_C1_T0.tif,-163.13999999999987,
493,,0_16,36.0,0.54390564390978,19.071067811865476,,,2153.69,Z00_C1_T0.tif,1368.498888888889,
494,,0_17,26.0,0.5440588203494177,15.65685424949238,,,2153.69,Z00_C1_T0.tif,886.783076923077,
495,,0_18,32.0,0.0,17.65685424949238,,,2153.69,Z00_C1_T0.tif,77.32875000000013,
496,,0_19,32.0,0.0,17.65685424949238,,,2153.69,Z00_C1_T0.tif,224.48500000000013,
497,,1_1,36.0,0.5439056439097798,19.071067811865476,,,2153.69,Z01_C1_T0.tif,703.4722222222222,
498,,1_2,32.0,0.8143721125851344,19.071067811865476,,,2153.69,Z01_C1_T0.tif,270.9375,
499,,1_3,28.0,0.5512332438804064,17.071067811865476,,,2153.69,Z01_C1_T0.tif,-583.7142857142857,
500,,1_4,26.0,0.5440588203494177,15.65685424949238,,,2153.69,Z01_C1_T0.tif,636.8076923076923,
501,,1_5,32.0,0.7191949522280762,18.485281374238568,,,2153.69,Z01_C1_T0.tif,266.03125,
502,,1_6,34.0,0.777448424821581,16.48528137423857,,,2153.69,Z01_C1_T0.tif,-90.1470588235294,
503,,1_7,21.0,0.0,13.65685424949238,,,2153.69,Z01_C1_T0.tif,-439.04761904761904,
504,,1_8,21.0,0.0,13.65685424949238,,,2153.69,Z01_C1_T0.tif,-644.1428571428571,
505,,1_9,69.0,0.9217989046386474,36.72792206135785,,,2153.69,Z01_C1_T0.tif,633.8115942028985,
506,,1_10,26.0,0.5440588203494177,15.65685424949238,,,2153.69,Z01_C1_T0.tif,231.53846153846155,
507,,1_11,32.0,0.0,17.65685424949238,,,2153.69,Z01_C1_T0.tif,658.46875,
508,,1_12,8.0,0.5773502691896258,7.65685424949238,,,2153.69,Z01_C1_T0.tif,909.0,
509,,1_13,8.0,0.5773502691896258,7.65685424949238,,,2153.69,Z01_C1_T0.tif,199.875,
510,,1_14,32.0,0.0,17.65685424949238,,,2153.69,Z01_C1_T0.tif,1800.09375,
511,,1_15,32.0,0.0,17.65685424949238,,,2153.69,Z01_C1_T0.tif,953.125,
512,,1_16,8.0,0.5773502691896258,7.65685424949238,,,2153.69,Z01_C1_T0.tif,520.875,
513,,1_17,8.0,0.5773502691896258,7.65685424949238,,,2153.69,Z01_C1_T0.tif,832.25,
514,,1_18,36.0,0.5439056439097798,19.071067811865476,,,2153.69,Z01_C1_T0.tif,346.4166666666667,
515,,1_19,32.0,0.0,17.65685424949238,,,2153.69,Z01_C1_T0.tif,317.96875,
516,,2_1,46.0,0.6269615001823099,22.48528137423857,,,2153.69,Z02_C1_T0.tif,609.6434782608694,
517,,2_2,26.0,0.5440588203494177,15.65685424949238,,,2153.69,Z02_C1_T0.tif,-369.90000000000003,
518,,2_3,43.0,0.8053117243847554,22.48528137423857,,,2153.69,Z02_C1_T0.tif,249.5651162790697,
519,,2_4,52.0,0.7913834549981034,24.727922061357855,,,2153.69,Z02_C1_T0.tif,-460.30384615384634,
520,,2_5,30.0,0.4509717590117594,17.071067811865476,,,2153.69,Z02_C1_T0.tif,722.3666666666663,
521,,2_6,21.0,0.0,13.65685424949238,,,2153.69,Z02_C1_T0.tif,105.71904761904753,
522,,2_7,40.0,0.7211128762963257,21.071067811865476,,,2153.69,Z02_C1_T0.tif,188.52499999999992,
523,,2_8,57.0,0.7887775705528577,26.727922061357855,,,2153.69,Z02_C1_T0.tif,-40.057894736842194,
524,,2_9,30.0,0.4509717590117593,17.071067811865476,,,2153.69,Z02_C1_T0.tif,-314.03333333333336,
525,,2_10,33.0,0.8708724021630233,21.31370849898476,,,2153.69,Z02_C1_T0.tif,-10.506060606060696,
526,,2_11,32.0,0.0,17.65685424949238,,,2153.69,Z02_C1_T0.tif,-642.0875000000001,
527,,2_12,83.0,0.903449446561298,36.97056274847714,,,2153.69,Z02_C1_T0.tif,746.389156626506,
528,,2_13,32.0,0.0,17.65685424949238,,,2153.69,Z02_C1_T0.tif,272.4749999999999,
529,,2_14,41.0,0.5511782546095505,20.48528137423857,,,2153.69,Z02_C1_T0.tif,684.2219512195121,
530,,2_15,26.0,0.5440588203494177,15.65685424949238,,,2153.69,Z02_C1_T0.tif,987.5230769230767,
531,,2_16,25.0,0.5902043986853099,12.485281374238571,,,2153.69,Z02_C1_T0.tif,485.6599999999999,
532,,2_17,95.0,0.9245675079533525,43.55634918610405,,,2153.69,Z02_C1_T0.tif,1185.2578947368427,
533,,2_18,72.0,0.9192934873366645,37.72792206135785,,,2153.69,Z02_C1_T0.tif,700.252777777778,
534,,2_19,49.0,0.4987507113066781,23.071067811865476,,,2153.69,Z02_C1_T0.tif,551.5897959183673,
535,,3_1,39.0,0.41530014054349734,19.899494936611667,,,2153.69,Z03_C1_T0.tif,940.3648717948719,
536,,3_2,21.0,0.0,13.65685424949238,,,2153.69,Z03_C1_T0.tif,-361.09666666666664,
537,,3_3,26.0,0.5440588203494177,15.65685424949238,,,2153.69,Z03_C1_T0.tif,638.8392307692309,
538,,3_4,26.0,0.5440588203494177,15.65685424949238,,,2153.69,Z03_C1_T0.tif,19.608461538461704,
539,,3_5,16.0,0.5773502691896258,11.65685424949238,,,2153.69,Z03_C1_T0.tif,488.13250000000016,
540,,3_6,32.0,0.8143721125851344,19.071067811865476,,,2153.69,Z03_C1_T0.tif,658.6950000000002,
541,,3_7,46.0,0.8011032757772122,23.31370849898476,,,2153.69,Z03_C1_T0.tif,612.6569565217392,
542,,3_8,21.0,0.0,13.65685424949238,,,2153.69,Z03_C1_T0.tif,-183.76333333333318,
543,,3_9,12.0,0.0,9.65685424949238,,,2153.69,Z03_C1_T0.tif,549.57,
544,,3_10,16.0,0.5773502691896258,11.65685424949238,,,2153.69,Z03_C1_T0.tif,182.38250000000016,
545,,3_11,21.0,0.8266825431633266,15.071067811865476,,,2153.69,Z03_C1_T0.tif,-299.00142857142845,
546,,3_12,31.0,0.6933752452815365,17.65685424949238,,,2153.69,Z03_C1_T0.tif,470.6345161290323,
547,,3_13,26.0,0.5440588203494177,15.65685424949238,,,2153.69,Z03_C1_T0.tif,1091.0700000000002,
548,,3_14,12.0,0.0,9.65685424949238,,,2153.69,Z03_C1_T0.tif,1278.7366666666667,
549,,3_15,16.0,0.5773502691896258,11.65685424949238,,,2153.69,Z03_C1_T0.tif,587.9450000000002,
550,,3_16,32.0,0.0,17.65685424949238,,,2153.69,Z03_C1_T0.tif,2078.2887499999997,
551,,3_17,26.0,0.5440588203494177,15.65685424949238,,,2153.69,Z03_C1_T0.tif,1459.339230769231,
552,,3_18,24.0,0.5849866175853743,15.071067811865476,,,2153.69,Z03_C1_T0.tif,740.6533333333335,
553,,3_19,32.0,0.0,17.65685424949238,,,2153.69,Z03_C1_T0.tif,853.9450000000002,
554,,4_1,35.0,0.5242879597102021,19.071067811865476,,,2153.69,Z04_C1_T0.tif,975.8185714285714,
555,,4_2,26.0,0.5440588203494177,15.65685424949238,,,2153.69,Z04_C1_T0.tif,-124.67923076923083,
556,,4_3,30.0,0.4509717590117594,17.071067811865476,,,2153.69,Z04_C1_T0.tif,767.7566666666665,
557,,4_4,26.0,0.5440588203494177,15.65685424949238,,,2153.69,Z04_C1_T0.tif,658.1284615384614,
558,,4_5,26.0,0.5440588203494177,15.65685424949238,,,2153.69,Z04_C1_T0.tif,406.4361538461538,
559,,4_6,36.0,0.7761987323164664,19.65685424949238,,,2153.69,Z04_C1_T0.tif,940.201111111111,
560,,4_7,50.0,0.742844612964648,23.899494936611667,,,2153.69,Z04_C1_T0.tif,804.17,
561,,4_8,21.0,0.0,13.65685424949238,,,2153.69,Z04_C1_T0.tif,-141.64809523809527,
562,,4_9,40.0,0.859825337434843,23.31370849898476,,,2153.69,Z04_C1_T0.tif,452.61499999999995,
563,,4_10,26.0,0.5440588203494177,15.65685424949238,,,2153.69,Z04_C1_T0.tif,161.166923076923,
564,,4_11,31.0,0.6933752452815365,17.65685424949238,,,2153.69,Z04_C1_T0.tif,719.9125806451613,
565,,4_12,26.0,0.5440588203494177,15.65685424949238,,,2153.69,Z04_C1_T0.tif,1053.8592307692306,
566,,4_13,31.0,0.6933752452815365,17.65685424949238,,,2153.69,Z04_C1_T0.tif,3690.493225806451,
567,,4_14,26.0,0.5440588203494177,15.65685424949238,,,2153.69,Z04_C1_T0.tif,1456.0130769230768,
568,,4_15,30.0,0.4509717590117594,17.071067811865476,,,2153.69,Z04_C1_T0.tif,603.1566666666665,
569,,4_16,34.0,0.4678596948487089,18.48528137423857,,,2153.69,Z04_C1_T0.tif,1704.7664705882353,
570,,4_17,38.0,0.511237358145545,19.65685424949238,,,2153.69,Z04_C1_T0.tif,1655.2742105263153,
571,,4_18,19.0,0.5207037318817047,13.071067811865476,,,2153.69,Z04_C1_T0.tif,907.3268421052632,
572,,4_19,26.0,0.5440588203494177,15.65685424949238,,,2153.69,Z04_C1_T0.tif,630.8207692307691,
573,,4_20,12.0,0.0,9.65685424949238,,,2153.69,Z04_C1_T0.tif,1292.34,
574,,4_21,36.0,0.5439056439097798,19.071067811865476,,,2153.69,Z04_C1_T0.tif,940.2011111111109,
575,,5_1,26.0,0.5440588203494177,15.65685424949238,,,2153.69,Z05_C1_T0.tif,830.1446153846152,
576,,5_2,26.0,0.5440588203494177,15.65685424949238,,,2153.69,Z05_C1_T0.tif,-133.16307692307691,
577,,5_3,16.0,0.0,11.313708498984761,,,2153.69,Z05_C1_T0.tif,1126.0100000000002,
578,,5_4,26.0,0.5440588203494177,15.65685424949238,,,2153.69,Z05_C1_T0.tif,1091.683076923077,
579,,5_5,30.0,0.4509717590117593,17.071067811865476,,,2153.69,Z05_C1_T0.tif,527.06,
580,,5_6,8.0,0.5773502691896258,7.65685424949238,,,2153.69,Z05_C1_T0.tif,338.26,
581,,5_7,42.0,0.6137010019836989,21.31370849898476,,,2153.69,Z05_C1_T0.tif,898.4504761904765,
582,,5_8,12.0,0.0,9.65685424949238,,,2153.69,Z05_C1_T0.tif,65.50999999999999,
583,,5_9,40.0,0.859825337434843,23.31370849898476,,,2153.69,Z05_C1_T0.tif,575.485,
584,,5_10,26.0,0.5440588203494177,15.65685424949238,,,2153.69,Z05_C1_T0.tif,611.3753846153845,
585,,5_11,21.0,0.0,13.65685424949238,,,2153.69,Z05_C1_T0.tif,-380.0019047619047,
586,,5_12,21.0,0.0,13.65685424949238,,,2153.69,Z05_C1_T0.tif,-262.90666666666664,
587,,5_13,34.0,0.6277433712160546,18.48528137423857,,,2153.69,Z05_C1_T0.tif,701.7011764705882,
588,,5_14,14.0,0.6292889820590859,11.071067811865474,,,2153.69,Z05_C1_T0.tif,907.6885714285715,
589,,5_15,21.0,0.0,13.65685424949238,,,2153.69,Z05_C1_T0.tif,1120.7123809523805,
590,,5_16,30.0,0.4509717590117594,17.071067811865476,,,2153.69,Z05_C1_T0.tif,2341.6266666666666,
591,,5_17,30.0,0.4509717590117594,17.071067811865476,,,2153.69,Z05_C1_T0.tif,1547.5266666666673,
592,,5_18,30.0,0.4509717590117594,17.071067811865476,,,2153.69,Z05_C1_T0.tif,674.2266666666662,
593,,5_19,12.0,0.0,9.65685424949238,,,2153.69,Z05_C1_T0.tif,10367.343333333332,
594,,5_20,16.0,0.5773502691896258,11.65685424949238,,,2153.69,Z05_C1_T0.tif,1431.0725000000002,
595,,5_21,38.0,0.511237358145545,19.65685424949238,,,2153.69,Z05_C1_T0.tif,1852.2336842105258,
596,,5_22,51.0,0.8778198158941477,28.14213562373095,,,2153.69,Z05_C1_T0.tif,1031.3874509803925,
597,,5_23,36.0,0.5439056439097799,19.071067811865476,,,2153.69,Z05_C1_T0.tif,717.3433333333331,
598,,5_24,8.0,0.5773502691896258,7.65685424949238,,,2153.69,Z05_C1_T0.tif,13803.134999999998,
599,,5_25,22.0,0.537318610054862,14.48528137423857,,,2153.69,Z05_C1_T0.tif,11467.305454545458,
600,,6_1,12.0,0.0,9.65685424949238,,,2153.69,Z06_C1_T0.tif,305.5333333333333,
601,,6_2,21.0,0.0,13.65685424949238,,,2153.69,Z06_C1_T0.tif,110.34285714285718,
602,,6_3,16.0,0.5773502691896258,11.65685424949238,,,2153.69,Z06_C1_T0.tif,-529.4875,
603,,6_4,8.0,0.5773502691896258,7.65685424949238,,,2153.69,Z06_C1_T0.tif,1245.6999999999998,
604,,6_5,37.0,0.6828366201200802,19.899494936611667,,,2153.69,Z06_C1_T0.tif,93.20000000000002,
605,,6_6,8.0,0.5773502691896258,7.65685424949238,,,2153.69,Z06_C1_T0.tif,154.57500000000005,
606,,6_7,39.0,0.6287332803901478,19.899494936611664,,,2153.69,Z06_C1_T0.tif,330.8410256410258,
607,,6_8,28.0,0.6201736729460422,16.48528137423857,,,2153.69,Z06_C1_T0.tif,1095.557142857143,
608,,6_9,28.0,0.7678266437944962,17.899494936611667,,,2153.69,Z06_C1_T0.tif,258.45,
609,,6_10,21.0,0.0,13.65685424949238,,,2153.69,Z06_C1_T0.tif,273.0095238095238,
610,,6_11,42.0,0.4606664598958905,21.071067811865476,,,2153.69,Z06_C1_T0.tif,721.9380952380952,
611,,6_12,26.0,0.5440588203494177,15.65685424949238,,,2153.69,Z06_C1_T0.tif,85.27692307692311,
612,,6_13,36.0,0.8223852832461833,21.31370849898476,,,2153.69,Z06_C1_T0.tif,630.4777777777779,
613,,6_14,16.0,0.5773502691896258,11.65685424949238,,,2153.69,Z06_C1_T0.tif,-12.174999999999955,
614,,6_15,32.0,0.0,17.65685424949238,,,2153.69,Z06_C1_T0.tif,1109.7312499999998,
615,,6_16,26.0,0.5440588203494177,15.65685424949238,,,2153.69,Z06_C1_T0.tif,-182.10769230769228,
616,,6_17,26.0,0.5440588203494177,15.65685424949238,,,2153.69,Z06_C1_T0.tif,-203.0307692307692,
617,,6_18,24.0,0.8111071056538127,15.65685424949238,,,2153.69,Z06_C1_T0.tif,968.9083333333334,
618,,6_19,41.0,0.5511782546095505,20.48528137423857,,,2153.69,Z06_C1_T0.tif,654.6634146341463,
619,,6_20,30.0,0.4509717590117594,17.071067811865476,,,2153.69,Z06_C1_T0.tif,1221.833333333333,
620,,6_21,41.0,0.13491358179982915,20.48528137423857,,,2153.69,Z06_C1_T0.tif,1957.370731707317,
621,,6_22,38.0,0.511237358145545,19.65685424949238,,,2153.69,Z06_C1_T0.tif,1425.0947368421046,
622,,6_23,30.0,0.4509717590117594,17.071067811865476,,,2153.69,Z06_C1_T0.tif,751.7666666666669,
623,,6_24,40.0,0.7673462632724394,21.31370849898476,,,2153.69,Z06_C1_T0.tif,8278.95,
624,,6_25,21.0,0.0,13.65685424949238,,,2153.69,Z06_C1_T0.tif,1336.152380952381,
625,,6_26,32.0,0.0,17.65685424949238,,,2153.69,Z06_C1_T0.tif,1826.2624999999998,
626,,6_27,53.0,0.8820494391546253,28.72792206135785,,,2153.69,Z06_C1_T0.tif,1059.2566037735844,
627,,6_28,26.0,0.5440588203494177,15.65685424949238,,,2153.69,Z06_C1_T0.tif,10848.930769230772,
628,,6_29,38.0,0.511237358145545,19.65685424949238,,,2153.69,Z06_C1_T0.tif,635.2000000000002,
629,,6_30,54.0,0.8569764014646648,27.31370849898476,,,2153.69,Z06_C1_T0.tif,10505.829629629627,
630,,7_1,21.0,0.0,13.65685424949238,,,2153.69,Z07_C1_T0.tif,596.0319047619048,
631,,7_2,21.0,0.0,13.65685424949238,,,2153.69,Z07_C1_T0.tif,273.5557142857144,
632,,7_3,21.0,0.0,13.65685424949238,,,2153.69,Z07_C1_T0.tif,806.4604761904762,
633,,7_4,8.0,0.5773502691896258,7.65685424949238,,,2153.69,Z07_C1_T0.tif,-309.105,
634,,7_5,16.0,0.5773502691896258,11.65685424949238,,,2153.69,Z07_C1_T0.tif,454.2075,
635,,7_6,26.0,0.5440588203494177,15.65685424949238,,,2153.69,Z07_C1_T0.tif,505.9623076923077,
636,,7_7,45.0,0.5549213363938115,21.899494936611667,,,2153.69,Z07_C1_T0.tif,323.7366666666667,
637,,7_8,40.0,0.859825337434843,23.31370849898476,,,2153.69,Z07_C1_T0.tif,234.045,
638,,7_9,16.0,0.5773502691896258,11.65685424949238,,,2153.69,Z07_C1_T0.tif,533.145,
639,,7_10,16.0,0.5773502691896258,11.65685424949238,,,2153.69,Z07_C1_T0.tif,1061.145,
640,,7_11,16.0,0.5773502691896258,11.65685424949238,,,2153.69,Z07_C1_T0.tif,594.2075,
641,,7_12,12.0,0.0,9.65685424949238,,,2153.69,Z07_C1_T0.tif,955.0200000000001,
642,,7_13,21.0,0.0,13.65685424949238,,,2153.69,Z07_C1_T0.tif,-110.73000000000002,
643,,7_14,26.0,0.5440588203494177,15.65685424949238,,,2153.69,Z07_C1_T0.tif,1723.6930769230764,
644,,7_15,26.0,0.5440588203494177,15.65685424949238,,,2153.69,Z07_C1_T0.tif,80.53923076923076,
645,,7_16,30.0,0.4509717590117593,17.071067811865476,,,2153.69,Z07_C1_T0.tif,-28.763333333333353,
646,,7_17,32.0,0.0,17.65685424949238,,,2153.69,Z07_C1_T0.tif,1117.80125,
647,,7_18,32.0,0.0,17.65685424949238,,,2153.69,Z07_C1_T0.tif,425.3325,
648,,7_19,26.0,0.5440588203494177,15.65685424949238,,,2153.69,Z07_C1_T0.tif,1447.0392307692305,
649,,7_20,46.0,0.30684498717405545,22.48528137423857,,,2153.69,Z07_C1_T0.tif,2795.8352173913054,
650,,7_21,26.0,0.5440588203494177,15.65685424949238,,,2153.69,Z07_C1_T0.tif,1527.654615384615,
651,,7_22,30.0,0.4509717590117594,17.071067811865476,,,2153.69,Z07_C1_T0.tif,678.57,
652,,7_23,38.0,0.6736927545596272,19.899494936611667,,,2153.69,Z07_C1_T0.tif,10414.006842105266,
653,,7_24,24.0,0.5849866175853743,15.071067811865476,,,2153.69,Z07_C1_T0.tif,1558.0616666666665,
654,,7_25,36.0,0.5439056439097799,19.071067811865476,,,2153.69,Z07_C1_T0.tif,1574.464444444444,
655,,7_26,51.0,0.8513757486654105,28.14213562373095,,,2153.69,Z07_C1_T0.tif,1159.27,
656,,7_27,24.0,0.5849866175853743,15.071067811865476,,,2153.69,Z07_C1_T0.tif,13426.561666666666,
657,,7_28,34.0,0.6277433712160546,18.48528137423857,,,2153.69,Z07_C1_T0.tif,602.7994117647058,
658,,7_29,48.0,0.8829432988280732,23.899494936611667,,,2153.69,Z07_C1_T0.tif,12929.332499999999,
659,,8_1,8.0,0.5773502691896258,7.65685424949238,,,2153.69,Z08_C1_T0.tif,274.0999999999999,
660,,8_2,24.0,0.5849866175853743,15.071067811865476,,,2153.69,Z08_C1_T0.tif,764.6416666666665,
661,,8_3,5.0,0.0,5.656854249492381,,,2153.69,Z08_C1_T0.tif,237.3499999999999,
662,,8_4,25.0,0.4629100498862759,16.485281374238568,,,2153.69,Z08_C1_T0.tif,213.18999999999994,
663,,8_5,21.0,0.0,13.65685424949238,,,2153.69,Z08_C1_T0.tif,1156.4452380952378,
664,,8_6,21.0,0.0,13.65685424949238,,,2153.69,Z08_C1_T0.tif,566.7785714285715,
665,,8_7,32.0,0.0,17.65685424949238,,,2153.69,Z08_C1_T0.tif,461.7249999999999,
666,,8_8,37.0,0.6828366201200802,19.899494936611667,,,2153.69,Z08_C1_T0.tif,332.10675675675674,
667,,8_9,38.0,0.8026629577746287,21.31370849898476,,,2153.69,Z08_C1_T0.tif,254.92894736842103,
668,,8_10,12.0,0.0,9.65685424949238,,,2153.69,Z08_C1_T0.tif,931.9333333333334,
669,,8_11,34.0,0.8623862675079814,20.727922061357855,,,2153.69,Z08_C1_T0.tif,337.67352941176466,
670,,8_12,33.0,0.7917419033628079,19.071067811865476,,,2153.69,Z08_C1_T0.tif,15.562121212121122,
671,,8_13,32.0,0.0,17.65685424949238,,,2153.69,Z08_C1_T0.tif,74.41249999999991,
672,,8_14,26.0,0.5440588203494177,15.65685424949238,,,2153.69,Z08_C1_T0.tif,-37.99615384615394,
673,,8_15,41.0,0.5511782546095505,20.48528137423857,,,2153.69,Z08_C1_T0.tif,1187.8865853658535,
674,,8_16,24.0,0.7082885223008102,15.899494936611665,,,2153.69,Z08_C1_T0.tif,14461.766666666668,
675,,8_17,14.0,0.629288982059086,11.071067811865474,,,2153.69,Z08_C1_T0.tif,356.34999999999997,
676,,8_18,36.0,0.5439056439097801,19.071067811865476,,,2153.69,Z08_C1_T0.tif,1585.1277777777775,
677,,8_19,56.0,0.8333062153063266,21.899494936611667,,,2153.69,Z08_C1_T0.tif,2799.0999999999995,
678,,8_20,21.0,0.0,13.65685424949238,,,2153.69,Z08_C1_T0.tif,1489.82619047619,
679,,8_21,16.0,0.5773502691896258,11.65685424949238,,,2153.69,Z08_C1_T0.tif,794.2249999999999,
680,,8_22,32.0,0.0,17.65685424949238,,,2153.69,Z08_C1_T0.tif,1530.6,
681,,8_23,26.0,0.5440588203494177,15.65685424949238,,,2153.69,Z08_C1_T0.tif,370.5807692307692,
682,,8_24,47.0,0.5875078068196092,22.48528137423857,,,2153.69,Z08_C1_T0.tif,12384.860638297869,
683,,8_25,52.0,0.9127480931131982,28.72792206135785,,,2153.69,Z08_C1_T0.tif,1601.2346153846158,
684,,8_26,54.0,0.8831968789613528,28.72792206135785,,,2153.69,Z08_C1_T0.tif,1182.6277777777777,
685,,8_27,39.0,0.7217172759744914,20.48528137423857,,,2153.69,Z08_C1_T0.tif,15830.4782051282,
686,,8_28,21.0,0.0,13.65685424949238,,,2153.69,Z08_C1_T0.tif,498.58809523809526,
687,,8_29,61.0,0.7533650118000109,27.31370849898476,,,2153.69,Z08_C1_T0.tif,15319.317213114753,
688,,9_1,54.0,0.8352873356218838,27.31370849898476,,,2153.69,Z09_C1_T0.tif,397.7548148148147,
689,,9_2,41.0,0.828517156108491,21.65685424949238,,,2153.69,Z09_C1_T0.tif,183.18390243902445,
690,,9_3,44.0,0.9153187100273789,27.31370849898476,,,2153.69,Z09_C1_T0.tif,220.82636363636374,
691,,9_4,32.0,0.0,17.65685424949238,,,2153.69,Z09_C1_T0.tif,653.0025,
692,,9_5,32.0,0.0,17.65685424949238,,,2153.69,Z09_C1_T0.tif,435.31500000000005,
693,,9_6,35.0,0.6028356776063443,19.071067811865476,,,2153.69,Z09_C1_T0.tif,311.0542857142858,
694,,9_7,40.0,0.7868362110839227,17.31370849898476,,,2153.69,Z09_C1_T0.tif,77.74000000000005,
695,,9_8,16.0,0.5773502691896258,11.65685424949238,,,2153.69,Z09_C1_T0.tif,396.75250000000005,
696,,9_9,51.0,0.8087543818164492,25.31370849898476,,,2153.69,Z09_C1_T0.tif,177.56745098039224,
697,,9_10,41.0,0.828517156108491,21.65685424949238,,,2153.69,Z09_C1_T0.tif,36.67170731707323,
698,,9_11,8.0,0.5773502691896258,7.65685424949238,,,2153.69,Z09_C1_T0.tif,1110.94,
699,,9_12,38.0,0.511237358145545,19.65685424949238,,,2153.69,Z09_C1_T0.tif,51.650526315789556,
700,,9_13,41.0,0.8428061887175053,23.31370849898476,,,2153.69,Z09_C1_T0.tif,30.940000000000055,
701,,9_14,54.0,0.8261319373887995,27.31370849898476,,,2153.69,Z09_C1_T0.tif,1169.606666666667,
702,,9_15,47.0,0.7572292314315325,23.071067811865476,,,2153.69,Z09_C1_T0.tif,11403.237872340422,
703,,9_16,16.0,0.5773502691896258,11.65685424949238,,,2153.69,Z09_C1_T0.tif,351.56500000000005,
704,,9_17,49.0,0.6725478064551434,23.899494936611664,,,2153.69,Z09_C1_T0.tif,1269.2257142857145,
705,,9_18,77.0,0.6876901941947781,30.727922061357855,,,2153.69,Z09_C1_T0.tif,1872.2776623376624,
706,,9_19,26.0,0.5440588203494177,15.65685424949238,,,2153.69,Z09_C1_T0.tif,1490.0938461538462,
707,,9_20,36.0,0.5439056439097801,19.071067811865476,,,2153.69,Z09_C1_T0.tif,698.801111111111,
708,,9_21,39.0,0.4153001405434975,19.899494936611667,,,2153.69,Z09_C1_T0.tif,1530.2220512820518,
709,,9_22,34.0,0.5082559240684966,18.48528137423857,,,2153.69,Z09_C1_T0.tif,330.70470588235304,
710,,9_23,62.0,0.6456063284603876,27.31370849898476,,,2153.69,Z09_C1_T0.tif,10982.504516129027,
711,,9_24,63.0,0.875302656520562,31.556349186104043,,,2153.69,Z09_C1_T0.tif,1330.1304761904767,
712,,9_25,68.0,0.8681732199161909,30.485281374238568,,,2153.69,Z09_C1_T0.tif,916.5723529411769,
713,,9_26,49.0,0.556487068359829,23.071067811865476,,,2153.69,Z09_C1_T0.tif,15524.715510204083,
714,,9_27,79.0,0.7843306049608247,31.31370849898476,,,2153.69,Z09_C1_T0.tif,12995.674177215184,
715,,10_1,43.0,0.8202328653374465,23.31370849898476,,,2153.69,Z10_C1_T0.tif,447.8909302325581,
716,,10_2,32.0,0.8143721125851344,19.071067811865476,,,2153.69,Z10_C1_T0.tif,333.7637500000001,
717,,10_3,21.0,0.0,13.65685424949238,,,2153.69,Z10_C1_T0.tif,1041.0747619047615,
718,,10_4,16.0,0.5773502691896258,11.65685424949238,,,2153.69,Z10_C1_T0.tif,748.4825000000001,
719,,10_5,26.0,0.5440588203494177,15.65685424949238,,,2153.69,Z10_C1_T0.tif,569.2469230769232,
720,,10_6,20.0,0.7302967433402214,13.65685424949238,,,2153.69,Z10_C1_T0.tif,518.2700000000001,
721,,10_7,26.0,0.5440588203494177,15.65685424949238,,,2153.69,Z10_C1_T0.tif,156.9776923076924,
722,,10_8,10.0,0.6164414002968978,9.071067811865476,,,2153.69,Z10_C1_T0.tif,304.6700000000001,
723,,10_9,24.0,0.5849866175853743,15.071067811865476,,,2153.69,Z10_C1_T0.tif,309.6700000000001,
724,,10_10,31.0,0.6933752452815365,17.65685424949238,,,2153.69,Z10_C1_T0.tif,264.0087096774194,
725,,10_11,26.0,0.5440588203494177,15.65685424949238,,,2153.69,Z10_C1_T0.tif,429.2084615384616,
726,,10_12,33.0,0.8829789580418236,20.485281374238568,,,2153.69,Z10_C1_T0.tif,55.200303030303104,
727,,10_13,55.0,0.8696707572268126,27.899494936611664,,,2153.69,Z10_C1_T0.tif,1069.2790909090907,
728,,10_14,5.0,0.0,5.656854249492381,,,2153.69,Z10_C1_T0.tif,13086.77,
729,,10_15,25.0,0.5078772048026179,15.899494936611664,,,2153.69,Z10_C1_T0.tif,10034.13,
730,,10_16,26.0,0.5440588203494177,15.65685424949238,,,2153.69,Z10_C1_T0.tif,1259.6699999999998,
731,,10_17,62.0,0.544468863727326,26.48528137423857,,,2153.69,Z10_C1_T0.tif,1284.6054838709676,
732,,10_18,16.0,0.5773502691896258,11.65685424949238,,,2153.69,Z10_C1_T0.tif,1554.295,
733,,10_19,32.0,0.5344883724417774,17.899494936611667,,,2153.69,Z10_C1_T0.tif,829.3887500000001,
734,,10_20,30.0,0.4509717590117593,17.071067811865476,,,2153.69,Z10_C1_T0.tif,1572.5366666666664,
735,,10_21,26.0,0.5440588203494177,15.65685424949238,,,2153.69,Z10_C1_T0.tif,79.51615384615391,
736,,10_22,38.0,0.4790080821576625,19.899494936611667,,,2153.69,Z10_C1_T0.tif,13351.012105263153,
737,,10_23,38.0,0.511237358145545,19.65685424949238,,,2153.69,Z10_C1_T0.tif,1544.7752631578944,
738,,10_24,67.0,0.8703508702016617,30.48528137423857,,,2153.69,Z10_C1_T0.tif,863.2446268656716,
739,,10_25,41.0,0.6915587314774512,21.071067811865476,,,2153.69,Z10_C1_T0.tif,19173.58463414634,
740,,10_26,57.0,0.6308899787318957,25.071067811865476,,,2153.69,Z10_C1_T0.tif,17217.485789473685,
741,,11_1,21.0,0.0,13.65685424949238,,,2153.69,Z11_C1_T0.tif,161.22761904761887,
742,,11_2,43.0,0.8202328653374467,23.31370849898476,,,2153.69,Z11_C1_T0.tif,322.7613953488371,
743,,11_3,29.0,0.6943207788666131,17.071067811865476,,,2153.69,Z11_C1_T0.tif,621.731724137931,
744,,11_4,24.0,0.5849866175853743,15.071067811865476,,,2153.69,Z11_C1_T0.tif,806.0966666666665,
745,,11_5,12.0,0.0,9.65685424949238,,,2153.69,Z11_C1_T0.tif,368.17999999999984,
746,,11_6,12.0,0.0,9.65685424949238,,,2153.69,Z11_C1_T0.tif,299.76333333333315,
747,,11_7,16.0,0.5773502691896258,11.65685424949238,,,2153.69,Z11_C1_T0.tif,638.6799999999998,
748,,11_8,19.0,0.5207037318817047,13.071067811865476,,,2153.69,Z11_C1_T0.tif,295.0221052631578,
749,,11_9,21.0,0.0,13.65685424949238,,,2153.69,Z11_C1_T0.tif,493.1323809523809,
750,,11_10,26.0,0.5440588203494177,15.65685424949238,,,2153.69,Z11_C1_T0.tif,512.4107692307691,
751,,11_11,21.0,0.0,13.65685424949238,,,2153.69,Z11_C1_T0.tif,1036.4180952380952,
752,,11_12,60.0,0.8505844806378361,28.485281374238568,,,2153.69,Z11_C1_T0.tif,652.9299999999998,
753,,11_13,12.0,0.0,9.65685424949238,,,2153.69,Z11_C1_T0.tif,1031.0966666666666,
754,,11_14,24.0,0.5849866175853743,15.071067811865476,,,2153.69,Z11_C1_T0.tif,16494.846666666668,
755,,11_15,26.0,0.5440588203494177,15.65685424949238,,,2153.69,Z11_C1_T0.tif,1156.1799999999998,
756,,11_16,48.0,0.7407964398133979,23.31370849898476,,,2153.69,Z11_C1_T0.tif,836.9716666666667,
757,,11_17,57.0,0.7111921975422404,25.31370849898476,,,2153.69,Z11_C1_T0.tif,1246.3203508771928,
758,,11_18,30.0,0.4509717590117594,17.071067811865476,,,2153.69,Z11_C1_T0.tif,1201.2466666666664,
759,,11_19,32.0,0.0,17.65685424949238,,,2153.69,Z11_C1_T0.tif,630.4612499999998,
760,,11_20,30.0,0.4509717590117594,17.071067811865476,,,2153.69,Z11_C1_T0.tif,1366.7133333333331,
761,,11_21,30.0,0.4509717590117594,17.071067811865476,,,2153.69,Z11_C1_T0.tif,-55.1533333333335,
762,,11_22,21.0,0.0,13.65685424949238,,,2153.69,Z11_C1_T0.tif,14913.65619047619,
763,,11_23,65.0,0.8859604580527347,30.485281374238568,,,2153.69,Z11_C1_T0.tif,880.3953846153847,
764,,11_24,38.0,0.511237358145545,19.65685424949238,,,2153.69,Z11_C1_T0.tif,1492.0221052631578,
765,,11_25,49.0,0.556487068359829,23.071067811865476,,,2153.69,Z11_C1_T0.tif,17385.34326530612,
766,,11_26,60.0,0.7376065463336657,26.48528137423857,,,2153.69,Z11_C1_T0.tif,17325.79666666667,
767,,12_1,26.0,0.5440588203494177,15.65685424949238,,,2153.69,Z12_C1_T0.tif,148.4484615384614,
768,,12_2,26.0,0.5440588203494177,15.65685424949238,,,2153.69,Z12_C1_T0.tif,-41.35923076923091,
769,,12_3,21.0,0.0,13.65685424949238,,,2153.69,Z12_C1_T0.tif,655.7195238095237,
770,,12_4,21.0,0.0,13.65685424949238,,,2153.69,Z12_C1_T0.tif,731.3861904761903,
771,,12_5,16.0,0.5773502691896258,11.65685424949238,,,2153.69,Z12_C1_T0.tif,-682.6525000000001,
772,,12_6,21.0,0.0,13.65685424949238,,,2153.69,Z12_C1_T0.tif,1099.4814285714285,
773,,12_7,16.0,0.5773502691896258,11.65685424949238,,,2153.69,Z12_C1_T0.tif,1561.1599999999999,
774,,12_8,21.0,0.0,13.65685424949238,,,2153.69,Z12_C1_T0.tif,228.90999999999985,
775,,12_9,53.0,0.8716365467739868,27.31370849898476,,,2153.69,Z12_C1_T0.tif,263.5892452830187,
776,,12_10,21.0,0.0,13.65685424949238,,,2153.69,Z12_C1_T0.tif,1212.8623809523808,
777,,12_11,16.0,0.5773502691896258,11.65685424949238,,,2153.69,Z12_C1_T0.tif,12693.3475,
778,,12_12,26.0,0.5440588203494177,15.65685424949238,,,2153.69,Z12_C1_T0.tif,1186.7176923076922,
779,,12_13,12.0,0.0,9.65685424949238,,,2153.69,Z12_C1_T0.tif,1799.3266666666666,
780,,12_14,46.0,0.8425812874898833,22.52081528017131,,,2153.69,Z12_C1_T0.tif,759.3447826086957,
781,,12_15,55.0,0.7353779308386655,25.31370849898476,,,2153.69,Z12_C1_T0.tif,804.2736363636367,
782,,12_16,26.0,0.5440588203494177,15.65685424949238,,,2153.69,Z12_C1_T0.tif,1309.833076923077,
783,,12_17,21.0,0.0,13.65685424949238,,,2153.69,Z12_C1_T0.tif,294.57666666666654,
784,,12_18,35.0,0.5242879597102021,19.071067811865476,,,2153.69,Z12_C1_T0.tif,659.052857142857,
785,,12_19,58.0,0.8945311305183856,32.89949493661166,,,2153.69,Z12_C1_T0.tif,902.3237931034482,
786,,12_20,8.0,0.5773502691896258,7.65685424949238,,,2153.69,Z12_C1_T0.tif,531.6599999999999,
787,,12_21,34.0,0.5082559240684966,18.48528137423857,,,2153.69,Z12_C1_T0.tif,1733.939411764706,
788,,12_22,55.0,0.8706742761052525,27.899494936611664,,,2153.69,Z12_C1_T0.tif,969.2554545454549,
789,,12_23,50.0,0.5700134417690371,23.31370849898476,,,2153.69,Z12_C1_T0.tif,15584.050000000003,
790,,12_24,62.0,0.8146499545222025,27.899494936611664,,,2153.69,Z12_C1_T0.tif,16053.893870967746,
791,,13_1,16.0,0.5773502691896258,11.65685424949238,,,2153.69,Z13_C1_T0.tif,808.065,
792,,13_2,12.0,0.0,9.65685424949238,,,2153.69,Z13_C1_T0.tif,1755.6899999999996,
793,,13_3,16.0,0.5773502691896258,11.65685424949238,,,2153.69,Z13_C1_T0.tif,19.752500000000055,
794,,13_4,16.0,0.5773502691896258,11.65685424949238,,,2153.69,Z13_C1_T0.tif,220.81500000000005,
795,,13_5,21.0,0.0,13.65685424949238,,,2153.69,Z13_C1_T0.tif,1359.9519047619044,
796,,13_6,12.0,0.0,9.65685424949238,,,2153.69,Z13_C1_T0.tif,1464.7733333333333,
797,,13_7,26.0,0.5440588203494177,15.65685424949238,,,2153.69,Z13_C1_T0.tif,574.3438461538462,
798,,13_8,35.0,0.6028356776063443,19.071067811865476,,,2153.69,Z13_C1_T0.tif,558.1899999999999,
799,,13_9,12.0,0.0,9.65685424949238,,,2153.69,Z13_C1_T0.tif,2115.606666666666,
800,,13_10,8.0,0.5773502691896258,7.65685424949238,,,2153.69,Z13_C1_T0.tif,683.69,
801,,13_11,21.0,0.0,13.65685424949238,,,2153.69,Z13_C1_T0.tif,964.1423809523807,
802,,13_12,12.0,0.0,9.65685424949238,,,2153.69,Z13_C1_T0.tif,179.7733333333334,
803,,13_13,26.0,0.5440588203494177,15.65685424949238,,,2153.69,Z13_C1_T0.tif,1914.5746153846155,
804,,13_14,12.0,0.0,9.65685424949238,,,2153.69,Z13_C1_T0.tif,91.19000000000005,
805,,13_15,31.0,0.6933752452815365,17.65685424949238,,,2153.69,Z13_C1_T0.tif,1861.4158064516134,
806,,13_16,35.0,0.9222853577386745,22.485281374238568,,,2153.69,Z13_C1_T0.tif,1518.1900000000003,
807,,13_17,29.0,0.6943207788666134,17.071067811865476,,,2153.69,Z13_C1_T0.tif,20133.603793103437,
808,,14_1,21.0,0.0,13.65685424949238,,,2153.69,Z14_C1_T0.tif,1498.1176190476192,
809,,14_2,16.0,0.5773502691896258,11.65685424949238,,,2153.69,Z14_C1_T0.tif,1496.1950000000002,
810,,14_3,21.0,0.0,13.65685424949238,,,2153.69,Z14_C1_T0.tif,-274.8823809523809,
811,,14_4,16.0,0.5773502691896258,11.65685424949238,,,2153.69,Z14_C1_T0.tif,1690.6325000000002,
812,,14_5,21.0,0.0,13.65685424949238,,,2153.69,Z14_C1_T0.tif,927.3080952380953,
813,,14_6,12.0,0.0,9.65685424949238,,,2153.69,Z14_C1_T0.tif,1389.7366666666667,
814,,14_7,19.0,0.5207037318817046,13.071067811865476,,,2153.69,Z14_C1_T0.tif,1617.5963157894737,
815,,14_8,26.0,0.5440588203494177,15.65685424949238,,,2153.69,Z14_C1_T0.tif,620.7623076923078,
816,,14_9,51.0,0.915431532964662,28.727922061357855,,,2153.69,Z14_C1_T0.tif,600.8150980392159,
817,,14_10,26.0,0.5440588203494177,15.65685424949238,,,2153.69,Z14_C1_T0.tif,1789.0315384615387,
818,,14_11,16.0,0.5773502691896258,11.65685424949238,,,2153.69,Z14_C1_T0.tif,469.38250000000016,
819,,14_12,21.0,0.0,13.65685424949238,,,2153.69,Z14_C1_T0.tif,260.45095238095246,
820,,14_13,26.0,0.5440588203494177,15.65685424949238,,,2153.69,Z14_C1_T0.tif,1763.9930769230773,
821,,14_14,21.0,0.0,13.65685424949238,,,2153.69,Z14_C1_T0.tif,203.07000000000014,
822,,14_15,8.0,0.5773502691896258,7.65685424949238,,,2153.69,Z14_C1_T0.tif,1124.8200000000002,
823,,14_16,34.0,0.5082559240684967,18.48528137423857,,,2153.69,Z14_C1_T0.tif,2133.099411764706,
824,,14_17,22.0,0.7984628652451923,15.899494936611665,,,2153.69,Z14_C1_T0.tif,1501.979090909091,
825,,14_18,19.0,0.5207037318817047,13.071067811865476,,,2153.69,Z14_C1_T0.tif,18521.333157894736,
826,,15_1,22.0,0.9026277726791611,17.31370849898476,,,2153.69,Z15_C1_T0.tif,132.57181818181806,
827,,15_2,8.0,0.5773502691896258,7.65685424949238,,,2153.69,Z15_C1_T0.tif,416.0149999999999,
828,,15_3,8.0,0.5773502691896258,7.65685424949238,,,2153.69,Z15_C1_T0.tif,864.6399999999999,
829,,15_4,12.0,0.0,9.65685424949238,,,2153.69,Z15_C1_T0.tif,83.2233333333332,
830,,15_5,12.0,0.0,9.65685424949238,,,2153.69,Z15_C1_T0.tif,-53.61000000000013,
831,,15_6,8.0,0.5773502691896258,7.65685424949238,,,2153.69,Z15_C1_T0.tif,298.8899999999999,
832,,15_7,37.0,0.8824569343798785,23.31370849898476,,,2153.69,Z15_C1_T0.tif,1710.3359459459457,
833,,15_8,21.0,0.0,13.65685424949238,,,2153.69,Z15_C1_T0.tif,-312.6576190476193,
834,,15_9,10.0,0.6164414002968978,9.071067811865476,,,2153.69,Z15_C1_T0.tif,889.0899999999998,
835,,15_10,13.0,0.7060180864974626,8.485281374238571,,,2153.69,Z15_C1_T0.tif,458.62076923076904,
836,,15_11,16.0,0.5773502691896258,11.65685424949238,,,2153.69,Z15_C1_T0.tif,1448.8274999999999,
837,,15_12,21.0,0.0,13.65685424949238,,,2153.69,Z15_C1_T0.tif,1076.3899999999999,
838,,15_13,32.0,0.0,17.65685424949238,,,2153.69,Z15_C1_T0.tif,600.8899999999999,
839,,15_14,38.0,0.511237358145545,19.65685424949238,,,2153.69,Z15_C1_T0.tif,923.5742105263156,
840,,15_15,26.0,0.5440588203494177,15.65685424949238,,,2153.69,Z15_C1_T0.tif,461.043846153846,
841,,15_16,21.0,0.0,13.65685424949238,,,2153.69,Z15_C1_T0.tif,2007.3423809523804,
842,,15_17,21.0,0.0,13.65685424949238,,,2153.69,Z15_C1_T0.tif,387.1042857142855,
843,,15_18,21.0,0.0,13.65685424949238,,,2153.69,Z15_C1_T0.tif,556.8661904761902,
844,,15_19,26.0,0.5440588203494177,15.65685424949238,,,2153.69,Z15_C1_T0.tif,1328.0053846153846,
845,,15_20,30.0,0.9028857349851787,21.31370849898476,,,2153.69,Z15_C1_T0.tif,1730.8899999999999,
846,,15_21,12.0,0.0,9.65685424949238,,,2153.69,Z15_C1_T0.tif,346.3899999999999,
847,,15_22,21.0,0.0,13.65685424949238,,,2153.69,Z15_C1_T0.tif,920.5328571428569,
848,,15_23,32.0,0.0,17.65685424949238,,,2153.69,Z15_C1_T0.tif,2644.2337499999994,
849,,15_24,12.0,0.0,9.65685424949238,,,2153.69,Z15_C1_T0.tif,244.72333333333322,
850,,15_25,16.0,0.5773502691896258,11.65685424949238,,,2153.69,Z15_C1_T0.tif,1334.5774999999999,
851,,16_1,24.0,0.8831760866327847,17.31370849898476,,,2153.69,Z16_C1_T0.tif,309.96500000000015,
852,,16_2,8.0,0.5773502691896258,7.65685424949238,,,2153.69,Z16_C1_T0.tif,563.4650000000001,
853,,16_3,12.0,0.0,9.65685424949238,,,2153.69,Z16_C1_T0.tif,675.2566666666668,
854,,16_4,8.0,0.5773502691896258,7.65685424949238,,,2153.69,Z16_C1_T0.tif,-126.03499999999985,
855,,16_5,8.0,0.5773502691896258,7.65685424949238,,,2153.69,Z16_C1_T0.tif,-515.0349999999999,
856,,16_6,16.0,0.5773502691896258,11.65685424949238,,,2153.69,Z16_C1_T0.tif,-114.09749999999985,
857,,16_7,21.0,0.0,13.65685424949238,,,2153.69,Z16_C1_T0.tif,45.828095238095386,
858,,16_8,28.0,0.8752928459307583,19.31370849898476,,,2153.69,Z16_C1_T0.tif,550.0542857142858,
859,,16_9,21.0,0.0,13.65685424949238,,,2153.69,Z16_C1_T0.tif,23.11380952380967,
860,,16_10,21.0,0.0,13.65685424949238,,,2153.69,Z16_C1_T0.tif,1565.780476190476,
861,,16_11,21.0,0.0,13.65685424949238,,,2153.69,Z16_C1_T0.tif,452.11380952380966,
862,,16_12,20.0,0.6376509859489177,11.899494936611665,,,2153.69,Z16_C1_T0.tif,1033.2400000000002,
863,,16_13,16.0,0.0,11.313708498984761,,,2153.69,Z16_C1_T0.tif,391.15250000000015,
864,,16_14,12.0,0.0,9.65685424949238,,,2153.69,Z16_C1_T0.tif,1022.8400000000001,
865,,16_15,19.0,0.5207037318817047,13.071067811865476,,,2153.69,Z16_C1_T0.tif,1477.9057894736843,
866,,16_16,34.0,0.4678596948487089,18.48528137423857,,,2153.69,Z16_C1_T0.tif,946.3841176470589,
867,,16_17,21.0,0.0,13.65685424949238,,,2153.69,Z16_C1_T0.tif,425.92333333333346,
868,,16_18,21.0,0.0,13.65685424949238,,,2153.69,Z16_C1_T0.tif,2054.5899999999992,
869,,16_19,21.0,0.0,13.65685424949238,,,2153.69,Z16_C1_T0.tif,447.39952380952394,
870,,16_20,21.0,0.0,13.65685424949238,,,2153.69,Z16_C1_T0.tif,485.59000000000015,
871,,16_21,43.0,0.8459361291556716,23.31370849898476,,,2153.69,Z16_C1_T0.tif,1541.0086046511626,
872,,16_22,21.0,0.0,13.65685424949238,,,2153.69,Z16_C1_T0.tif,925.7804761904763,
873,,16_23,32.0,0.0,17.65685424949238,,,2153.69,Z16_C1_T0.tif,2312.43375,
874,,16_24,26.0,0.5440588203494177,15.65685424949238,,,2153.69,Z16_C1_T0.tif,65.20538461538476,
875,,16_25,25.0,0.7990884318633741,16.48528137423857,,,2153.69,Z16_C1_T0.tif,16925.63,
876,,17_1,34.0,0.7592792544063642,20.52081528017131,,,2153.69,Z17_C1_T0.tif,85.15999999999985,
877,,17_2,8.0,0.5773502691896258,7.65685424949238,,,2153.69,Z17_C1_T0.tif,412.78499999999985,
878,,17_3,21.0,0.0,13.65685424949238,,,2153.69,Z17_C1_T0.tif,581.398095238095,
879,,17_4,19.0,0.5207037318817047,13.071067811865476,,,2153.69,Z17_C1_T0.tif,164.5810526315788,
880,,17_5,38.0,0.8529595260660072,21.899494936611664,,,2153.69,Z17_C1_T0.tif,-216.94526315789489,
881,,17_6,20.0,0.7302967433402214,13.65685424949238,,,2153.69,Z17_C1_T0.tif,-345.34000000000015,
882,,17_7,28.0,0.1904761904761901,16.48528137423857,,,2153.69,Z17_C1_T0.tif,-251.84000000000015,
883,,17_8,26.0,0.5440588203494177,15.65685424949238,,,2153.69,Z17_C1_T0.tif,18.583076923076778,
884,,17_9,44.0,0.8204658080806242,20.48528137423857,,,2153.69,Z17_C1_T0.tif,538.8645454545454,
885,,17_10,28.0,0.7338539565650274,17.071067811865476,,,2153.69,Z17_C1_T0.tif,-105.62571428571444,
886,,17_11,89.0,0.762465214828925,45.21320343559643,,,2153.69,Z17_C1_T0.tif,473.73303370786505,
887,,17_12,67.0,0.7259752313580142,28.142135623730947,,,2153.69,Z17_C1_T0.tif,18665.86149253731,
888,,17_13,16.0,0.8696263565463043,12.828427124746192,,,2153.69,Z17_C1_T0.tif,16590.8475,
889,,17_14,36.0,0.5439056439097799,19.071067811865476,,,2153.69,Z17_C1_T0.tif,322.6322222222221,
890,,17_15,48.0,0.767922701861374,23.31370849898476,,,2153.69,Z17_C1_T0.tif,849.9516666666665,
891,,17_16,26.0,0.5440588203494177,15.65685424949238,,,2153.69,Z17_C1_T0.tif,1270.1984615384613,
892,,17_17,117.0,0.927439470247076,51.21320343559643,,,2153.69,Z17_C1_T0.tif,1008.5617094017094,
893,,17_18,45.0,0.5596540302118516,21.899494936611667,,,2153.69,Z17_C1_T0.tif,11640.959999999997,
894,,17_19,30.0,0.4509717590117593,17.071067811865476,,,2153.69,Z17_C1_T0.tif,1618.6266666666672,
895,,17_20,30.0,0.4509717590117594,17.071067811865476,,,2153.69,Z17_C1_T0.tif,498.2933333333332,
896,,17_21,32.0,0.0,17.65685424949238,,,2153.69,Z17_C1_T0.tif,667.8474999999999,
897,,17_22,54.0,0.8119307931958911,25.899494936611664,,,2153.69,Z17_C1_T0.tif,1366.6600000000003,
898,,17_23,30.0,0.4509717590117594,17.071067811865476,,,2153.69,Z17_C1_T0.tif,807.4933333333332,
899,,17_24,92.0,0.851761844766274,35.55634918610404,,,2153.69,Z17_C1_T0.tif,12871.573043478258,
900,,17_25,52.0,0.3789511595670073,23.899494936611664,,,2153.69,Z17_C1_T0.tif,1418.3907692307694,
901,,17_26,31.0,0.6933752452815365,17.65685424949238,,,2153.69,Z17_C1_T0.tif,50.159999999999854,
902,,17_27,16.0,0.5773502691896258,11.65685424949238,,,2153.69,Z17_C1_T0.tif,1307.2849999999999,
903,,17_28,12.0,0.0,9.65685424949238,,,2153.69,Z17_C1_T0.tif,-31.090000000000146,
904,,18_1,10.0,0.6164414002968978,9.071067811865476,,,2153.69,Z18_C1_T0.tif,743.7999999999998,
905,,18_2,10.0,0.6164414002968978,9.071067811865476,,,2153.69,Z18_C1_T0.tif,54.09999999999982,
906,,18_3,24.0,0.5849866175853744,15.071067811865476,,,2153.69,Z18_C1_T0.tif,417.4916666666665,
907,,18_4,21.0,0.0,13.65685424949238,,,2153.69,Z18_C1_T0.tif,151.9857142857141,
908,,18_5,16.0,0.5773502691896258,11.65685424949238,,,2153.69,Z18_C1_T0.tif,174.44999999999982,
909,,18_6,16.0,0.5773502691896258,11.65685424949238,,,2153.69,Z18_C1_T0.tif,-283.7375000000002,
910,,18_7,16.0,0.5773502691896258,11.65685424949238,,,2153.69,Z18_C1_T0.tif,-306.2375000000002,
911,,18_8,29.0,0.8318687724918054,19.31370849898476,,,2153.69,Z18_C1_T0.tif,935.3551724137931,
912,,18_9,38.0,0.712399574667691,20.48528137423857,,,2153.69,Z18_C1_T0.tif,207.56842105263152,
913,,18_10,56.0,0.9191892011952145,32.142135623730944,,,2153.69,Z18_C1_T0.tif,461.68214285714265,
914,,18_11,61.0,0.7205709169532606,26.72792206135785,,,2153.69,Z18_C1_T0.tif,20799.962295081965,
915,,18_12,13.0,0.8064425896179158,10.82842712474619,,,2153.69,Z18_C1_T0.tif,17422.392307692313,
916,,18_13,29.0,0.6943207788666134,17.071067811865476,,,2153.69,Z18_C1_T0.tif,11936.182758620693,
917,,18_14,32.0,0.0,17.65685424949238,,,2153.69,Z18_C1_T0.tif,251.26249999999982,
918,,18_15,30.0,0.6469425812128989,15.899494936611665,,,2153.69,Z18_C1_T0.tif,1033.7666666666667,
919,,18_16,26.0,0.5440588203494177,15.65685424949238,,,2153.69,Z18_C1_T0.tif,1298.0461538461536,
920,,18_17,16.0,0.5773502691896258,11.65685424949238,,,2153.69,Z18_C1_T0.tif,439.4499999999998,
921,,18_18,60.0,0.7720427684594949,27.899494936611664,,,2153.69,Z18_C1_T0.tif,1141.5333333333328,
922,,18_19,29.0,0.6943207788666131,17.071067811865476,,,2153.69,Z18_C1_T0.tif,408.9413793103448,
923,,18_20,46.0,0.6517973804514567,22.48528137423857,,,2153.69,Z18_C1_T0.tif,13471.504347826081,
924,,18_21,12.0,0.0,9.65685424949238,,,2153.69,Z18_C1_T0.tif,1266.45,
925,,18_22,26.0,0.5440588203494177,15.65685424949238,,,2153.69,Z18_C1_T0.tif,448.3153846153845,
926,,18_23,12.0,0.0,9.65685424949238,,,2153.69,Z18_C1_T0.tif,678.3666666666664,
927,,18_24,45.0,0.7692776155211739,22.48528137423857,,,2153.69,Z18_C1_T0.tif,1072.2111111111105,
928,,18_25,16.0,0.5773502691896258,11.65685424949238,,,2153.69,Z18_C1_T0.tif,852.0124999999998,
929,,18_26,34.0,0.7709858622576776,19.071067811865476,,,2153.69,Z18_C1_T0.tif,1355.4352941176467,
930,,18_27,72.0,0.8061332570048287,30.727922061357855,,,2153.69,Z18_C1_T0.tif,13123.477777777776,
931,,18_28,26.0,0.5440588203494177,15.65685424949238,,,2153.69,Z18_C1_T0.tif,1427.3153846153841,
932,,18_29,21.0,0.0,13.65685424949238,,,2153.69,Z18_C1_T0.tif,83.60476190476172,
933,,19_1,27.0,0.882966777165466,18.485281374238568,,,2153.69,Z19_C1_T0.tif,-553.615925925926,
934,,19_2,29.0,0.5162451143930841,17.071067811865476,,,2153.69,Z19_C1_T0.tif,268.82724137931024,
935,,19_3,12.0,0.0,9.65685424949238,,,2153.69,Z19_C1_T0.tif,431.39333333333315,
936,,19_4,8.0,0.5773502691896258,7.65685424949238,,,2153.69,Z19_C1_T0.tif,147.30999999999995,
937,,19_5,20.0,0.6376509859489177,11.899494936611665,,,2153.69,Z19_C1_T0.tif,-338.14000000000016,
938,,19_6,19.0,0.5207037318817047,13.071067811865476,,,2153.69,Z19_C1_T0.tif,1315.5205263157895,
939,,19_7,31.0,0.6933752452815365,17.65685424949238,,,2153.69,Z19_C1_T0.tif,494.11645161290335,
940,,19_8,30.0,0.4509717590117594,17.071067811865476,,,2153.69,Z19_C1_T0.tif,456.07666666666654,
941,,19_9,65.0,0.7661743876633784,28.142135623730947,,,2153.69,Z19_C1_T0.tif,17277.940769230772,
942,,19_10,6.0,0.8703882797784891,6.414213562373095,,,2153.69,Z19_C1_T0.tif,16803.143333333333,
943,,19_11,46.0,0.864063848822313,23.65685424949238,,,2153.69,Z19_C1_T0.tif,12940.831739130443,
944,,19_12,16.0,0.5773502691896258,11.65685424949238,,,2153.69,Z19_C1_T0.tif,1262.56,
945,,19_13,30.0,0.4509717590117594,17.071067811865476,,,2153.69,Z19_C1_T0.tif,234.04333333333318,
946,,19_14,21.0,0.0,13.65685424949238,,,2153.69,Z19_C1_T0.tif,1131.024285714286,
947,,19_15,21.0,0.0,13.65685424949238,,,2153.69,Z19_C1_T0.tif,623.9290476190474,
948,,19_16,38.0,0.511237358145545,19.65685424949238,,,2153.69,Z19_C1_T0.tif,1030.020526315789,
949,,19_17,51.0,0.6642463385448304,23.899494936611667,,,2153.69,Z19_C1_T0.tif,12798.349215686278,
950,,19_18,12.0,0.0,9.65685424949238,,,2153.69,Z19_C1_T0.tif,10329.893333333332,
951,,19_19,14.0,0.6292889820590859,11.071067811865474,,,2153.69,Z19_C1_T0.tif,514.1671428571426,
952,,19_20,16.0,0.5773502691896258,11.65685424949238,,,2153.69,Z19_C1_T0.tif,1160.185,
953,,19_21,33.0,0.791741903362808,19.071067811865476,,,2153.69,Z19_C1_T0.tif,13570.037272727272,
954,,19_22,32.0,0.0,17.65685424949238,,,2153.69,Z19_C1_T0.tif,1396.185,
955,,19_23,26.0,0.5440588203494177,15.65685424949238,,,2153.69,Z19_C1_T0.tif,82.77153846153841,
